sku,rev,ord,rev_rank,ord_rank,low_rotation_flag,dead_flag
AN201-RED-M,458.0,2,6809.0,5959.0,0,0
AN201-RED-XL,602.0,2,6542.5,5959.0,0,0
AN201-RED-XXL,229.0,1,7176.5,6746.5,0,1
AN202-ORANGE-M,530.0,2,6660.0,5959.0,0,0
AN202-ORANGE-S,1141.0,4,5748.5,4820.5,0,0
AN202-ORANGE-XXL,229.0,1,7176.5,6746.5,0,1
AN203-MAROON-XXL,301.0,1,7101.5,6746.5,0,1
AN204-PURPLE-L,1569.34,5,5285.0,4401.5,0,0
AN204-PURPLE-M,322.0,1,7032.0,6746.5,0,1
AN204-PURPLE-S,322.0,1,7032.0,6746.5,0,1
AN204-PURPLE-XL,306.67,1,7072.0,6746.5,0,1
AN204-PURPLE-XXL,644.0,2,6430.0,5959.0,0,0
AN205-YELLOW-S,723.0,3,6313.5,5335.5,0,0
AN205-YELLOW-XL,903.0,3,6075.0,5335.5,0,0
AN205-YELLOW-XXL,301.0,1,7101.5,6746.5,0,1
AN206-GREEN-M,249.0,1,7171.5,6746.5,0,1
AN206-GREEN-S,301.0,1,7101.5,6746.5,0,1
AN206-GREEN-XL,301.0,1,7101.5,6746.5,0,1
AN207-PINK-L,322.0,1,7032.0,6746.5,0,1
AN207-PINK-S,322.0,1,7032.0,6746.5,0,1
AN207-PINK-XXL,322.0,1,7032.0,6746.5,0,1
AN208-MUSTARD-L,301.0,1,7101.5,6746.5,0,1
AN208-MUSTARD-M,229.0,1,7176.5,6746.5,0,1
AN208-MUSTARD-S,834.0,2,6195.0,5959.0,0,0
AN208-MUSTARD-XL,530.0,2,6660.0,5959.0,0,0
AN208-MUSTARD-XXL,1058.1,4,5837.0,4820.5,0,0
AN209-BIEGE-XL,1373.0,5,5487.0,4401.5,0,0
AN209-BIEGE-XXL,229.0,1,7176.5,6746.5,0,1
AN210-NAVY-M,286.67,1,7142.5,6746.5,0,1
AN210-NAVY-XL,301.0,1,7101.5,6746.5,0,1
AN211-BLACK-L,1806.0,5,5054.0,4401.5,0,0
AN211-BLACK-S,903.0,3,6075.0,5335.5,0,0
AN211-BLACK-XL,301.0,1,7101.5,6746.5,0,1
AN211-BLACK-XXL,1204.0,3,5657.0,5335.5,0,0
AN212-WHITE-L,322.0,1,7032.0,6746.5,0,1
AN212-WHITE-M,312.0,1,7066.5,6746.5,0,1
AN212-WHITE-S,312.0,1,7066.5,6746.5,0,1
AN212-WHITE-XL,644.0,2,6430.0,5959.0,0,0
AN212-WHITE-XXL,322.0,1,7032.0,6746.5,0,1
AN213-BROWN-L,1490.67,5,5363.0,4401.5,0,0
AN213-BROWN-M,587.67,2,6569.0,5959.0,0,0
AN213-BROWN-S,2264.0,8,4694.0,3433.0,1,0
AN213-BROWN-XL,301.0,1,7101.5,6746.5,0,1
BL001-50PINK,419.0,1,6869.5,6746.5,0,1
BL003-50BLACK,1443.0,3,5436.0,5335.5,0,0
BL003-50BLACK-B,2906.05,7,4239.0,3717.5,0,0
BL004-50CHIKU-B,419.0,1,6869.5,6746.5,0,1
BL006-54BLACK,3292.76,8,4009.0,3433.0,1,0
BL006-54BLACK-B,383.0,1,6912.0,6746.5,0,1
BL007-61PINK-B,1017.0,3,5904.0,5335.5,0,0
BL008-61RED-B,678.0,2,6368.5,5959.0,0,0
BL009-61BLACK,1705.0,3,5151.0,5335.5,0,0
BL009-61BLACK-B,5587.86,16,3024.0,2039.0,0,0
BL010-61CHIKU-B,838.0,2,6186.5,5959.0,0,0
BL011-62PINK-B,372.0,1,6934.5,6746.5,0,1
BL013-62BLACK,5332.0,13,3111.0,2460.0,0,0
BL015-63PINK,758.0,2,6283.0,5959.0,0,0
BL016-63RED-B,385.0,1,6906.0,6746.5,0,1
BL017-63BLACK,984.0,2,5960.5,5959.0,0,0
BL017-63BLACK-B,379.0,1,6923.0,6746.5,0,1
BL019-71PINK,837.0,2,6190.5,5959.0,0,0
BL019-71PINK-B,1236.1,3,5630.0,5335.5,0,0
BL020-71RED,605.0,1,6512.5,6746.5,0,1
BL020-71RED-B,419.0,1,6869.5,6746.5,0,1
BL021-71BLACK,20375.0,45,1039.0,637.0,0,0
BL021-71BLACK-B,1237.05,3,5629.0,5335.5,0,0
BL022-71BEIGE,2094.0,4,4818.5,4820.5,0,0
BL023-74PINK-B,383.0,1,6912.0,6746.5,0,1
BL024-74RED,383.0,1,6912.0,6746.5,0,1
BL024-74RED-B,771.0,2,6266.0,5959.0,0,0
BL025-74BLACK,388.0,1,6903.0,6746.5,0,1
BL025-74BLACK-B,1920.0,5,4976.5,4401.5,0,0
BL026-74BEIGE,383.0,1,6912.0,6746.5,0,1
BL026-74BEIGE-B,766.0,2,6273.0,5959.0,0,0
BL029-78BLACK,818.05,2,6222.0,5959.0,0,0
BL029-78BLACK-B,1676.0,4,5176.5,4820.5,0,0
BL035-161GOLD,8110.0,19,2349.0,1731.0,0,0
BL036-176GOLD,4561.2,11,3402.0,2774.0,0,0
BL041-65RED-A,2299.76,6,4669.0,4040.0,0,0
BL050-83RED-A,379.0,1,6923.0,6746.5,0,1
BL053-153GOLD-A,764.0,2,6275.0,5959.0,0,0
BL055-164GOLD-A,758.0,2,6283.0,5959.0,0,0
BL056-185GOLD,383.0,1,6912.0,6746.5,0,1
BL057-65BLACK-A,7186.18,18,2554.0,1819.5,0,0
BL060-75RED,419.0,1,6869.5,6746.5,0,1
BL073-85BLACK,429.0,1,6848.5,6746.5,0,1
BL074-85RED,429.0,1,6848.5,6746.5,0,1
BL075-85CHIKU,436.0,1,6837.0,6746.5,0,1
BL079-87RED,865.0,2,6136.5,5959.0,0,0
BL085-S,460.0,1,6803.5,6746.5,0,1
BL086-XL,568.0,1,6604.5,6746.5,0,1
BL086-XXL,568.0,2,6604.5,5959.0,0,0
BL087-L,647.0,1,6420.5,6746.5,0,0
BL087-M,1419.0,3,5457.5,5335.5,0,0
BL087-S,647.0,1,6420.5,6746.5,0,0
BL087-XS,920.0,2,6054.0,5959.0,0,0
BL087-XXL,920.0,2,6054.0,5959.0,0,0
BL089-M,301.0,1,7101.5,6746.5,0,1
BL089-XS,301.0,1,7101.5,6746.5,0,1
BL089-XXL,273.0,1,7153.5,6746.5,0,1
BL090-M,1419.0,3,5457.5,5335.5,0,0
BL090-S,499.0,2,6732.0,5959.0,0,0
BL090-XS,0.0,1,7187.5,6746.5,0,1
BL090-XXL,460.0,1,6803.5,6746.5,0,1
BL091-XL,605.0,1,6512.5,6746.5,0,1
BL093-M,301.0,1,7101.5,6746.5,0,1
BL093-S,273.0,1,7153.5,6746.5,0,1
BL095-M,460.0,1,6803.5,6746.5,0,1
BL095-XL,460.0,1,6803.5,6746.5,0,1
BL096-S,229.0,1,7176.5,6746.5,0,1
BL096-XL,301.0,1,7101.5,6746.5,0,1
BL098-M,372.0,1,6934.5,6746.5,0,1
BL098-S,2181.0,6,4756.5,4040.0,0,0
BL098-XL,602.0,2,6542.5,5959.0,0,0
BL098-XS,419.0,1,6869.5,6746.5,0,1
BL098-XXL,1207.0,3,5652.0,5335.5,0,0
BL099-L,560.0,2,6625.0,5959.0,0,0
BL099-S,777.0,3,6252.5,5335.5,0,0
BL099-XS,259.0,1,7168.0,6746.5,0,1
BL100-M,259.0,1,7168.0,6746.5,0,1
BL100-S,777.0,3,6252.5,5335.5,0,0
BL100-XL,560.0,2,6625.0,5959.0,0,0
BL100-XXL,1210.0,2,5648.5,5959.0,0,0
BL101-M,498.0,2,6743.0,5959.0,0,0
BL101-S,498.0,2,6743.0,5959.0,0,0
BL101-XS,498.0,2,6743.0,5959.0,0,0
BL101-XXL,249.0,1,7171.5,6746.5,0,1
BL102-L,518.0,2,6690.5,5959.0,0,0
BL102-M,1036.0,4,5874.5,4820.5,0,0
BL102-S,518.0,2,6690.5,5959.0,0,0
BL102-XS,259.0,1,7168.0,6746.5,0,1
BL103-L,2417.0,5,4585.5,4401.5,0,0
BL103-M,499.0,1,6732.0,6746.5,0,1
BL103-S,2462.1,5,4545.0,4401.5,0,0
BL103-XL,4779.0,9,3321.5,3188.5,0,0
BL103-XS,2423.1,5,4576.0,4401.5,0,0
BL103-XXL,4678.0,10,3358.0,2967.0,0,0
BL104-L,6045.62,12,2856.0,2615.5,0,0
BL104-M,1720.0,3,5135.5,5335.5,0,0
BL104-S,3599.0,7,3821.5,3717.5,0,0
BL104-XL,973.33,2,5997.0,5959.0,0,0
BL104-XS,493.0,1,6753.5,6746.5,0,1
BL104-XXL,2008.0,4,4892.5,4820.5,0,0
BL107-M,642.33,2,6436.5,5959.0,0,0
BL107-S,967.0,3,6003.0,5335.5,0,0
BL107-XL,319.0,1,7043.0,6746.5,0,1
BL107-XS,959.0,3,6011.0,5335.5,0,0
BL107-XXL,311.0,1,7068.5,6746.5,0,1
BL109-L,4125.0,8,3578.0,3433.0,0,0
BL109-M,4817.0,9,3307.0,3188.5,0,0
BL109-S,487.0,1,6766.0,6746.5,0,1
BL109-XL,1852.0,3,5025.0,5335.5,0,0
BL109-XS,1036.0,2,5874.5,5959.0,0,0
BL109-XXL,3133.0,6,4094.0,4040.0,0,0
BL110-L,4380.62,13,3470.0,2460.0,0,0
BL110-M,682.0,2,6363.0,5959.0,0,0
BL110-S,1643.0,5,5200.5,4401.5,0,0
BL110-XL,658.0,2,6398.5,5959.0,0,0
BL110-XS,934.0,2,6042.0,5959.0,0,0
BL110-XXL,646.33,2,6423.0,5959.0,0,0
BL111-L,1141.0,4,5748.5,4820.5,0,0
BL111-M,602.0,2,6542.5,5959.0,0,0
BL111-S,840.0,3,6183.0,5335.5,0,0
BL111-XL,301.0,1,7101.5,6746.5,0,1
BL111-XS,602.0,2,6542.5,5959.0,0,0
BL113-L,1449.0,4,5427.5,4820.5,0,0
BL113-M,1098.0,3,5799.0,5335.5,0,0
BL113-S,1479.0,4,5378.0,4820.5,0,0
BL113-XL,3563.0,7,3850.0,3717.5,0,0
BL113-XS,1972.0,4,4924.0,4820.5,0,0
BL113-XXL,1479.0,3,5378.0,5335.5,0,0
BTM002-B-L,518.0,1,6690.5,6746.5,0,1
BTM002-B-M,2801.0,5,4307.0,4401.5,0,0
BTM002-B-XL,518.0,1,6690.5,6746.5,0,1
BTM002-B-XXL,2420.0,4,4582.5,4820.5,0,0
BTM002-B-XXXL,518.0,1,6690.5,6746.5,0,1
BTM002-L,518.0,1,6690.5,6746.5,0,1
BTM002-S,1036.0,2,5874.5,5959.0,0,0
BTM002-XL,1036.0,2,5874.5,5959.0,0,0
BTM002-XXXL,518.0,1,6690.5,6746.5,0,1
BTM003-B-L,0.0,1,7187.5,6746.5,0,1
BTM003-B-XXXL,518.0,1,6690.5,6746.5,0,1
BTM003-M,518.0,1,6690.5,6746.5,0,1
BTM003-XXXL,518.0,1,6690.5,6746.5,0,1
BTM004-XXXL,349.0,1,6967.0,6746.5,0,1
BTM005-B-L,518.0,1,6690.5,6746.5,0,1
BTM005-L,518.0,1,6690.5,6746.5,0,1
BTM005-XXL,518.0,1,6690.5,6746.5,0,1
BTM005-XXXL,518.0,1,6690.5,6746.5,0,1
BTM008-B-L,1036.0,2,5874.5,5959.0,0,0
BTM008-B-M,1036.0,2,5874.5,5959.0,0,0
BTM008-B-XXL,1036.0,2,5874.5,5959.0,0,0
BTM008-L,518.0,1,6690.5,6746.5,0,1
BTM008-XL,1036.0,2,5874.5,5959.0,0,0
BTM008-XXL,1036.0,2,5874.5,5959.0,0,0
BTM008-XXXL,518.0,1,6690.5,6746.5,0,1
BTM021-B-L,518.0,1,6690.5,6746.5,0,1
BTM021-B-XS,518.0,2,6690.5,5959.0,0,0
BTM021-B-XXL,518.0,1,6690.5,6746.5,0,1
BTM021-B-XXXL,518.0,1,6690.5,6746.5,0,1
BTM026-NP-L,1036.0,2,5874.5,5959.0,0,0
BTM026-NP-M,518.0,2,6690.5,5959.0,0,0
BTM026-NP-S,518.0,1,6690.5,6746.5,0,1
BTM026-NP-XL,1036.0,2,5874.5,5959.0,0,0
BTM026-NP-XS,518.0,1,6690.5,6746.5,0,1
BTM026-NP-XXL,729.0,1,6310.5,6746.5,0,0
BTM026-NP-XXXL,1036.0,2,5874.5,5959.0,0,0
BTM027-NP-L,493.34,1,6751.0,6746.5,0,1
BTM027-NP-XXL,518.0,1,6690.5,6746.5,0,1
BTM027-NP-XXXL,1554.0,3,5304.0,5335.5,0,0
BTM029-NP-L,1036.0,2,5874.5,5959.0,0,0
BTM029-NP-M,1641.0,3,5203.5,5335.5,0,0
BTM029-NP-S,1554.0,3,5304.0,5335.5,0,0
BTM029-NP-XL,2047.33,4,4867.0,4820.5,0,0
BTM029-NP-XS,518.0,1,6690.5,6746.5,0,1
BTM029-NP-XXL,1554.0,3,5304.0,5335.5,0,0
BTM029-NP-XXXL,1036.0,2,5874.5,5959.0,0,0
BTM030-NP-M,284.0,1,7145.5,6746.5,0,1
BTM030-NP-S,605.0,1,6512.5,6746.5,0,1
BTM030-NP-XL,301.0,1,7101.5,6746.5,0,1
BTM030-NP-XS,1420.0,5,5455.5,4401.5,0,0
BTM030-NP-XXL,554.48,2,6629.0,5959.0,0,0
BTM030-NP-XXXL,1488.0,5,5366.5,4401.5,0,0
BTM031-NP-L,2072.0,4,4838.0,4820.5,0,0
BTM031-NP-M,1123.0,2,5775.0,5959.0,0,0
BTM031-NP-XL,2590.0,5,4454.5,4401.5,0,0
BTM031-NP-XS,518.0,1,6690.5,6746.5,0,1
BTM031-NP-XXL,518.0,1,6690.5,6746.5,0,1
BTM032-NP-M,286.67,1,7142.5,6746.5,0,1
BTM032-NP-S,3652.0,10,3803.0,2967.0,1,0
BTM032-NP-XS,594.0,2,6563.5,5959.0,0,0
BTM033-NP-XS,297.0,1,7136.0,6746.5,0,1
BTM033-NP-XXL,297.0,1,7136.0,6746.5,0,1
BTM033-NP-XXXL,899.0,3,6086.0,5335.5,0,0
BTM035-NP-XS,568.0,2,6604.5,5959.0,0,0
BTM035-NP-XXXL,903.0,3,6075.0,5335.5,0,0
BTM036-PP-L,1097.0,3,5801.0,5335.5,0,0
BTM036-PP-M,360.0,1,6954.0,6746.5,0,1
BTM036-PP-S,737.0,2,6304.0,5959.0,0,0
BTM036-PP-XL,786.0,2,6247.0,5959.0,0,0
BTM036-PP-XXL,1787.0,5,5077.0,4401.5,0,0
BTM036-PP-XXXL,1422.86,4,5452.5,4820.5,0,0
BTM037-PP-M,345.0,1,6977.5,6746.5,0,1
BTM037-PP-S,345.0,1,6977.5,6746.5,0,1
BTM037-PP-XL,1050.0,3,5846.0,5335.5,0,0
BTM037-PP-XS,360.0,1,6954.0,6746.5,0,1
BTM037-PP-XXL,345.0,1,6977.5,6746.5,0,1
BTM037-PP-XXXL,1047.86,3,5852.0,5335.5,0,0
BTM038-PP-L,1116.0,3,5782.0,5335.5,0,0
BTM038-PP-S,2989.9,8,4187.0,3433.0,1,0
BTM038-PP-XS,360.0,1,6954.0,6746.5,0,1
BTM038-PP-XXL,1326.86,3,5538.0,5335.5,0,0
BTM038-PP-XXXL,2610.05,7,4432.0,3717.5,0,0
BTM039-PP-L,2142.86,5,4781.5,4401.5,0,0
BTM039-PP-M,2828.58,7,4293.0,3717.5,0,0
BTM039-PP-S,2142.86,6,4781.5,4040.0,0,0
BTM039-PP-XL,2451.44,5,4553.0,4401.5,0,0
BTM039-PP-XS,1045.72,2,5856.0,5959.0,0,0
BTM039-PP-XXL,720.0,1,6316.5,6746.5,0,0
BTM039-PP-XXXL,2862.86,8,4267.0,3433.0,1,0
BTM040-PP-M,331.0,1,6996.5,6746.5,0,1
BTM040-PP-S,749.0,2,6295.5,5959.0,0,0
BTM040-PP-XL,701.0,2,6329.0,5959.0,0,0
BTM040-PP-XS,950.0,2,6024.0,5959.0,0,0
BTM040-PP-XXL,1377.0,4,5482.5,4820.5,0,0
BTM040-PP-XXXL,1035.0,3,5885.0,5335.5,0,0
BTM041-PP-L,0.0,2,7187.5,5959.0,0,0
BTM041-PP-S,345.0,1,6977.5,6746.5,0,1
BTM041-PP-XL,1308.24,4,5551.0,4820.5,0,0
BTM041-PP-XS,345.0,1,6977.5,6746.5,0,1
BTM041-PP-XXL,690.0,2,6349.5,5959.0,0,0
BTM041-PP-XXXL,1352.0,4,5509.5,4820.5,0,0
BTM042-PP-L,2214.0,6,4725.0,4040.0,0,0
BTM042-PP-M,963.0,3,6005.0,5335.5,0,0
BTM042-PP-S,317.0,1,7061.0,6746.5,0,1
BTM042-PP-XL,674.0,3,6377.5,5335.5,0,0
BTM042-PP-XS,658.0,2,6398.5,5959.0,0,0
BTM042-PP-XXL,329.0,1,7011.0,6746.5,0,1
BTM042-PP-XXXL,646.0,2,6425.5,5959.0,0,0
BTM043-PP-S,1361.0,3,5502.5,5335.5,0,0
BTM043-PP-XL,1721.95,4,5131.0,4820.5,0,0
BTM043-PP-XS,377.0,1,6927.5,6746.5,0,1
BTM043-PP-XXL,2117.0,5,4801.0,4401.5,0,0
BTM043-PP-XXXL,379.0,1,6923.0,6746.5,0,1
BTM044-PP-M,1080.0,3,5817.5,5335.5,0,0
BTM044-PP-XL,377.0,1,6927.5,6746.5,0,1
BTM044-PP-XS,360.0,1,6954.0,6746.5,0,1
BTM044-PP-XXL,1570.0,3,5284.0,5335.5,0,0
BTM044-PP-XXXL,720.0,2,6316.5,5959.0,0,0
BTM045-PP-M,331.0,1,6996.5,6746.5,0,1
BTM045-PP-XL,2028.0,6,4882.0,4040.0,0,0
BTM045-PP-XXL,690.0,2,6349.5,5959.0,0,0
BTM045-PP-XXXL,676.0,2,6372.5,5959.0,0,0
BTM046-PP-M,605.0,2,6512.5,5959.0,0,0
BTM046-PP-XL,369.0,2,6937.5,5959.0,0,0
BTM047-PP-L,691.0,2,6343.0,5959.0,0,0
BTM047-PP-M,331.0,1,6996.5,6746.5,0,1
BTM047-PP-S,690.0,2,6349.5,5959.0,0,0
BTM047-PP-XS,345.0,1,6977.5,6746.5,0,1
BTM047-PP-XXL,676.0,3,6372.5,5335.5,0,0
BTM047-PP-XXXL,345.0,1,6977.5,6746.5,0,1
BTM048-PP-L,356.0,2,6962.0,5959.0,0,0
BTM048-PP-M,676.0,2,6372.5,5959.0,0,0
BTM048-PP-XS,345.0,1,6977.5,6746.5,0,1
BTM048-PP-XXL,1267.0,3,5594.0,5335.5,0,0
BTM048-PP-XXXL,345.0,1,6977.5,6746.5,0,1
CH201-RED-M,602.0,2,6542.5,5959.0,0,0
CH202-ORANGE-L,574.0,2,6597.0,5959.0,0,0
CH202-ORANGE-XXL,301.0,1,7101.5,6746.5,0,1
CH203-MAROON-L,546.0,2,6635.5,5959.0,0,0
CH203-MAROON-S,301.0,1,7101.5,6746.5,0,1
CH204-PURPLE-L,284.0,1,7145.5,6746.5,0,1
CH204-PURPLE-M,585.0,2,6573.0,5959.0,0,0
CH204-PURPLE-S,284.0,1,7145.5,6746.5,0,1
CH205-YELLOW-S,273.0,2,7153.5,5959.0,0,0
CH205-YELLOW-XL,618.0,2,6482.0,5959.0,0,0
CH205-YELLOW-XXL,891.0,3,6101.5,5335.5,0,0
CH206-GREEN-M,301.0,1,7101.5,6746.5,0,1
CH206-GREEN-XXL,273.0,1,7153.5,6746.5,0,1
CH207-PINK-L,301.0,1,7101.5,6746.5,0,1
CH208-MUSTARD-L,847.0,3,6169.0,5335.5,0,0
CH208-MUSTARD-M,602.0,2,6542.5,5959.0,0,0
CH208-MUSTARD-S,301.0,1,7101.5,6746.5,0,1
CH208-MUSTARD-XXL,301.0,1,7101.5,6746.5,0,1
CH209-BIEGE-L,301.0,1,7101.5,6746.5,0,1
CH209-BIEGE-XL,273.0,1,7153.5,6746.5,0,1
CH213-BROWN-L,574.0,2,6597.0,5959.0,0,0
CH213-BROWN-M,273.0,1,7153.5,6746.5,0,1
CH213-BROWN-S,301.0,2,7101.5,5959.0,0,0
DPT032,305.0,1,7075.0,6746.5,0,1
DPT041,305.0,1,7075.0,6746.5,0,1
DPT052,305.0,1,7075.0,6746.5,0,1
J0001-DR-L,2727.14,4,4357.0,4820.5,0,0
J0001-DR-M,1380.0,2,5478.5,5959.0,0,0
J0001-DR-S,5520.0,8,3045.5,3433.0,0,0
J0001-DR-XL,2070.0,3,4843.5,5335.5,0,0
J0001-DR-XS,2760.0,4,4334.0,4820.5,0,0
J0001-DR-XXL,690.0,1,6349.5,6746.5,0,0
J0001-DR-XXXL,7423.0,11,2497.0,2774.0,0,0
J0002-SKD-L,50188.0,47,303.0,601.0,0,0
J0002-SKD-M,63579.08,60,204.0,411.5,0,0
J0002-SKD-S,41319.54,41,409.0,718.0,0,0
J0002-SKD-XL,68355.08,63,183.0,384.0,0,0
J0002-SKD-XS,30760.0,29,617.0,1109.0,0,0
J0002-SKD-XXL,47734.86,44,333.0,657.0,0,0
J0002-SKD-XXXL,57292.62,52,237.0,526.5,0,0
J0003-SET-L,88891.6,136,108.0,113.5,0,0
J0003-SET-M,183928.52,282,25.0,24.0,0,0
J0003-SET-S,214761.79,332,21.0,17.0,0,0
J0003-SET-XL,114665.22,170,62.0,69.0,0,0
J0003-SET-XS,165599.62,251,31.0,28.0,0,0
J0003-SET-XXL,138199.12,214,42.0,38.0,0,0
J0003-SET-XXXL,153459.88,235,34.0,32.0,0,0
J0004-SKD-L,36060.0,35,492.0,881.0,0,0
J0004-SKD-M,33130.0,31,569.0,1019.5,0,0
J0004-SKD-S,19038.0,18,1116.0,1819.5,0,0
J0004-SKD-XL,33503.0,31,560.0,1019.5,0,0
J0004-SKD-XS,8172.0,7,2336.0,3717.5,0,0
J0004-SKD-XXL,33284.0,30,566.0,1061.0,0,0
J0004-SKD-XXXL,42222.0,38,396.0,786.5,0,0
J0005-DR-B-M,2697.0,3,4370.0,5335.5,0,0
J0005-DR-L,63948.53,71,203.0,314.5,0,0
J0005-DR-M,10989.76,12,1859.0,2615.5,0,0
J0005-DR-S,68682.57,77,179.0,277.0,0,0
J0005-DR-XL,49341.59,56,310.0,460.0,0,0
J0005-DR-XS,31171.75,33,611.0,945.5,0,0
J0005-DR-XXL,34802.77,39,527.0,761.5,0,0
J0005-DR-XXXL,48192.76,54,324.0,489.5,0,0
J0006-SET-L,51362.34,62,286.0,393.5,0,0
J0006-SET-M,76097.95,91,145.0,213.5,0,0
J0006-SET-S,52642.04,64,276.0,374.0,0,0
J0006-SET-XL,55095.48,68,254.0,337.0,0,0
J0006-SET-XS,16007.0,19,1343.0,1731.0,0,0
J0006-SET-XXL,34915.76,44,524.0,657.0,0,0
J0006-SET-XXXL,41111.0,49,413.0,570.0,0,0
J0007-SKD-L,13710.0,16,1534.0,2039.0,0,0
J0007-SKD-M,21333.78,20,994.0,1651.5,0,0
J0007-SKD-S,10753.89,10,1898.0,2967.0,0,0
J0007-SKD-XL,30000.0,28,650.0,1147.0,0,0
J0007-SKD-XS,6682.0,7,2677.0,3717.5,0,0
J0007-SKD-XXL,15955.0,17,1349.0,1923.5,0,0
J0007-SKD-XXXL,20993.0,21,1009.0,1576.5,0,0
J0008-SKD-L,149970.0,143,36.0,99.5,0,0
J0008-SKD-M,184202.89,182,24.0,58.0,0,0
J0008-SKD-S,152094.25,145,35.0,97.0,0,0
J0008-SKD-XL,98473.0,97,85.0,197.5,0,0
J0008-SKD-XS,146420.82,141,38.0,102.0,0,0
J0008-SKD-XXL,75007.0,72,149.0,307.5,0,0
J0008-SKD-XXXL,53600.0,50,268.0,554.5,0,0
J0009-SKD-L,44986.0,57,363.0,447.0,0,0
J0009-SKD-M,41192.14,50,412.0,554.5,0,0
J0009-SKD-S,26297.0,30,781.0,1061.0,0,0
J0009-SKD-XL,31070.57,37,613.0,816.5,0,0
J0009-SKD-XS,12831.0,15,1632.0,2166.0,0,0
J0009-SKD-XXL,18610.0,24,1149.0,1377.5,0,0
J0009-SKD-XXXL,27862.14,34,717.0,912.5,0,0
J0010-LCD-L,19695.86,18,1073.0,1819.5,0,0
J0010-LCD-M,31997.43,31,589.0,1019.5,0,0
J0010-LCD-S,34435.44,37,537.0,816.5,0,0
J0010-LCD-XL,8322.0,8,2303.0,3433.0,0,0
J0010-LCD-XS,18565.43,20,1152.0,1651.5,0,0
J0010-LCD-XXL,8533.0,9,2272.0,3188.5,0,0
J0010-LCD-XXXL,17579.0,17,1226.0,1923.5,0,0
J0011-LCD-A-L,3390.0,2,3959.5,5959.0,0,0
J0011-LCD-M,51465.28,37,283.0,816.5,0,0
J0011-LCD-S,43455.78,29,383.0,1109.0,0,0
J0011-LCD-XL,20199.39,13,1047.0,2460.0,0,0
J0011-LCD-XS,24567.14,17,853.0,1923.5,0,0
J0011-LCD-XXL,13995.0,9,1509.0,3188.5,0,0
J0011-LCD-XXXL,16051.39,11,1337.0,2774.0,0,0
J0012-SKD-L,85211.0,77,118.0,277.0,0,0
J0012-SKD-M,76963.0,72,141.0,307.5,0,0
J0012-SKD-S,37230.0,33,476.0,945.5,0,0
J0012-SKD-XL,96193.0,87,94.0,226.5,0,0
J0012-SKD-XS,44613.0,42,366.0,698.0,0,0
J0012-SKD-XXL,78054.0,71,137.0,314.5,0,0
J0012-SKD-XXXL,57693.54,52,233.0,526.5,0,0
J0013-SKD-L,41942.11,42,399.0,698.0,0,0
J0013-SKD-M,41866.0,41,401.0,718.0,0,0
J0013-SKD-S,20585.0,20,1029.0,1651.5,0,0
J0013-SKD-XS,19237.52,19,1103.0,1731.0,0,0
J0013-SKD-XXL,35765.25,34,500.0,912.5,0,0
J0013-SKD-XXXL,35618.14,29,504.0,1109.0,0,0
J0014-LCD-L,13751.0,10,1529.0,2967.0,0,0
J0014-LCD-M,26466.0,21,774.0,1576.5,0,0
J0014-LCD-S,27059.11,18,757.0,1819.5,0,0
J0014-LCD-XL,8297.0,6,2311.0,4040.0,0,0
J0014-LCD-XS,19652.0,13,1075.0,2460.0,0,0
J0014-LCD-XXL,5549.0,4,3036.0,4820.5,0,0
J0014-LCD-XXXL,2847.0,2,4278.0,5959.0,0,0
J0015-DR-S,1132.0,2,5759.5,5959.0,0,0
J0015-DR-XS,1132.0,2,5759.5,5959.0,0,0
J0016-DR-XS,1250.0,3,5607.0,5335.5,0,0
J0019-SET-M,566.0,1,6609.5,6746.5,0,1
J0019-SET-S,587.0,1,6570.5,6746.5,0,1
J0019-SET-XS,1750.0,3,5105.0,5335.5,0,0
J0020-SET-XL,1694.0,3,5165.0,5335.5,0,0
J0020-SET-XS,1123.0,2,5775.0,5959.0,0,0
J0020-SET-XXL,1142.0,2,5747.0,5959.0,0,0
J0020-SET-XXXL,2229.0,4,4715.0,4820.5,0,0
J0021-TP-L,1253.0,3,5602.5,5335.5,0,0
J0021-TP-XXL,628.0,2,6462.0,5959.0,0,0
J0022-KR-XS,1054.0,2,5839.0,5959.0,0,0
J0023-TP-L,6506.0,16,2720.5,2039.0,0,0
J0023-TP-S,9325.0,21,2131.0,1576.5,0,0
J0023-TP-XL,1959.0,5,4934.0,4401.5,0,0
J0023-TP-XS,3929.0,9,3673.5,3188.5,1,0
J0023-TP-XXL,11924.0,30,1744.5,1061.0,0,0
J0023-TP-XXXL,5090.0,12,3205.0,2615.5,0,0
J0024-KR-M,321.0,1,7036.5,6746.5,0,1
J0024-KR-XL,979.0,3,5966.0,5335.5,0,0
J0024-KR-XXL,321.0,2,7036.5,5959.0,0,0
J0024-KR-XXXL,605.0,1,6512.5,6746.5,0,1
J0025-DR-M,1132.0,2,5759.5,5959.0,0,0
J0025-DR-S,14751.0,24,1439.0,1377.5,0,0
J0025-DR-XL,2560.0,4,4477.0,4820.5,0,0
J0025-DR-XS,13916.0,23,1514.0,1445.0,0,0
J0025-DR-XXL,8629.05,15,2250.0,2166.0,0,0
J0025-DR-XXXL,10360.1,18,1960.0,1819.5,0,0
J0026-KR-S,2226.0,7,4718.0,3717.5,0,0
J0026-KR-XS,620.86,2,6479.0,5959.0,0,0
J0027-SET-S,1250.0,2,5607.0,5959.0,0,0
J0027-SET-XS,3106.0,5,4105.0,4401.5,0,0
J0027-SET-XXL,0.0,1,7187.5,6746.5,0,1
J0028-KR-L,954.0,3,6016.0,5335.5,0,0
J0028-KR-S,645.0,2,6428.0,5959.0,0,0
J0028-KR-XS,954.0,3,6016.0,5335.5,0,0
J0029-KR-S,2070.0,6,4843.5,4040.0,0,0
J0029-KR-XS,1045.0,3,5857.0,5335.5,0,0
J0033-KR-L,2407.0,5,4597.0,4401.5,0,0
J0033-KR-M,425.0,1,6855.0,6746.5,0,1
J0033-KR-S,1596.0,5,5252.5,4401.5,0,0
J0033-KR-XL,824.0,2,6210.5,5959.0,0,0
J0033-KR-XS,2201.0,5,4737.0,4401.5,0,0
J0033-KR-XXL,2626.0,6,4426.0,4040.0,0,0
J0033-KR-XXXL,2774.0,7,4327.5,3717.5,0,0
J0034-SET-L,7148.0,10,2562.0,2967.0,0,0
J0034-SET-M,3585.0,5,3835.0,4401.5,0,0
J0034-SET-S,605.0,1,6512.5,6746.5,0,1
J0034-SET-XL,2894.0,4,4249.0,4820.5,0,0
J0034-SET-XS,743.0,1,6299.0,6746.5,0,0
J0034-SET-XXL,4190.0,6,3551.0,4040.0,0,0
J0034-SET-XXXL,3550.86,5,3855.0,4401.5,0,0
J0036-TP-XS,2559.62,6,4478.0,4040.0,0,0
J0037-KR-L,522.0,1,6669.5,6746.5,0,1
J0037-KR-XXL,1566.0,3,5289.0,5335.5,0,0
J0037-KR-XXXL,2088.0,4,4825.0,4820.5,0,0
J0038-DR-S,546.0,1,6635.5,6746.5,0,1
J0038-DR-XS,3250.0,6,4030.0,4040.0,0,0
J0038-DR-XXXL,1221.0,2,5639.0,5959.0,0,0
J0039-SET-S,1296.0,2,5563.5,5959.0,0,0
J0039-SET-XS,625.0,1,6469.0,6746.5,0,0
J0040-SET-XS,643.0,1,6433.5,6746.5,0,0
J0040-SET-XXXL,1279.38,2,5583.0,5959.0,0,0
J0041-SET-L,41301.67,62,410.0,393.5,0,0
J0041-SET-M,47931.19,74,329.0,298.0,0,0
J0041-SET-S,37842.66,60,465.0,411.5,0,0
J0041-SET-XL,53118.33,82,272.0,250.0,0,0
J0041-SET-XS,44221.33,69,371.0,328.5,0,0
J0041-SET-XXL,5251.0,8,3137.0,3433.0,0,0
J0041-SET-XXXL,4801.0,7,3311.5,3717.5,0,0
J0042-DR-L,657.0,2,6403.0,5959.0,0,0
J0042-DR-S,1291.0,2,5568.0,5959.0,0,0
J0042-DR-XL,634.0,1,6451.0,6746.5,0,0
J0042-DR-XS,634.0,1,6451.0,6746.5,0,0
J0043-SET-S,611.0,1,6490.5,6746.5,0,1
J0043-SET-XL,1246.0,2,5612.5,5959.0,0,0
J0043-SET-XS,3037.0,5,4151.5,4401.5,0,0
J0044-TP-S,1260.0,4,5597.5,4820.5,0,0
J0044-TP-XS,598.0,2,6558.5,5959.0,0,0
J0047-TP-XL,675.0,2,6376.0,5959.0,0,0
J0048-TP-S,1346.0,4,5516.0,4820.5,0,0
J0048-TP-XL,1350.0,4,5513.5,4820.5,0,0
J0048-TP-XS,1009.0,3,5911.0,5335.5,0,0
J0048-TP-XXL,2347.0,8,4631.0,3433.0,1,0
J0049-TP-L,642.0,2,6438.0,5959.0,0,0
J0049-TP-M,1568.71,4,5286.0,4820.5,0,0
J0049-TP-S,329.0,1,7011.0,6746.5,0,1
J0049-TP-XL,953.0,3,6019.0,5335.5,0,0
J0049-TP-XS,329.0,1,7011.0,6746.5,0,1
J0049-TP-XXL,1613.0,5,5238.5,4401.5,0,0
J0049-TP-XXXL,987.0,3,5955.5,5335.5,0,0
J0051-KR-S,1836.0,3,5036.0,5335.5,0,0
J0052-KR-XS,699.0,1,6333.5,6746.5,0,0
J0053-KR-XS,1104.0,2,5788.5,5959.0,0,0
J0055-SET-XS,3740.0,4,3762.0,4820.5,0,0
J0057-DR-S,475.0,1,6787.0,6746.5,0,1
J0057-DR-XS,4551.0,9,3407.0,3188.5,0,0
J0057-DR-XXXL,452.38,1,6818.0,6746.5,0,1
J0058-DR-XS,473.0,1,6793.0,6746.5,0,1
J0062-DR-L,475.0,1,6787.0,6746.5,0,1
J0062-DR-M,475.0,1,6787.0,6746.5,0,1
J0062-DR-S,1473.0,3,5389.0,5335.5,0,0
J0062-DR-XS,2651.0,5,4412.0,4401.5,0,0
J0062-DR-XXL,1473.0,3,5389.0,5335.5,0,0
J0070-KR-M,636.0,2,6447.0,5959.0,0,0
J0070-KR-S,318.0,1,7053.5,6746.5,0,1
J0070-KR-XS,923.0,2,6049.5,5959.0,0,0
J0070-KR-XXL,318.0,1,7053.5,6746.5,0,1
J0072-KR-L,318.0,1,7053.5,6746.5,0,1
J0072-KR-M,636.0,2,6447.0,5959.0,0,0
J0072-KR-S,954.0,3,6016.0,5335.5,0,0
J0072-KR-XL,1580.0,5,5275.5,4401.5,0,0
J0072-KR-XS,318.0,1,7053.5,6746.5,0,1
J0072-KR-XXL,318.0,1,7053.5,6746.5,0,1
J0072-KR-XXXL,318.0,1,7053.5,6746.5,0,1
J0073-KR-L,333.0,1,6992.5,6746.5,0,1
J0073-KR-M,1001.0,3,5920.0,5335.5,0,0
J0073-KR-S,605.0,1,6512.5,6746.5,0,1
J0073-KR-XL,1021.0,3,5902.0,5335.5,0,0
J0073-KR-XXL,979.0,3,5966.0,5335.5,0,0
J0073-KR-XXXL,1689.0,5,5169.5,4401.5,0,0
J0074-TP-L,294.0,1,7140.5,6746.5,0,1
J0074-TP-S,294.0,1,7140.5,6746.5,0,1
J0074-TP-XL,1255.0,3,5600.0,5335.5,0,0
J0074-TP-XS,301.0,1,7101.5,6746.5,0,1
J0074-TP-XXL,602.0,2,6542.5,5959.0,0,0
J0075-KR-M,363.0,1,6947.0,6746.5,0,1
J0075-KR-S,359.0,1,6959.5,6746.5,0,1
J0075-KR-XS,700.0,2,6330.0,5959.0,0,0
J0076-SET-S,468.0,1,6799.0,6746.5,0,1
J0077-SKD-L,4877.18,5,3286.0,4401.5,0,0
J0077-SKD-M,6246.64,6,2797.0,4040.0,0,0
J0077-SKD-S,15015.0,14,1416.0,2308.0,0,0
J0077-SKD-XL,1170.0,1,5724.0,6746.5,0,0
J0077-SKD-XS,13141.25,12,1593.0,2615.5,0,0
J0077-SKD-XXL,4020.0,4,3617.0,4820.5,0,0
J0077-SKD-XXXL,3427.0,3,3934.0,5335.5,0,0
J0078-SET-L,999.0,1,5926.0,6746.5,0,0
J0078-SET-M,1998.0,2,4898.5,5959.0,0,0
J0078-SET-S,4949.0,5,3261.0,4401.5,0,0
J0078-SET-XL,1923.0,2,4973.0,5959.0,0,0
J0078-SET-XXL,3208.0,4,4051.5,4820.5,0,0
J0078-SET-XXXL,1552.0,2,5308.0,5959.0,0,0
J0079-SKD-L,2915.82,2,4236.0,5959.0,0,0
J0079-SKD-S,3079.0,2,4118.0,5959.0,0,0
J0079-SKD-XL,1523.0,1,5333.0,6746.5,0,0
J0079-SKD-XXXL,5994.82,4,2871.0,4820.5,0,0
J0080-TP-L,474.11,1,6791.0,6746.5,0,1
J0080-TP-S,4763.0,8,3325.0,3433.0,0,0
J0080-TP-XS,13245.0,23,1577.0,1445.0,0,0
J0080-TP-XXL,1209.0,2,5651.0,5959.0,0,0
J0081-DR-L,4606.0,7,3384.5,3717.5,0,0
J0081-DR-M,5890.67,9,2916.0,3188.5,0,0
J0081-DR-S,2632.0,4,4422.5,4820.5,0,0
J0081-DR-XL,6697.01,11,2672.0,2774.0,0,0
J0081-DR-XS,1478.0,2,5380.0,5959.0,0,0
J0081-DR-XXL,5922.0,9,2901.0,3188.5,0,0
J0081-DR-XXXL,2612.0,4,4430.0,4820.5,0,0
J0082-TP-L,720.0,2,6316.5,5959.0,0,0
J0082-TP-S,1080.0,3,5817.5,5335.5,0,0
J0082-TP-XL,2880.0,8,4257.0,3433.0,1,0
J0082-TP-XS,360.0,1,6954.0,6746.5,0,1
J0082-TP-XXL,1422.86,4,5452.5,4820.5,0,0
J0083-KR-L,8470.2,18,2281.0,1819.5,0,0
J0083-KR-M,8697.0,15,2235.0,2166.0,0,0
J0083-KR-S,3416.0,6,3940.5,4040.0,0,0
J0083-KR-XL,5676.0,12,2984.0,2615.5,0,0
J0083-KR-XS,565.0,1,6612.0,6746.5,0,1
J0083-KR-XXL,1721.0,6,5133.0,4040.0,0,0
J0083-KR-XXXL,5163.0,9,3170.0,3188.5,0,0
J0084-TP-M,560.0,1,6625.0,6746.5,0,1
J0084-TP-S,1165.0,2,5728.0,5959.0,0,0
J0084-TP-XS,1120.0,2,5779.5,5959.0,0,0
J0085-TP-L,346.0,1,6970.5,6746.5,0,1
J0085-TP-M,706.0,3,6325.5,5335.5,0,0
J0085-TP-S,2539.0,7,4496.0,3717.5,0,0
J0085-TP-XL,3532.52,10,3868.0,2967.0,1,0
J0085-TP-XS,1049.52,3,5847.0,5335.5,0,0
J0085-TP-XXL,706.0,2,6325.5,5959.0,0,0
J0085-TP-XXXL,1066.0,3,5833.0,5335.5,0,0
J0086-DR-XL,605.0,1,6512.5,6746.5,0,1
J0086-DR-XS,1138.0,2,5753.0,5959.0,0,0
J0086-DR-XXXL,1707.0,3,5149.0,5335.5,0,0
J0087-TP-L,987.0,3,5955.5,5335.5,0,0
J0087-TP-M,1974.0,6,4921.5,4040.0,0,0
J0087-TP-S,658.0,2,6398.5,5959.0,0,0
J0087-TP-XL,329.0,1,7011.0,6746.5,0,1
J0087-TP-XS,658.0,2,6398.5,5959.0,0,0
J0087-TP-XXL,978.0,3,5968.0,5335.5,0,0
J0087-TP-XXXL,658.0,2,6398.5,5959.0,0,0
J0088-TP-L,1694.0,4,5165.0,4820.5,0,0
J0088-TP-M,4848.0,12,3297.0,2615.5,0,0
J0088-TP-S,2872.0,7,4264.0,3717.5,0,0
J0088-TP-XL,5890.0,14,2917.5,2308.0,0,0
J0088-TP-XS,2093.0,5,4821.0,4401.5,0,0
J0088-TP-XXL,3192.0,8,4062.5,3433.0,1,0
J0088-TP-XXXL,3486.0,8,3902.5,3433.0,1,0
J0089-TP-L,346.0,1,6970.5,6746.5,0,1
J0089-TP-M,1021.52,3,5901.0,5335.5,0,0
J0089-TP-S,1398.0,4,5470.0,4820.5,0,0
J0089-TP-XL,2678.52,7,4385.0,3717.5,0,0
J0089-TP-XS,1725.04,5,5125.0,4401.5,0,0
J0089-TP-XXL,3512.86,10,3881.0,2967.0,1,0
J0089-TP-XXXL,2104.0,6,4810.5,4040.0,0,0
J0090-TP-L,7406.25,13,2501.0,2460.0,0,0
J0090-TP-M,3372.0,6,3972.0,4040.0,0,0
J0090-TP-S,6620.25,12,2691.0,2615.5,0,0
J0090-TP-XL,2815.0,5,4300.0,4401.5,0,0
J0090-TP-XS,1641.0,3,5203.5,5335.5,0,0
J0090-TP-XXL,1628.68,3,5223.0,5335.5,0,0
J0090-TP-XXXL,4558.0,8,3404.0,3433.0,0,0
J0091-TP-L,599.0,2,6553.0,5959.0,0,0
J0091-TP-M,1500.0,5,5352.0,4401.5,0,0
J0091-TP-S,301.0,1,7101.5,6746.5,0,1
J0091-TP-XL,4234.0,13,3533.0,2460.0,0,0
J0091-TP-XS,602.0,2,6542.5,5959.0,0,0
J0091-TP-XXL,2690.24,9,4374.0,3188.5,1,0
J0091-TP-XXXL,2835.0,9,4290.0,3188.5,1,0
J0092-SET-L,17887.0,22,1201.0,1507.5,0,0
J0092-SET-M,8935.0,11,2190.0,2774.0,0,0
J0092-SET-S,1666.0,2,5185.0,5959.0,0,0
J0092-SET-XL,20673.33,25,1025.0,1307.0,0,0
J0092-SET-XS,5179.0,6,3163.0,4040.0,0,0
J0092-SET-XXL,11166.33,16,1829.0,2039.0,0,0
J0092-SET-XXXL,13078.0,14,1603.0,2308.0,0,0
J0093-DR-L,1911.0,3,4980.0,5335.5,0,0
J0093-DR-M,799.0,1,6233.0,6746.5,0,0
J0093-DR-S,1835.0,3,5039.0,5335.5,0,0
J0093-DR-XS,3277.0,5,4012.0,4401.5,0,0
J0093-DR-XXL,2073.0,3,4836.0,5335.5,0,0
J0094-KR-L,7023.0,12,2589.0,2615.5,0,0
J0094-KR-M,17678.0,30,1218.0,1061.0,0,0
J0094-KR-S,5675.0,11,2985.0,2774.0,0,0
J0094-KR-XL,12121.87,22,1714.0,1507.5,0,0
J0094-KR-XS,4579.0,8,3396.0,3433.0,0,0
J0094-KR-XXL,10357.96,18,1961.0,1819.5,0,0
J0094-KR-XXXL,2297.0,4,4670.0,4820.5,0,0
J0095-SET-L,46430.0,76,344.0,283.5,0,0
J0095-SET-M,46147.8,73,349.0,302.5,0,0
J0095-SET-S,17489.0,27,1238.0,1190.5,0,0
J0095-SET-XL,41403.09,66,407.0,354.5,0,0
J0095-SET-XS,10915.0,17,1874.0,1923.5,0,0
J0095-SET-XXL,50090.66,80,304.0,260.5,0,0
J0095-SET-XXXL,50241.27,81,302.0,257.0,0,0
J0096-KR-L,20959.9,36,1013.0,849.5,0,0
J0096-KR-M,16846.95,29,1289.0,1109.0,0,0
J0096-KR-S,6458.71,12,2739.0,2615.5,0,0
J0096-KR-XL,33286.8,60,565.0,411.5,0,0
J0096-KR-XS,7379.81,13,2507.0,2460.0,0,0
J0096-KR-XXL,28773.0,47,689.0,601.0,0,0
J0096-KR-XXXL,8944.76,16,2188.0,2039.0,0,0
J0097-KR-L,36383.02,66,488.0,354.5,0,0
J0097-KR-M,45690.0,83,351.0,243.5,0,0
J0097-KR-S,30973.95,58,615.0,435.5,0,0
J0097-KR-XL,9676.57,18,2060.0,1819.5,0,0
J0097-KR-XS,13167.57,24,1588.0,1377.5,0,0
J0097-KR-XXL,17054.57,32,1267.0,982.0,0,0
J0097-KR-XXXL,18657.0,34,1146.0,912.5,0,0
J0098-TP-L,2589.0,6,4456.0,4040.0,0,0
J0098-TP-M,3629.33,10,3808.0,2967.0,1,0
J0098-TP-S,826.0,2,6206.5,5959.0,0,0
J0098-TP-XS,3056.0,7,4141.0,3717.5,0,0
J0098-TP-XXL,5440.0,12,3075.5,2615.5,0,0
J0098-TP-XXXL,2650.33,6,4413.0,4040.0,0,0
J0100-DR-S,605.0,1,6512.5,6746.5,0,1
J0100-DR-XS,1099.0,1,5795.5,6746.5,0,0
J0100-DR-XXL,1499.0,1,5353.5,6746.5,0,0
J0100-DR-XXXL,2598.0,2,4445.5,5959.0,0,0
J0101-DR-A-M,777.0,1,6252.5,6746.5,0,0
J0101-DR-A-XL,0.0,1,7187.5,6746.5,0,1
J0101-DR-A-XXXL,1598.0,2,5249.0,5959.0,0,0
J0101-DR-L,2397.0,3,4604.0,5335.5,0,0
J0101-DR-S,1619.0,2,5235.0,5959.0,0,0
J0101-DR-XS,1576.0,2,5282.0,5959.0,0,0
J0101-DR-XXL,3929.0,5,3673.5,4401.5,0,0
J0102-SKD-L,1186.0,1,5697.5,6746.5,0,0
J0102-SKD-M,3653.0,3,3802.0,5335.5,0,0
J0102-SKD-S,3487.0,3,3901.0,5335.5,0,0
J0102-SKD-XL,5731.93,5,2968.0,4401.5,0,0
J0102-SKD-XS,1186.0,1,5697.5,6746.5,0,0
J0102-SKD-XXL,2372.0,2,4618.0,5959.0,0,0
J0102-SKD-XXXL,1115.0,1,5783.5,6746.5,0,0
J0103-SKD-A-M,5813.64,5,2939.0,4401.5,0,0
J0103-SKD-L,16896.92,14,1283.0,2308.0,0,0
J0103-SKD-S,9459.0,7,2101.0,3717.5,0,0
J0103-SKD-XL,9888.64,8,2030.0,3433.0,0,0
J0103-SKD-XS,5877.0,5,2921.0,4401.5,0,0
J0103-SKD-XXL,2676.0,3,4388.0,5335.5,0,0
J0103-SKD-XXXL,12647.0,12,1650.0,2615.5,0,0
J0104-KR-M,5421.0,12,3081.0,2615.5,0,0
J0104-KR-S,3963.52,9,3648.0,3188.5,1,0
J0104-KR-XL,884.0,2,6118.0,5959.0,0,0
J0104-KR-XS,4529.0,11,3417.0,2774.0,0,0
J0104-KR-XXL,3614.0,8,3816.0,3433.0,1,0
J0105-KR-L,3996.0,4,3628.0,4820.5,0,0
J0105-KR-M,10595.0,11,1922.0,2774.0,0,0
J0105-KR-S,5158.43,6,3171.0,4040.0,0,0
J0105-KR-XL,13305.0,13,1569.0,2460.0,0,0
J0105-KR-XS,2997.0,3,4181.0,5335.5,0,0
J0105-KR-XXL,5994.0,6,2873.5,4040.0,0,0
J0105-KR-XXXL,5934.0,6,2894.0,4040.0,0,0
J0106-KR-L,5779.29,6,2949.0,4040.0,0,0
J0106-KR-M,14543.0,15,1462.5,2166.0,0,0
J0106-KR-S,11994.0,12,1733.0,2615.5,0,0
J0106-KR-XL,10220.0,10,1979.0,2967.0,0,0
J0106-KR-XS,2997.0,3,4181.0,5335.5,0,0
J0106-KR-XXL,9285.86,10,2137.0,2967.0,0,0
J0106-KR-XXXL,14244.0,14,1487.0,2308.0,0,0
J0108-SKD-L,16890.46,15,1285.0,2166.0,0,0
J0108-SKD-M,28760.89,27,690.0,1190.5,0,0
J0108-SKD-S,5138.0,5,3179.0,4401.5,0,0
J0108-SKD-XL,15625.79,16,1368.0,2039.0,0,0
J0108-SKD-XS,5754.0,5,2957.0,4401.5,0,0
J0108-SKD-XXL,7953.0,8,2391.0,3433.0,0,0
J0108-SKD-XXXL,14831.0,13,1432.0,2460.0,0,0
J0109-SKD-L,7265.0,6,2530.5,4040.0,0,0
J0109-SKD-M,1804.0,2,5056.0,5959.0,0,0
J0109-SKD-S,1199.0,1,5666.0,6746.5,0,0
J0109-SKD-XL,8577.0,7,2260.0,3717.5,0,0
J0109-SKD-XS,1070.54,1,5827.0,6746.5,0,0
J0109-SKD-XXL,7249.04,6,2536.0,4040.0,0,0
J0109-SKD-XXXL,4681.54,4,3357.0,4820.5,0,0
J0110-SKD-L,826.0,1,6206.5,6746.5,0,0
J0110-SKD-M,3270.0,4,4014.0,4820.5,0,0
J0110-SKD-S,864.0,1,6141.5,6746.5,0,0
J0110-SKD-XL,1728.0,2,5121.5,5959.0,0,0
J0110-SKD-XXL,864.0,1,6141.5,6746.5,0,0
J0111-TP-L,3748.0,8,3758.0,3433.0,1,0
J0111-TP-M,423.0,1,6859.5,6746.5,0,1
J0111-TP-S,2538.0,6,4497.0,4040.0,0,0
J0111-TP-XL,8895.86,20,2199.0,1651.5,0,0
J0111-TP-XS,3325.0,7,3993.5,3717.5,0,0
J0111-TP-XXL,12272.72,27,1699.0,1190.5,0,0
J0111-TP-XXXL,13192.0,29,1583.0,1109.0,0,0
J0112-TP-L,3514.0,10,3880.0,2967.0,1,0
J0112-TP-M,2113.0,6,4804.0,4040.0,0,0
J0112-TP-S,708.0,2,6324.0,5959.0,0,0
J0112-TP-XL,4218.0,12,3540.0,2615.5,0,0
J0112-TP-XS,1754.0,5,5103.0,4401.5,0,0
J0112-TP-XXL,2104.0,6,4810.5,4040.0,0,0
J0112-TP-XXXL,1411.0,4,5462.5,4820.5,0,0
J0113-TP-L,9789.0,18,2040.0,1819.5,0,0
J0113-TP-M,31902.67,54,592.0,489.5,0,0
J0113-TP-S,13932.0,24,1512.0,1377.5,0,0
J0113-TP-XL,20926.0,37,1015.0,816.5,0,0
J0113-TP-XS,10064.0,20,2001.0,1651.5,0,0
J0113-TP-XXL,21544.67,38,982.0,786.5,0,0
J0113-TP-XXXL,13564.0,23,1545.0,1445.0,0,0
J0114-TP-M,4179.0,10,3553.5,2967.0,0,0
J0114-TP-S,678.0,2,6368.5,5959.0,0,0
J0114-TP-XS,314.0,1,7064.0,6746.5,0,1
J0115-TP-XXL,352.0,1,6964.5,6746.5,0,1
J0116-TP-M,360.0,1,6954.0,6746.5,0,1
J0116-TP-S,1463.0,4,5403.5,4820.5,0,0
J0116-TP-XS,360.0,1,6954.0,6746.5,0,1
J0116-TP-XXL,809.0,2,6225.5,5959.0,0,0
J0117-TP-A-XXXL,3776.0,7,3742.0,3717.5,0,0
J0117-TP-M,59560.15,102,221.0,182.0,0,0
J0117-TP-S,25243.05,44,821.0,657.0,0,0
J0117-TP-XL,57471.77,97,236.0,197.5,0,0
J0117-TP-XS,17502.0,29,1236.0,1109.0,0,0
J0117-TP-XXL,55157.62,97,253.0,197.5,0,0
J0117-TP-XXXL,39870.9,70,428.0,321.5,0,0
J0118-TP-L,30640.0,65,622.0,364.0,0,0
J0118-TP-M,22408.0,45,949.0,637.0,0,0
J0118-TP-S,17957.0,34,1193.0,912.5,0,0
J0118-TP-XL,68280.29,133,184.0,119.5,0,0
J0118-TP-XS,3542.0,7,3863.0,3717.5,0,0
J0118-TP-XXL,54504.0,109,259.0,167.0,0,0
J0118-TP-XXXL,66075.0,124,193.0,128.0,0,0
J0119-TP-L,79982.29,133,132.0,119.5,0,0
J0119-TP-M,66544.63,113,189.0,155.5,0,0
J0119-TP-S,22548.34,39,946.0,761.5,0,0
J0119-TP-XL,100256.0,168,83.0,71.0,0,0
J0119-TP-XS,10868.0,17,1880.0,1923.5,0,0
J0119-TP-XXL,97385.29,161,90.0,78.0,0,0
J0119-TP-XXXL,104579.16,180,76.0,62.5,0,0
J0120-TP-L,365.0,1,6942.5,6746.5,0,1
J0120-TP-M,365.0,1,6942.5,6746.5,0,1
J0120-TP-S,1095.0,3,5803.0,5335.5,0,0
J0120-TP-XL,1095.0,3,5803.0,5335.5,0,0
J0120-TP-XS,365.0,1,6942.5,6746.5,0,1
J0120-TP-XXL,365.0,1,6942.5,6746.5,0,1
J0120-TP-XXXL,1095.0,3,5803.0,5335.5,0,0
J0121-TP-L,498.0,2,6743.0,5959.0,0,0
J0121-TP-S,301.0,1,7101.5,6746.5,0,1
J0122-TP-L,313.33,1,7065.0,6746.5,0,1
J0122-TP-M,3037.29,9,4150.0,3188.5,1,0
J0122-TP-S,6521.33,19,2717.0,1731.0,0,0
J0122-TP-XL,3936.34,13,3667.0,2460.0,1,0
J0122-TP-XS,659.0,2,6392.0,5959.0,0,0
J0122-TP-XXL,9516.29,30,2090.0,1061.0,0,0
J0122-TP-XXXL,11887.0,38,1748.0,786.5,0,0
J0123-TP-M,301.0,1,7101.5,6746.5,0,1
J0123-TP-XL,2278.0,6,4684.0,4040.0,0,0
J0123-TP-XS,1139.0,3,5751.5,5335.5,0,0
J0123-TP-XXL,4286.0,14,3513.0,2308.0,0,0
J0123-TP-XXXL,906.0,2,6069.0,5959.0,0,0
J0124-TP-L,9192.0,16,2149.0,2039.0,0,0
J0124-TP-M,5510.67,10,3051.0,2967.0,0,0
J0124-TP-S,5692.86,10,2980.0,2967.0,0,0
J0124-TP-XL,7229.62,13,2541.0,2460.0,0,0
J0124-TP-XS,2233.0,4,4714.0,4820.5,0,0
J0124-TP-XXL,9061.0,16,2169.0,2039.0,0,0
J0124-TP-XXXL,7005.0,13,2591.0,2460.0,0,0
J0126-SKD-L,6072.71,9,2853.0,3188.5,0,0
J0126-SKD-M,6253.0,8,2796.0,3433.0,0,0
J0126-SKD-S,3202.0,5,4055.0,4401.5,0,0
J0126-SKD-XL,5257.0,7,3135.0,3717.5,0,0
J0126-SKD-XS,3807.0,5,3729.0,4401.5,0,0
J0126-SKD-XXL,11603.0,15,1782.0,2166.0,0,0
J0126-SKD-XXXL,9913.0,13,2025.0,2460.0,0,0
J0127-SKD-L,21600.01,19,979.0,1731.0,0,0
J0127-SKD-M,1115.0,1,5783.5,6746.5,0,0
J0127-SKD-S,13617.0,14,1543.0,2308.0,0,0
J0127-SKD-XL,17969.0,17,1191.0,1923.5,0,0
J0127-SKD-XS,18747.86,16,1141.0,2039.0,0,0
J0127-SKD-XXL,6704.92,7,2670.0,3717.5,0,0
J0127-SKD-XXXL,5930.0,5,2899.0,4401.5,0,0
J0129-SET-S,3651.0,5,3804.0,4401.5,0,0
J0129-SET-XS,4382.0,6,3469.0,4040.0,0,0
J0130-SET-L,659.0,1,6392.0,6746.5,0,0
J0130-SET-M,659.0,1,6392.0,6746.5,0,0
J0130-SET-S,3311.0,5,4001.0,4401.5,0,0
J0130-SET-XL,659.0,1,6392.0,6746.5,0,0
J0130-SET-XS,4708.0,7,3348.5,3717.5,0,0
J0130-SET-XXL,3992.62,6,3633.0,4040.0,0,0
J0130-SET-XXXL,4683.0,7,3354.0,3717.5,0,0
J0131-KR-A-M,369.0,1,6937.5,6746.5,0,1
J0131-KR-L,1032.0,3,5895.5,5335.5,0,0
J0131-KR-S,1962.57,5,4932.0,4401.5,0,0
J0131-KR-XL,684.0,2,6360.5,5959.0,0,0
J0131-KR-XS,2442.43,7,4558.0,3717.5,0,0
J0131-KR-XXL,3207.43,9,4053.0,3188.5,1,0
J0131-KR-XXXL,2280.71,6,4682.0,4040.0,0,0
J0132-KR-L,5613.76,15,3008.0,2166.0,0,0
J0132-KR-XL,4327.0,12,3495.0,2615.5,0,0
J0132-KR-XS,3490.14,10,3898.0,2967.0,1,0
J0132-KR-XXL,4928.0,13,3270.0,2460.0,0,0
J0132-KR-XXXL,9433.95,26,2108.0,1247.0,0,0
J0133-KR-A-L,364.0,1,6946.0,6746.5,0,1
J0133-KR-A-M,741.0,2,6300.0,5959.0,0,0
J0133-KR-A-XL,758.0,2,6283.0,5959.0,0,0
J0133-KR-XS,1367.0,3,5491.0,5335.5,0,0
J0133-KR-XXL,758.0,2,6283.0,5959.0,0,0
J0133-KR-XXXL,1587.0,3,5267.0,5335.5,0,0
J0134-SET-L,6303.0,9,2779.5,3188.5,0,0
J0134-SET-M,5646.0,8,2997.0,3433.0,0,0
J0134-SET-S,16009.0,23,1342.0,1445.0,0,0
J0134-SET-XL,10538.42,15,1929.0,2166.0,0,0
J0134-SET-XS,6095.0,9,2843.0,3188.5,0,0
J0134-SET-XXL,5622.0,8,3005.0,3433.0,0,0
J0134-SET-XXXL,3479.71,5,3907.0,4401.5,0,0
J0135-SET-L,22274.88,38,956.0,786.5,0,0
J0135-SET-M,17124.86,29,1260.0,1109.0,0,0
J0135-SET-S,9357.44,16,2124.0,2039.0,0,0
J0135-SET-XL,18194.3,32,1177.0,982.0,0,0
J0135-SET-XS,7092.0,12,2575.0,2615.5,0,0
J0135-SET-XXL,4728.0,9,3340.5,3188.5,0,0
J0135-SET-XXXL,5910.0,10,2908.0,2967.0,0,0
J0136-KR-M,568.0,1,6604.5,6746.5,0,1
J0136-KR-S,2670.0,5,4392.0,4401.5,0,0
J0136-KR-XL,1704.0,3,5153.0,5335.5,0,0
J0136-KR-XS,1067.0,2,5830.5,5959.0,0,0
J0136-KR-XXL,3408.0,6,3950.5,4040.0,0,0
J0136-KR-XXXL,3976.0,7,3641.0,3717.5,0,0
J0137-SET-L,5184.0,7,3158.5,3717.5,0,0
J0137-SET-M,1442.0,2,5438.0,5959.0,0,0
J0137-SET-S,1442.0,3,5438.0,5335.5,0,0
J0137-SET-XL,2163.0,3,4768.0,5335.5,0,0
J0137-SET-XS,841.0,1,6181.0,6746.5,0,0
J0137-SET-XXL,4330.0,6,3492.0,4040.0,0,0
J0137-SET-XXXL,2855.38,5,4271.0,4401.5,0,0
J0138-KR-M,952.0,2,6020.5,5959.0,0,0
J0138-KR-S,499.0,1,6732.0,6746.5,0,1
J0138-KR-XS,1083.0,2,5813.0,5959.0,0,0
J0138-KR-XXL,499.0,1,6732.0,6746.5,0,1
J0139-KR-L,11665.57,29,1774.0,1109.0,0,0
J0139-KR-M,1191.0,3,5689.0,5335.5,0,0
J0139-KR-S,4134.0,10,3570.5,2967.0,0,0
J0139-KR-XL,5150.57,13,3176.0,2460.0,0,0
J0139-KR-XS,3971.0,10,3644.0,2967.0,1,0
J0139-KR-XXL,8934.0,24,2191.0,1377.5,0,0
J0139-KR-XXXL,11279.0,28,1815.0,1147.0,0,0
J0140-SET-L,1182.0,2,5705.0,5959.0,0,0
J0140-SET-M,1182.0,2,5705.0,5959.0,0,0
J0140-SET-S,1803.0,3,5057.0,5335.5,0,0
J0140-SET-XL,6514.86,11,2719.0,2774.0,0,0
J0140-SET-XXL,1768.0,3,5096.0,5335.5,0,0
J0140-SET-XXXL,586.0,1,6572.0,6746.5,0,1
J0141-KR-XXL,927.0,2,6044.5,5959.0,0,0
J0142-KR-L,1993.14,5,4906.0,4401.5,0,0
J0142-KR-M,3555.71,9,3852.0,3188.5,1,0
J0142-KR-S,1601.0,4,5246.0,4820.5,0,0
J0142-KR-XL,2803.33,7,4303.0,3717.5,0,0
J0142-KR-XS,396.0,1,6895.5,6746.5,0,1
J0142-KR-XXXL,396.0,1,6895.5,6746.5,0,1
J0143-SET-A-L,640.0,1,6440.0,6746.5,0,0
J0143-SET-A-S,3225.0,5,4041.5,4401.5,0,0
J0143-SET-A-XS,1290.0,2,5570.0,5959.0,0,0
J0143-SET-A-XXL,1935.0,3,4961.5,5335.5,0,0
J0143-SET-A-XXXL,1290.0,2,5570.0,5959.0,0,0
J0144-SET-S,529.0,1,6662.0,6746.5,0,1
J0144-SET-XS,4936.24,10,3265.0,2967.0,0,0
J0144-SET-XXL,3205.0,6,4054.0,4040.0,0,0
J0145-SET-L,493.0,1,6753.5,6746.5,0,1
J0145-SET-M,1479.0,3,5378.0,5335.5,0,0
J0145-SET-S,511.0,1,6720.5,6746.5,0,1
J0145-SET-XS,2519.0,5,4504.5,4401.5,0,0
J0145-SET-XXL,1721.0,3,5133.0,5335.5,0,0
J0145-SET-XXXL,478.0,1,6781.0,6746.5,0,1
J0147-SET-L,583.0,1,6575.5,6746.5,0,1
J0147-SET-M,583.0,1,6575.5,6746.5,0,1
J0147-SET-XL,13306.08,23,1568.0,1445.0,0,0
J0147-SET-XS,2269.54,4,4687.0,4820.5,0,0
J0147-SET-XXL,5199.54,10,3156.0,2967.0,0,0
J0147-SET-XXXL,3497.0,6,3889.0,4040.0,0,0
J0148-SET-L,6885.0,11,2621.0,2774.0,0,0
J0148-SET-M,4940.0,8,3262.0,3433.0,0,0
J0148-SET-S,12433.97,20,1677.0,1651.5,0,0
J0148-SET-XL,15366.9,27,1388.0,1190.5,0,0
J0148-SET-XS,6675.0,11,2679.0,2774.0,0,0
J0148-SET-XXL,8542.48,15,2268.0,2166.0,0,0
J0148-SET-XXXL,6024.19,10,2860.0,2967.0,0,0
J0149-KR-S,633.0,2,6454.0,5959.0,0,0
J0149-KR-XS,633.0,2,6454.0,5959.0,0,0
J0150-KR-L,840.0,2,6183.0,5959.0,0,0
J0150-KR-M,1802.0,5,5058.0,4401.5,0,0
J0150-KR-S,15141.0,37,1406.0,816.5,0,0
J0150-KR-XS,5168.0,13,3168.0,2460.0,0,0
J0150-KR-XXL,6829.0,17,2634.0,1923.5,0,0
J0150-KR-XXXL,5771.0,14,2953.0,2308.0,0,0
J0151-KR-A-M,477.0,1,6782.5,6746.5,0,1
J0151-KR-A-XL,1082.0,2,5815.0,5959.0,0,0
J0151-KR-A-XXXL,1908.0,4,4984.5,4820.5,0,0
J0151-KR-L,5373.0,12,3093.0,2615.5,0,0
J0151-KR-S,1974.0,4,4921.5,4820.5,0,0
J0151-KR-XS,5415.0,11,3082.0,2774.0,0,0
J0151-KR-XXL,3836.58,8,3718.0,3433.0,1,0
J0152-DR-L,29245.0,32,671.0,982.0,0,0
J0152-DR-M,899.0,1,6086.0,6746.5,0,0
J0152-DR-S,15885.0,17,1352.0,1923.5,0,0
J0152-DR-XL,13110.0,14,1600.0,2308.0,0,0
J0152-DR-XS,3500.0,4,3887.0,4820.5,0,0
J0152-DR-XXL,13244.0,14,1578.0,2308.0,0,0
J0153-DR-L,5337.9,11,3107.0,2774.0,0,0
J0153-DR-M,443.0,1,6829.0,6746.5,0,1
J0153-DR-S,8796.7,21,2213.0,1576.5,0,0
J0153-DR-XL,6727.9,15,2662.0,2166.0,0,0
J0153-DR-XS,4545.52,10,3411.0,2967.0,0,0
J0153-DR-XXL,3531.0,8,3869.0,3433.0,1,0
J0153-DR-XXXL,4851.9,11,3296.0,2774.0,0,0
J0154-DR-L,1508.0,4,5346.0,4820.5,0,0
J0154-DR-M,377.0,1,6927.5,6746.5,0,1
J0154-DR-S,754.0,3,6289.0,5335.5,0,0
J0154-DR-XL,2585.14,7,4457.0,3717.5,0,0
J0154-DR-XS,9482.0,24,2097.0,1377.5,0,0
J0154-DR-XXL,3770.0,10,3748.0,2967.0,1,0
J0154-DR-XXXL,1131.0,3,5762.0,5335.5,0,0
J0155-KR-L,1254.0,2,5601.0,5959.0,0,0
J0155-KR-S,627.0,1,6464.0,6746.5,0,0
J0155-KR-XL,1270.0,2,5593.0,5959.0,0,0
J0155-KR-XS,605.0,1,6512.5,6746.5,0,1
J0155-KR-XXXL,1371.0,2,5488.5,5959.0,0,0
J0157-DR-L,63428.28,94,206.0,206.5,0,0
J0157-DR-M,62590.14,85,209.0,236.5,0,0
J0157-DR-S,35117.0,51,521.0,540.5,0,0
J0157-DR-XL,46814.76,65,342.0,364.0,0,0
J0157-DR-XS,19457.0,29,1088.0,1109.0,0,0
J0157-DR-XXL,70810.0,97,166.0,197.5,0,0
J0157-DR-XXXL,23780.62,37,898.0,816.5,0,0
J0158-DR-L,25599.1,30,811.0,1061.0,0,0
J0158-DR-M,7689.71,10,2443.0,2967.0,0,0
J0158-DR-S,10852.0,14,1882.0,2308.0,0,0
J0158-DR-XL,14306.71,19,1481.0,1731.0,0,0
J0158-DR-XS,7773.0,10,2419.0,2967.0,0,0
J0158-DR-XXL,16636.0,20,1303.0,1651.5,0,0
J0158-DR-XXXL,13889.71,18,1518.0,1819.5,0,0
J0159-DR-L,3083.0,5,4116.0,4401.5,0,0
J0159-DR-M,1943.0,3,4953.5,5335.5,0,0
J0159-DR-S,4652.0,8,3368.0,3433.0,0,0
J0159-DR-XS,2861.0,5,4268.5,4401.5,0,0
J0159-DR-XXL,6074.43,10,2852.0,2967.0,0,0
J0159-DR-XXXL,2365.0,4,4623.0,4820.5,0,0
J0160-TP-L,704.0,2,6327.5,5959.0,0,0
J0160-TP-S,352.0,1,6964.5,6746.5,0,1
J0160-TP-XXL,1283.0,3,5577.0,5335.5,0,0
J0161-DR-L,473.0,1,6793.0,6746.5,0,1
J0161-DR-M,946.0,2,6032.0,5959.0,0,0
J0161-DR-S,473.0,2,6793.0,5959.0,0,0
J0161-DR-XL,3443.0,7,3926.0,3717.5,0,0
J0161-DR-XS,4389.0,9,3463.0,3188.5,0,0
J0161-DR-XXL,2483.0,5,4530.0,4401.5,0,0
J0161-DR-XXXL,1396.48,3,5471.0,5335.5,0,0
J0162-SKD-L,8141.0,7,2341.0,3717.5,0,0
J0162-SKD-M,2603.0,3,4437.5,5335.5,0,0
J0162-SKD-S,4583.0,5,3394.0,4401.5,0,0
J0162-SKD-XL,7967.0,7,2387.5,3717.5,0,0
J0162-SKD-XS,2372.0,2,4618.0,5959.0,0,0
J0162-SKD-XXL,9345.0,9,2126.0,3188.5,0,0
J0162-SKD-XXXL,10352.0,9,1963.0,3188.5,0,0
J0163-SKD-L,3056.93,3,4138.0,5335.5,0,0
J0163-SKD-M,2185.0,2,4749.0,5959.0,0,0
J0163-SKD-S,5769.0,5,2954.0,4401.5,0,0
J0163-SKD-XL,3989.0,4,3636.5,4820.5,0,0
J0163-SKD-XS,3976.0,4,3641.0,4820.5,0,0
J0163-SKD-XXL,999.0,1,5926.0,6746.5,0,0
J0163-SKD-XXXL,999.0,1,5926.0,6746.5,0,0
J0164-DR-L,18060.24,47,1184.0,601.0,0,0
J0164-DR-M,10262.0,27,1972.0,1190.5,0,0
J0164-DR-S,14012.52,35,1505.0,881.0,0,0
J0164-DR-XL,12504.38,32,1668.0,982.0,0,0
J0164-DR-XS,3350.0,9,3984.0,3188.5,1,0
J0164-DR-XXL,15382.0,40,1386.0,740.0,0,0
J0164-DR-XXXL,13130.0,33,1595.0,945.5,0,0
J0165-TP-L,3215.0,9,4047.0,3188.5,1,0
J0165-TP-M,2401.0,8,4602.0,3433.0,1,0
J0165-TP-S,371.0,1,6936.0,6746.5,0,1
J0165-TP-XL,1067.0,4,5830.5,4820.5,0,0
J0165-TP-XS,1013.0,3,5909.0,5335.5,0,0
J0165-TP-XXL,6366.0,18,2769.0,1819.5,0,0
J0165-TP-XXXL,331.0,1,6996.5,6746.5,0,1
J0166-DR-M,458.0,1,6809.0,6746.5,0,1
J0166-DR-S,1278.0,3,5587.0,5335.5,0,0
J0166-DR-XL,882.0,2,6121.5,5959.0,0,0
J0166-DR-XS,441.0,2,6833.0,5959.0,0,0
J0167-KR-L,4394.0,14,3462.0,2308.0,0,0
J0167-KR-M,3167.0,10,4079.0,2967.0,1,0
J0167-KR-S,2503.0,7,4512.0,3717.5,0,0
J0167-KR-XL,3773.0,12,3744.5,2615.5,1,0
J0167-KR-XS,634.0,3,6451.0,5335.5,0,0
J0167-KR-XXL,1281.0,4,5581.5,4820.5,0,0
J0168-DR-L,443.0,1,6829.0,6746.5,0,1
J0168-DR-M,864.9,2,6138.0,5959.0,0,0
J0168-DR-S,1363.0,3,5500.5,5335.5,0,0
J0170-TP-A-L,329.0,1,7011.0,6746.5,0,1
J0170-TP-A-M,329.0,1,7011.0,6746.5,0,1
J0170-TP-A-S,301.0,1,7101.5,6746.5,0,1
J0170-TP-A-XL,1288.0,4,5573.0,4820.5,0,0
J0171-DR-L,1953.0,4,4940.0,4820.5,0,0
J0171-DR-M,488.0,1,6755.5,6746.5,0,1
J0171-DR-XL,488.0,1,6755.5,6746.5,0,1
J0171-DR-XXL,2442.0,5,4559.5,4401.5,0,0
J0172-TP-L,1554.0,3,5304.0,5335.5,0,0
J0172-TP-M,518.0,1,6690.5,6746.5,0,1
J0172-TP-XL,2041.0,4,4874.5,4820.5,0,0
J0172-TP-XS,499.0,1,6732.0,6746.5,0,1
J0172-TP-XXL,729.0,1,6310.5,6746.5,0,0
J0172-TP-XXXL,1005.0,2,5913.0,5959.0,0,0
J0173-DR-L,420.0,1,6864.0,6746.5,0,1
J0173-DR-S,856.0,2,6156.0,5959.0,0,0
J0173-DR-XL,400.0,1,6882.0,6746.5,0,1
J0173-DR-XS,2317.0,5,4650.5,4401.5,0,0
J0174-TP-S,423.0,1,6859.5,6746.5,0,1
J0174-TP-XL,846.0,2,6171.0,5959.0,0,0
J0174-TP-XS,846.0,2,6171.0,5959.0,0,0
J0175-KR-L,952.0,2,6020.5,5959.0,0,0
J0175-KR-M,2879.0,6,4258.5,4040.0,0,0
J0175-KR-S,1428.0,2,5448.0,5959.0,0,0
J0175-KR-XL,961.0,2,6009.0,5959.0,0,0
J0175-KR-XXL,975.0,2,5971.0,5959.0,0,0
J0175-KR-XXXL,1927.0,4,4969.0,4820.5,0,0
J0176-TP-L,3410.0,8,3943.0,3433.0,1,0
J0176-TP-M,3096.0,8,4111.0,3433.0,1,0
J0176-TP-S,1935.0,5,4961.5,4401.5,0,0
J0176-TP-XL,3858.0,10,3706.0,2967.0,1,0
J0176-TP-XS,1548.0,4,5314.5,4820.5,0,0
J0176-TP-XXL,13456.57,35,1555.0,881.0,0,0
J0176-TP-XXXL,1935.0,5,4961.5,4401.5,0,0
J0177-KR-S,949.0,2,6028.5,5959.0,0,0
J0177-KR-XS,1032.0,3,5895.5,5335.5,0,0
J0178-TP-L,622.0,2,6474.0,5959.0,0,0
J0178-TP-M,311.0,1,7068.5,6746.5,0,1
J0178-TP-XL,638.0,2,6443.0,5959.0,0,0
J0178-TP-XS,638.0,2,6443.0,5959.0,0,0
J0178-TP-XXL,319.0,1,7043.0,6746.5,0,1
J0178-TP-XXXL,2519.0,7,4504.5,3717.5,0,0
J0179-KR-L,13696.0,20,1535.0,1651.5,0,0
J0179-KR-M,2784.0,4,4317.0,4820.5,0,0
J0179-KR-S,6853.0,10,2624.0,2967.0,0,0
J0179-KR-XL,9569.0,15,2077.0,2166.0,0,0
J0179-KR-XS,3438.86,5,3927.0,4401.5,0,0
J0179-KR-XXL,10216.0,15,1980.0,2166.0,0,0
J0179-KR-XXXL,9736.0,14,2047.0,2308.0,0,0
J0180-DR-XS,436.0,1,6837.0,6746.5,0,1
J0180-DR-XXL,906.0,2,6069.0,5959.0,0,0
J0180-DR-XXXL,1564.0,3,5291.5,5335.5,0,0
J0181-TP-L,3192.0,8,4062.5,3433.0,1,0
J0181-TP-M,6360.0,16,2771.0,2039.0,0,0
J0181-TP-S,2201.0,5,4737.0,4401.5,0,0
J0181-TP-XL,1976.0,5,4920.0,4401.5,0,0
J0181-TP-XS,3112.0,7,4102.0,3717.5,0,0
J0181-TP-XXL,4769.0,12,3324.0,2615.5,0,0
J0181-TP-XXXL,2793.0,8,4312.0,3433.0,1,0
J0182-SET-S,699.0,1,6333.5,6746.5,0,0
J0183-TP-M,908.0,2,6067.0,5959.0,0,0
J0183-TP-XL,443.0,1,6829.0,6746.5,0,1
J0183-TP-XS,886.0,3,6111.5,5335.5,0,0
J0184-KR-A-L,1210.0,2,5648.5,5959.0,0,0
J0184-KR-A-S,3574.71,8,3841.0,3433.0,1,0
J0184-KR-A-XL,1175.0,3,5717.0,5335.5,0,0
J0184-KR-M,378.0,1,6925.0,6746.5,0,1
J0184-KR-S,605.0,1,6512.5,6746.5,0,1
J0184-KR-XS,2250.0,6,4705.0,4040.0,0,0
J0184-KR-XXL,382.0,1,6917.0,6746.5,0,1
J0184-KR-XXXL,2135.0,5,4788.0,4401.5,0,0
J0185-DR-M,2137.0,3,4787.0,5335.5,0,0
J0185-DR-S,3130.0,4,4096.0,4820.5,0,0
J0185-DR-XS,4307.0,6,3501.0,4040.0,0,0
J0185-DR-XXL,3801.0,5,3732.5,4401.5,0,0
J0186-SET-L,5088.0,7,3207.0,3717.5,0,0
J0186-SET-S,848.0,1,6166.5,6746.5,0,0
J0186-SET-XL,848.0,1,6166.5,6746.5,0,0
J0186-SET-XS,848.0,1,6166.5,6746.5,0,0
J0186-SET-XXL,848.0,1,6166.5,6746.5,0,0
J0187-KR-L,563.0,1,6617.5,6746.5,0,1
J0187-KR-S,2881.0,6,4254.5,4040.0,0,0
J0187-KR-XL,1174.0,2,5719.0,5959.0,0,0
J0187-KR-XS,2300.0,4,4667.0,4820.5,0,0
J0187-KR-XXL,1198.0,2,5672.5,5959.0,0,0
J0188-KR-XS,399.0,1,6888.0,6746.5,0,1
J0188-KR-XXXL,381.0,1,6918.0,6746.5,0,1
J0189-TP-L,3199.0,11,4057.0,2774.0,1,0
J0189-TP-M,3486.0,11,3902.5,2774.0,1,0
J0189-TP-S,975.0,3,5971.0,5335.5,0,0
J0189-TP-XL,3832.0,13,3719.5,2460.0,1,0
J0189-TP-XS,317.0,1,7061.0,6746.5,0,1
J0189-TP-XXL,5098.0,17,3202.5,1923.5,0,0
J0189-TP-XXXL,1966.0,6,4931.0,4040.0,0,0
J0190-TP-L,5741.0,15,2960.0,2166.0,0,0
J0190-TP-M,345.0,1,6977.5,6746.5,0,1
J0190-TP-S,3384.05,9,3964.0,3188.5,1,0
J0190-TP-XS,690.0,2,6349.5,5959.0,0,0
J0190-TP-XXXL,690.0,2,6349.5,5959.0,0,0
J0192-TP-S,949.0,3,6028.5,5335.5,0,0
J0192-TP-XL,1206.0,4,5653.0,4820.5,0,0
J0192-TP-XXL,608.0,2,6493.0,5959.0,0,0
J0193-SET-XXXL,674.0,1,6377.5,6746.5,0,0
J0194-DR-L,1984.0,3,4913.5,5335.5,0,0
J0194-DR-M,824.0,1,6210.5,6746.5,0,0
J0194-DR-XXL,1971.0,3,4926.5,5335.5,0,0
J0194-DR-XXXL,1366.0,2,5492.5,5959.0,0,0
J0195-TP-L,665.0,1,6388.0,6746.5,0,0
J0195-TP-M,665.0,1,6388.0,6746.5,0,0
J0195-TP-S,1995.0,3,4904.0,5335.5,0,0
J0195-TP-XL,1330.0,2,5536.0,5959.0,0,0
J0195-TP-XS,1935.0,3,4961.5,5335.5,0,0
J0195-TP-XXL,665.0,1,6388.0,6746.5,0,0
J0195-TP-XXXL,2660.0,3,4401.5,5335.5,0,0
J0196-TP-L,4911.28,11,3273.0,2774.0,0,0
J0196-TP-M,2744.76,6,4347.0,4040.0,0,0
J0196-TP-S,1908.0,4,4984.5,4820.5,0,0
J0196-TP-XL,3190.76,7,4066.0,3717.5,0,0
J0196-TP-XS,446.0,1,6826.5,6746.5,0,1
J0196-TP-XXL,6285.0,13,2785.0,2460.0,0,0
J0196-TP-XXXL,3705.76,8,3777.0,3433.0,1,0
J0197-TP-L,2500.0,4,4514.5,4820.5,0,0
J0197-TP-M,5588.0,9,3023.0,3188.5,0,0
J0197-TP-S,3730.0,6,3768.0,4040.0,0,0
J0197-TP-XL,1875.0,3,5011.0,5335.5,0,0
J0197-TP-XS,1250.0,2,5607.0,5959.0,0,0
J0197-TP-XXL,5625.0,9,3002.5,3188.5,0,0
J0197-TP-XXXL,9452.24,14,2105.0,2308.0,0,0
J0198-TP-L,8873.0,16,2202.0,2039.0,0,0
J0198-TP-M,22382.0,35,951.0,881.0,0,0
J0198-TP-S,5538.0,9,3038.0,3188.5,0,0
J0198-TP-XL,12951.0,21,1615.5,1576.5,0,0
J0198-TP-XS,2082.0,3,4830.0,5335.5,0,0
J0198-TP-XXL,1220.24,2,5640.5,5959.0,0,0
J0198-TP-XXXL,6384.24,10,2763.0,2967.0,0,0
J0199-SET-XL,949.0,2,6028.5,5959.0,0,0
J0199-SET-XS,949.0,2,6028.5,5959.0,0,0
J0199-SET-XXL,3045.0,6,4145.5,4040.0,0,0
J0199-SET-XXXL,5916.0,13,2906.0,2460.0,0,0
J0201-TP-L,7383.48,12,2506.0,2615.5,0,0
J0201-TP-M,7390.72,12,2504.0,2615.5,0,0
J0201-TP-S,1875.0,3,5011.0,5335.5,0,0
J0201-TP-XL,6183.24,10,2814.0,2967.0,0,0
J0201-TP-XS,6153.0,10,2821.0,2967.0,0,0
J0201-TP-XXL,6808.24,11,2643.0,2774.0,0,0
J0201-TP-XXXL,7363.0,11,2508.0,2774.0,0,0
J0202-TP-S,1560.0,3,5297.0,5335.5,0,0
J0202-TP-XL,1540.0,3,5327.0,5335.5,0,0
J0202-TP-XXL,3189.0,6,4067.5,4040.0,0,0
J0202-TP-XXXL,1984.0,4,4913.5,4820.5,0,0
J0203-TP-L,3420.0,6,3937.0,4040.0,0,0
J0203-TP-M,3408.0,6,3950.5,4040.0,0,0
J0203-TP-S,3020.0,5,4161.0,4401.5,0,0
J0203-TP-XL,2315.0,4,4653.5,4820.5,0,0
J0203-TP-XS,3921.9,7,3677.0,3717.5,0,0
J0203-TP-XXL,1741.0,3,5114.0,5335.5,0,0
J0203-TP-XXXL,2309.0,4,4661.5,4820.5,0,0
J0204-TP-L,3717.33,5,3772.0,4401.5,0,0
J0204-TP-M,4794.0,6,3317.0,4040.0,0,0
J0204-TP-S,7208.0,10,2542.0,2967.0,0,0
J0204-TP-XL,3755.0,5,3755.0,4401.5,0,0
J0204-TP-XS,4352.0,6,3486.0,4040.0,0,0
J0204-TP-XXL,6747.0,9,2655.0,3188.5,0,0
J0204-TP-XXXL,10147.33,13,1989.0,2460.0,0,0
J0205-TP-L,774.0,2,6257.0,5959.0,0,0
J0205-TP-M,2141.0,5,4784.5,4401.5,0,0
J0205-TP-S,3579.0,9,3838.0,3188.5,1,0
J0205-TP-XL,5000.57,13,3232.0,2460.0,0,0
J0205-TP-XS,2528.0,6,4502.0,4040.0,0,0
J0205-TP-XXL,8767.14,22,2219.0,1507.5,0,0
J0205-TP-XXXL,387.0,1,6904.0,6746.5,0,1
J0207-DR-L,9682.0,11,2058.0,2774.0,0,0
J0207-DR-S,6425.0,7,2749.0,3717.5,0,0
J0207-DR-XL,9097.0,9,2161.0,3188.5,0,0
J0207-DR-XS,5998.0,6,2867.0,4040.0,0,0
J0207-DR-XXL,9416.0,10,2112.5,2967.0,0,0
J0207-DR-XXXL,8800.0,10,2211.5,2967.0,0,0
J0208-DR-L,1997.0,3,4901.0,5335.5,0,0
J0208-DR-M,1442.0,2,5438.0,5959.0,0,0
J0208-DR-S,3728.0,6,3769.0,4040.0,0,0
J0208-DR-XL,1320.0,2,5544.0,5959.0,0,0
J0208-DR-XXL,2762.0,4,4331.0,4820.5,0,0
J0208-DR-XXXL,3838.0,6,3716.5,4040.0,0,0
J0209-DR-L,14139.67,19,1497.0,1731.0,0,0
J0209-DR-M,5980.0,8,2878.0,3433.0,0,0
J0209-DR-S,5127.66,6,3187.0,4040.0,0,0
J0209-DR-XL,6733.67,8,2660.0,3433.0,0,0
J0209-DR-XS,3933.0,5,3670.0,4401.5,0,0
J0209-DR-XXL,3890.86,5,3689.0,4401.5,0,0
J0209-DR-XXXL,3734.66,5,3767.0,4401.5,0,0
J0210-DR-L,4682.0,6,3355.5,4040.0,0,0
J0210-DR-M,5107.0,6,3198.0,4040.0,0,0
J0210-DR-S,12710.0,15,1643.0,2166.0,0,0
J0210-DR-XL,14224.0,18,1490.0,1819.5,0,0
J0210-DR-XS,5024.0,6,3229.0,4040.0,0,0
J0210-DR-XXL,13886.0,17,1519.0,1923.5,0,0
J0210-DR-XXXL,5553.14,7,3034.0,3717.5,0,0
J0211-DR-L,4270.05,6,3522.0,4040.0,0,0
J0211-DR-M,3545.0,5,3859.0,4401.5,0,0
J0211-DR-S,2796.0,4,4308.5,4820.5,0,0
J0211-DR-XL,2846.0,4,4280.0,4820.5,0,0
J0211-DR-XS,699.0,1,6333.5,6746.5,0,0
J0211-DR-XXL,3595.0,5,3829.5,4401.5,0,0
J0211-DR-XXXL,2852.0,4,4274.0,4820.5,0,0
J0212-DR-L,12391.0,15,1681.0,2166.0,0,0
J0212-DR-M,8974.0,11,2181.0,2774.0,0,0
J0212-DR-S,4682.0,6,3355.5,4040.0,0,0
J0212-DR-XL,18352.33,22,1168.0,1507.5,0,0
J0212-DR-XS,791.0,1,6241.0,6746.5,0,0
J0212-DR-XXL,6115.33,7,2834.0,3717.5,0,0
J0212-DR-XXXL,16318.0,19,1320.0,1731.0,0,0
J0213-TP-L,18669.0,30,1144.0,1061.0,0,0
J0213-TP-M,19953.0,33,1059.0,945.5,0,0
J0213-TP-S,13856.0,22,1521.0,1507.5,0,0
J0213-TP-XL,17420.0,29,1241.0,1109.0,0,0
J0213-TP-XS,1198.0,2,5672.5,5959.0,0,0
J0213-TP-XXL,12933.0,21,1620.0,1576.5,0,0
J0213-TP-XXXL,16179.0,24,1328.0,1377.5,0,0
J0214-TP-L,990.0,2,5945.0,5959.0,0,0
J0214-TP-M,1485.0,3,5371.0,5335.5,0,0
J0214-TP-S,499.0,1,6732.0,6746.5,0,1
J0214-TP-XL,1595.0,5,5255.5,4401.5,0,0
J0214-TP-XXL,990.0,2,5945.0,5959.0,0,0
J0214-TP-XXXL,994.0,2,5941.5,5959.0,0,0
J0215-BL-L,6759.0,13,2653.0,2460.0,0,0
J0215-BL-M,11115.05,21,1836.0,1576.5,0,0
J0215-BL-S,9662.1,17,2064.0,1923.5,0,0
J0215-BL-XL,7978.1,14,2382.0,2308.0,0,0
J0215-BL-XXL,13374.0,21,1563.0,1576.5,0,0
J0216-BL-L,9525.0,18,2087.0,1819.5,0,0
J0216-BL-M,9204.48,16,2146.0,2039.0,0,0
J0216-BL-S,12082.0,19,1717.0,1731.0,0,0
J0216-BL-XL,12423.0,21,1678.0,1576.5,0,0
J0216-BL-XXL,10798.24,18,1893.0,1819.5,0,0
J0217-BL-L,21513.33,32,983.0,982.0,0,0
J0217-BL-M,25498.9,40,812.0,740.0,0,0
J0217-BL-S,20670.99,29,1026.0,1109.0,0,0
J0217-BL-XL,21422.0,31,990.0,1019.5,0,0
J0217-BL-XXL,10928.0,17,1870.0,1923.5,0,0
J0219-BL-L,8502.0,13,2278.0,2460.0,0,0
J0219-BL-M,16065.48,27,1336.0,1190.5,0,0
J0219-BL-S,12007.92,17,1732.0,1923.5,0,0
J0219-BL-XL,11392.91,18,1805.0,1819.5,0,0
J0219-BL-XXL,13543.0,21,1547.0,1576.5,0,0
J0220-BL-L,5575.24,9,3028.0,3188.5,0,0
J0220-BL-M,6457.0,10,2741.0,2967.0,0,0
J0220-BL-S,5488.0,8,3061.0,3433.0,0,0
J0220-BL-XL,10692.0,16,1909.0,2039.0,0,0
J0220-BL-XXL,4963.0,9,3256.0,3188.5,0,0
J0223-SKD-XXXL,1181.0,1,5709.0,6746.5,0,0
J0224-SKD-M,4550.0,3,3408.5,5335.5,0,0
J0224-SKD-XL,3186.0,2,4071.5,5959.0,0,0
J0224-SKD-XS,4321.0,3,3496.5,5335.5,0,0
J0224-SKD-XXL,4550.0,3,3408.5,5335.5,0,0
J0224-SKD-XXXL,7343.0,6,2512.0,4040.0,0,0
J0225-SKD-L,3852.0,4,3710.0,4820.5,0,0
J0225-SKD-M,5741.0,5,2960.0,4401.5,0,0
J0225-SKD-S,5741.0,5,2960.0,4401.5,0,0
J0225-SKD-XL,3778.0,4,3739.5,4820.5,0,0
J0225-SKD-XS,5136.0,4,3182.5,4820.5,0,0
J0225-SKD-XXL,5351.0,4,3101.0,4820.5,0,0
J0225-SKD-XXXL,2490.0,2,4523.0,5959.0,0,0
J0226-SKD-L,2998.0,2,4177.5,5959.0,0,0
J0226-SKD-XL,1499.0,1,5353.5,6746.5,0,0
J0226-SKD-XS,1593.0,1,5259.0,6746.5,0,0
J0226-SKD-XXL,5996.0,4,2870.0,4820.5,0,0
J0226-SKD-XXXL,7428.39,5,2495.0,4401.5,0,0
J0228-SKD-L,3389.0,2,3961.0,5959.0,0,0
J0228-SKD-M,18749.0,12,1140.0,2615.5,0,0
J0228-SKD-S,13925.0,9,1513.0,3188.5,0,0
J0228-SKD-XL,16099.0,11,1333.0,2774.0,0,0
J0228-SKD-XS,1669.0,1,5183.0,6746.5,0,0
J0228-SKD-XXL,10088.0,6,1997.0,4040.0,0,0
J0228-SKD-XXXL,16951.0,10,1277.0,2967.0,0,0
J0229-SKD-L,2378.0,2,4611.0,5959.0,0,0
J0229-SKD-S,1249.0,1,5609.0,6746.5,0,0
J0229-SKD-XL,1794.0,2,5074.0,5959.0,0,0
J0229-SKD-XXL,3735.0,3,3765.5,5335.5,0,0
J0229-SKD-XXXL,2838.0,2,4286.5,5959.0,0,0
J0230-SKD-L,318321.95,296,7.0,20.0,0,0
J0230-SKD-M,546712.2,505,2.0,5.0,0,0
J0230-SKD-S,492459.14,450,3.0,7.0,0,0
J0230-SKD-XL,270527.58,241,13.0,31.0,0,0
J0230-SKD-XS,238779.86,227,17.0,34.5,0,0
J0230-SKD-XXL,122524.9,113,52.0,155.5,0,0
J0230-SKD-XXXL,31420.85,30,604.0,1061.0,0,0
J0231-SKD-L,8676.0,7,2241.0,3717.5,0,0
J0231-SKD-M,13170.0,11,1587.0,2774.0,0,0
J0231-SKD-S,7618.0,6,2463.0,4040.0,0,0
J0231-SKD-XL,25028.75,22,832.0,1507.5,0,0
J0231-SKD-XS,1238.0,1,5626.0,6746.5,0,0
J0231-SKD-XXL,8440.36,7,2287.0,3717.5,0,0
J0231-SKD-XXXL,27774.36,24,722.0,1377.5,0,0
J0232-SKD-L,4129.04,4,3573.0,4820.5,0,0
J0232-SKD-M,1199.0,1,5666.0,6746.5,0,0
J0232-SKD-S,2412.0,2,4592.0,5959.0,0,0
J0232-SKD-XL,7748.54,7,2427.0,3717.5,0,0
J0232-SKD-XS,1213.0,1,5645.5,6746.5,0,0
J0232-SKD-XXL,6101.0,5,2840.0,4401.5,0,0
J0232-SKD-XXXL,2427.0,2,4572.0,5959.0,0,0
J0233-SKD-L,12823.0,12,1633.0,2615.5,0,0
J0233-SKD-M,17313.82,15,1252.0,2166.0,0,0
J0233-SKD-S,16578.0,15,1305.0,2166.0,0,0
J0233-SKD-XL,11551.82,9,1790.0,3188.5,0,0
J0233-SKD-XS,5196.0,4,3157.0,4820.5,0,0
J0233-SKD-XXL,10252.82,8,1974.0,3433.0,0,0
J0233-SKD-XXXL,15457.0,12,1379.0,2615.5,0,0
J0234-SKD-L,29537.0,26,664.0,1247.0,0,0
J0234-SKD-M,17700.92,16,1214.0,2039.0,0,0
J0234-SKD-S,17640.0,15,1220.0,2166.0,0,0
J0234-SKD-XL,30386.93,29,633.0,1109.0,0,0
J0234-SKD-XS,5952.0,5,2889.0,4401.5,0,0
J0234-SKD-XXL,18887.04,17,1129.0,1923.5,0,0
J0234-SKD-XXXL,25050.9,22,829.0,1507.5,0,0
J0235-SKD-L,1089.0,1,5807.0,6746.5,0,0
J0235-SKD-M,3187.0,3,4070.0,5335.5,0,0
J0235-SKD-S,2793.0,3,4312.0,5335.5,0,0
J0235-SKD-XL,2178.0,2,4760.0,5959.0,0,0
J0235-SKD-XS,1694.0,2,5165.0,5959.0,0,0
J0236-SKD-L,60276.2,68,216.0,337.0,0,0
J0236-SKD-M,30500.71,37,629.0,816.5,0,0
J0236-SKD-S,48031.0,53,326.0,508.0,0,0
J0236-SKD-XL,60224.62,69,217.0,328.5,0,0
J0236-SKD-XS,24056.1,27,880.0,1190.5,0,0
J0236-SKD-XXL,53916.39,60,265.0,411.5,0,0
J0236-SKD-XXXL,47770.0,54,331.0,489.5,0,0
J0237-SKD-L,6361.0,6,2770.0,4040.0,0,0
J0237-SKD-M,3881.0,3,3695.0,5335.5,0,0
J0237-SKD-XL,7875.0,6,2400.0,4040.0,0,0
J0237-SKD-XXL,6619.0,5,2692.0,4401.5,0,0
J0237-SKD-XXXL,8085.75,7,2353.0,3717.5,0,0
J0238-LCD-L,9914.0,5,2024.0,4401.5,0,0
J0238-LCD-S,4917.64,2,3272.0,5959.0,0,0
J0238-LCD-XL,11764.0,6,1764.0,4040.0,0,0
J0238-LCD-XS,2442.0,1,4559.5,6746.5,0,0
J0238-LCD-XXXL,3970.0,2,3645.0,5959.0,0,0
J0239-SKD-L,17814.46,14,1207.0,2308.0,0,0
J0239-SKD-M,24779.57,21,841.0,1576.5,0,0
J0239-SKD-S,10474.0,8,1937.0,3433.0,0,0
J0239-SKD-XL,29897.86,23,658.0,1445.0,0,0
J0239-SKD-XS,17534.07,14,1231.0,2308.0,0,0
J0239-SKD-XXL,19618.92,16,1079.0,2039.0,0,0
J0239-SKD-XXXL,19400.75,15,1093.0,2166.0,0,0
J0240-SKD-L,3186.0,2,4071.5,5959.0,0,0
J0240-SKD-M,11924.0,8,1744.5,3433.0,0,0
J0240-SKD-S,1593.0,1,5259.0,6746.5,0,0
J0240-SKD-XL,3242.0,3,4035.0,5335.5,0,0
J0240-SKD-XS,4779.0,3,3321.5,5335.5,0,0
J0240-SKD-XXL,3791.0,3,3734.0,5335.5,0,0
J0240-SKD-XXXL,7965.0,5,2389.0,4401.5,0,0
J0241-SKD-M,5032.0,4,3223.0,4820.5,0,0
J0241-SKD-S,6610.0,5,2695.5,4401.5,0,0
J0241-SKD-XL,13316.0,10,1567.0,2967.0,0,0
J0241-SKD-XS,2676.0,3,4388.0,5335.5,0,0
J0241-SKD-XXL,11245.7,8,1817.0,3433.0,0,0
J0241-SKD-XXXL,5352.0,4,3100.0,4820.5,0,0
J0242-SKD-L,5595.0,6,3019.0,4040.0,0,0
J0242-SKD-M,3364.0,3,3975.0,5335.5,0,0
J0242-SKD-S,1149.0,1,5743.5,6746.5,0,0
J0242-SKD-XS,1149.0,1,5743.5,6746.5,0,0
J0242-SKD-XXL,3447.0,4,3921.0,4820.5,0,0
J0242-SKD-XXXL,1279.0,1,5585.0,6746.5,0,0
J0243-DR-L,14921.43,16,1424.0,2039.0,0,0
J0243-DR-M,19254.29,19,1101.0,1731.0,0,0
J0243-DR-S,20202.0,18,1046.0,1819.5,0,0
J0243-DR-XL,27812.43,28,721.0,1147.0,0,0
J0243-DR-XS,4979.0,5,3244.0,4401.5,0,0
J0243-DR-XXL,10937.43,11,1869.0,2774.0,0,0
J0243-DR-XXXL,26153.58,26,788.0,1247.0,0,0
J0244-SKD-L,86990.72,77,113.0,277.0,0,0
J0244-SKD-M,72096.1,64,158.0,374.0,0,0
J0244-SKD-S,50373.01,45,301.0,637.0,0,0
J0244-SKD-XL,39764.75,36,429.0,849.5,0,0
J0244-SKD-XS,10988.0,10,1861.0,2967.0,0,0
J0244-SKD-XXL,14093.0,14,1500.5,2308.0,0,0
J0244-SKD-XXXL,44170.21,37,373.0,816.5,0,0
J0245-SKD-L,13645.0,13,1541.0,2460.0,0,0
J0245-SKD-M,6891.0,7,2618.0,3717.5,0,0
J0245-SKD-S,8079.0,7,2355.0,3717.5,0,0
J0245-SKD-XL,8288.0,9,2315.0,3188.5,0,0
J0245-SKD-XS,1133.0,2,5757.0,5959.0,0,0
J0245-SKD-XXL,6995.0,6,2596.5,4040.0,0,0
J0245-SKD-XXXL,7996.0,7,2376.0,3717.5,0,0
J0246-SKD-L,1152.0,1,5739.5,6746.5,0,0
J0246-SKD-XS,1152.0,1,5739.5,6746.5,0,0
J0246-SKD-XXXL,1279.0,1,5585.0,6746.5,0,0
J0247-SKD-L,6741.0,9,2656.5,3188.5,0,0
J0247-SKD-M,13172.0,16,1586.0,2039.0,0,0
J0247-SKD-S,8524.0,12,2275.0,2615.5,0,0
J0247-SKD-XS,7684.0,10,2447.0,2967.0,0,0
J0247-SKD-XXL,2417.0,3,4585.5,5335.5,0,0
J0247-SKD-XXXL,4748.0,6,3333.0,4040.0,0,0
J0248-KR-DPT-L,10947.0,12,1868.0,2615.5,0,0
J0248-KR-DPT-M,7863.0,9,2404.0,3188.5,0,0
J0248-KR-DPT-S,4560.0,6,3403.0,4040.0,0,0
J0248-KR-DPT-XL,6769.0,9,2651.0,3188.5,0,0
J0248-KR-DPT-XS,4705.0,5,3351.0,4401.5,0,0
J0248-KR-DPT-XXL,11867.0,14,1750.0,2308.0,0,0
J0248-KR-DPT-XXXL,8008.0,9,2374.5,3188.5,0,0
J0249-SKD-L,10798.0,12,1894.0,2615.5,0,0
J0249-SKD-S,3088.0,5,4114.0,4401.5,0,0
J0249-SKD-XL,5610.0,7,3010.0,3717.5,0,0
J0249-SKD-XS,1878.0,2,5008.0,5959.0,0,0
J0249-SKD-XXL,2817.0,3,4299.0,5335.5,0,0
J0249-SKD-XXXL,1878.0,2,5008.0,5959.0,0,0
J0250-SKD-L,6519.0,9,2718.0,3188.5,0,0
J0250-SKD-M,2900.0,4,4244.5,4820.5,0,0
J0250-SKD-XL,4442.0,6,3446.0,4040.0,0,0
J0250-SKD-XS,605.0,1,6512.5,6746.5,0,1
J0250-SKD-XXL,4284.0,6,3515.0,4040.0,0,0
J0250-SKD-XXXL,5841.48,9,2931.0,3188.5,0,0
J0251-SKD-L,763.0,1,6276.0,6746.5,0,0
J0251-SKD-M,3717.0,5,3773.5,4401.5,0,0
J0251-SKD-S,2213.0,3,4727.5,5335.5,0,0
J0251-SKD-XL,3014.0,4,4166.5,4820.5,0,0
J0251-SKD-XS,3581.0,5,3836.0,4401.5,0,0
J0251-SKD-XXL,1488.0,2,5366.5,5959.0,0,0
J0251-SKD-XXXL,2900.0,5,4244.5,4401.5,0,0
J0252-SKD-L,4201.0,6,3546.0,4040.0,0,0
J0252-SKD-M,2777.0,3,4322.0,5335.5,0,0
J0252-SKD-S,2793.0,3,4312.0,5335.5,0,0
J0252-SKD-XL,8267.0,10,2320.0,2967.0,0,0
J0252-SKD-XS,5260.0,6,3134.0,4040.0,0,0
J0252-SKD-XXL,2737.0,3,4353.5,5335.5,0,0
J0252-SKD-XXXL,2777.0,3,4322.0,5335.5,0,0
J0254-SKD-L,1517.0,2,5339.5,5959.0,0,0
J0254-SKD-M,3117.0,4,4100.0,4820.5,0,0
J0254-SKD-S,2660.0,3,4401.5,5335.5,0,0
J0254-SKD-XL,789.0,1,6246.0,6746.5,0,0
J0254-SKD-XS,1999.0,3,4896.0,5335.5,0,0
J0254-SKD-XXL,750.0,1,6294.0,6746.5,0,0
J0254-SKD-XXXL,2328.0,3,4644.5,5335.5,0,0
J0277-SKD-L,71604.18,59,160.0,423.5,0,0
J0277-SKD-M,58941.0,43,224.0,676.0,0,0
J0277-SKD-S,40693.0,30,416.0,1061.0,0,0
J0277-SKD-XL,55958.54,45,247.0,637.0,0,0
J0277-SKD-XS,10248.0,8,1975.0,3433.0,0,0
J0277-SKD-XXL,17525.0,14,1232.0,2308.0,0,0
J0277-SKD-XXXL,36978.0,27,481.0,1190.5,0,0
J0278-SET-M,5327.0,7,3114.5,3717.5,0,0
J0278-SET-S,5148.0,7,3177.0,3717.5,0,0
J0278-SET-XL,761.0,1,6278.5,6746.5,0,0
J0278-SET-XXL,2127.0,3,4792.5,5335.5,0,0
J0278-SET-XXXL,5327.0,7,3114.5,3717.5,0,0
J0279-SET-L,1850.0,3,5026.0,5335.5,0,0
J0279-SET-M,2395.0,3,4607.0,5335.5,0,0
J0279-SET-S,2455.0,3,4551.0,5335.5,0,0
J0279-SET-XL,1747.38,2,5107.0,5959.0,0,0
J0279-SET-XXL,895.0,1,6095.0,6746.5,0,0
J0279-SET-XXXL,1790.0,2,5076.0,5959.0,0,0
J0280-SKD-L,42404.0,31,392.0,1019.5,0,0
J0280-SKD-M,48146.25,34,325.0,912.5,0,0
J0280-SKD-S,78768.25,59,136.0,423.5,0,0
J0280-SKD-XL,42305.76,30,393.0,1061.0,0,0
J0280-SKD-XS,51269.0,36,290.0,849.5,0,0
J0280-SKD-XXL,24624.0,16,849.0,2039.0,0,0
J0280-SKD-XXXL,28386.18,20,703.0,1651.5,0,0
J0281-SKD-L,28541.58,20,700.0,1651.5,0,0
J0281-SKD-M,11104.0,10,1841.0,2967.0,0,0
J0281-SKD-S,69934.21,55,172.0,474.0,0,0
J0281-SKD-XL,55218.42,44,252.0,657.0,0,0
J0281-SKD-XS,45480.0,33,354.0,945.5,0,0
J0281-SKD-XXL,24343.0,22,868.0,1507.5,0,0
J0281-SKD-XXXL,20527.0,16,1032.0,2039.0,0,0
J0282-SET-L,3996.0,4,3628.0,4820.5,0,0
J0282-SET-M,3948.42,4,3659.0,4820.5,0,0
J0282-SET-S,4999.43,5,3234.0,4401.5,0,0
J0282-SET-XL,3948.43,4,3658.0,4820.5,0,0
J0282-SET-XS,2949.43,3,4205.0,5335.5,0,0
J0282-SET-XXL,1604.0,3,5241.5,5335.5,0,0
J0282-SET-XXXL,7992.0,9,2377.5,3188.5,0,0
J0283-SET-L,47560.0,48,334.0,584.5,0,0
J0283-SET-M,30720.32,32,618.0,982.0,0,0
J0283-SET-S,9493.0,10,2094.0,2967.0,0,0
J0283-SET-XL,39371.45,45,435.0,637.0,0,0
J0283-SET-XS,8035.0,8,2363.0,3433.0,0,0
J0283-SET-XXL,28937.32,30,683.0,1061.0,0,0
J0283-SET-XXXL,22990.0,24,930.0,1377.5,0,0
J0284-SKD-L,8574.0,8,2261.0,3433.0,0,0
J0284-SKD-M,7461.0,6,2486.0,4040.0,0,0
J0284-SKD-S,25646.92,22,809.0,1507.5,0,0
J0284-SKD-XL,2341.46,2,4636.0,5959.0,0,0
J0284-SKD-XS,2413.0,2,4591.0,5959.0,0,0
J0284-SKD-XXXL,11418.0,10,1803.0,2967.0,0,0
J0285-SKD-L,92930.32,71,98.0,314.5,0,0
J0285-SKD-M,93730.53,70,96.0,321.5,0,0
J0285-SKD-S,74777.96,53,150.0,508.0,0,0
J0285-SKD-XL,108653.0,83,71.0,243.5,0,0
J0285-SKD-XS,64595.0,47,198.0,601.0,0,0
J0285-SKD-XXL,68538.96,53,182.0,508.0,0,0
J0285-SKD-XXXL,52216.0,41,278.0,718.0,0,0
J0286-KR-L,1532.0,2,5329.0,5959.0,0,0
J0290-CD-L,1602.0,3,5244.5,5335.5,0,0
J0290-CD-S,1586.0,3,5268.0,5335.5,0,0
J0290-CD-XL,1602.0,4,5244.5,4820.5,0,0
J0290-CD-XXL,2120.0,4,4798.5,4820.5,0,0
J0291-JS-L,1196.0,1,5684.0,6746.5,0,0
J0291-JS-M,2577.0,3,4466.0,5335.5,0,0
J0291-JS-S,6013.0,7,2865.5,3717.5,0,0
J0291-JS-XL,859.0,1,6150.0,6746.5,0,0
J0291-JS-XS,2055.0,2,4858.0,5959.0,0,0
J0291-JS-XXXL,859.0,1,6150.0,6746.5,0,0
J0292-TP-L,342.86,1,6985.0,6746.5,0,1
J0292-TP-S,2890.91,8,4250.0,3433.0,1,0
J0292-TP-XL,1359.0,3,5504.0,5335.5,0,0
J0292-TP-XS,5181.86,13,3161.0,2460.0,0,0
J0292-TP-XXL,2245.0,6,4708.0,4040.0,0,0
J0292-TP-XXXL,360.0,1,6954.0,6746.5,0,1
J0293-DR-M,1337.0,3,5522.0,5335.5,0,0
J0293-DR-S,5806.52,12,2942.0,2615.5,0,0
J0293-DR-XL,450.0,1,6822.5,6746.5,0,1
J0293-DR-XS,3371.0,7,3974.0,3717.5,0,0
J0293-DR-XXL,450.0,1,6822.5,6746.5,0,1
J0294-TP-S,2566.14,6,4469.0,4040.0,0,0
J0294-TP-XL,1755.0,4,5101.5,4820.5,0,0
J0294-TP-XS,6352.0,16,2772.0,2039.0,0,0
J0294-TP-XXL,1565.0,4,5290.0,4820.5,0,0
J0294-TP-XXXL,754.0,2,6289.0,5959.0,0,0
J0295-DR-L,23739.3,27,901.0,1190.5,0,0
J0295-DR-M,33598.0,41,556.0,718.0,0,0
J0295-DR-S,11504.0,13,1795.0,2460.0,0,0
J0295-DR-XL,16404.0,19,1315.0,1731.0,0,0
J0295-DR-XS,4295.0,5,3507.0,4401.5,0,0
J0295-DR-XXL,13744.0,16,1530.0,2039.0,0,0
J0295-DR-XXXL,15463.2,18,1378.0,1819.5,0,0
J0296-DR-M,519.0,1,6673.0,6746.5,0,1
J0296-DR-S,1038.0,3,5863.0,5335.5,0,0
J0296-DR-XS,8365.29,16,2294.0,2039.0,0,0
J0296-DR-XXL,519.0,1,6673.0,6746.5,0,1
J0297-TP-L,30192.0,52,641.0,526.5,0,0
J0297-TP-M,19509.67,34,1083.0,912.5,0,0
J0297-TP-S,8784.0,16,2216.0,2039.0,0,0
J0297-TP-XL,9455.0,17,2103.5,1923.5,0,0
J0297-TP-XS,7287.0,13,2524.0,2460.0,0,0
J0297-TP-XXL,11059.67,20,1850.0,1651.5,0,0
J0297-TP-XXXL,4398.0,8,3458.0,3433.0,0,0
J0298-DR-S,1011.0,2,5910.0,5959.0,0,0
J0298-DR-XS,3055.52,6,4142.0,4040.0,0,0
J0299-KR-L,690.0,2,6349.5,5959.0,0,0
J0299-KR-M,2053.57,6,4859.0,4040.0,0,0
J0299-KR-S,4735.0,14,3338.0,2308.0,0,0
J0299-KR-XL,684.0,2,6360.5,5959.0,0,0
J0299-KR-XS,2070.0,6,4843.5,4040.0,0,0
J0299-KR-XXL,342.0,1,6986.0,6746.5,0,1
J0299-KR-XXXL,2061.0,6,4854.0,4040.0,0,0
J0300-TP-L,837.0,3,6190.5,5335.5,0,0
J0300-TP-S,279.0,1,7149.0,6746.5,0,1
J0300-TP-XL,4346.0,14,3487.0,2308.0,0,0
J0300-TP-XXL,2956.0,9,4200.5,3188.5,1,0
J0300-TP-XXXL,5559.0,17,3031.0,1923.5,0,0
J0301-TP-L,74655.52,139,151.0,106.5,0,0
J0301-TP-M,57191.89,111,239.0,163.0,0,0
J0301-TP-S,39198.09,77,438.0,277.0,0,0
J0301-TP-XL,75807.14,138,146.0,110.5,0,0
J0301-TP-XS,22671.0,43,942.0,676.0,0,0
J0301-TP-XXL,61469.81,117,210.0,146.0,0,0
J0301-TP-XXXL,33838.0,68,549.0,337.0,0,0
J0302-DR-XL,513.33,1,6719.0,6746.5,0,1
J0302-DR-XS,1078.0,2,5820.0,5959.0,0,0
J0302-DR-XXL,1623.0,3,5232.5,5335.5,0,0
J0302-DR-XXXL,2470.0,4,4541.0,4820.5,0,0
J0303-KR-XS,416.0,1,6876.0,6746.5,0,1
J0304-TP-XL,899.0,3,6086.0,5335.5,0,0
J0304-TP-XS,1188.0,4,5693.0,4820.5,0,0
J0304-TP-XXL,1188.0,4,5693.0,4820.5,0,0
J0304-TP-XXXL,1188.0,4,5693.0,4820.5,0,0
J0305-DR-L,774.0,1,6257.0,6746.5,0,0
J0305-DR-M,613.0,1,6486.0,6746.5,0,0
J0305-DR-S,1226.0,2,5636.5,5959.0,0,0
J0305-DR-XS,2686.0,4,4378.0,4820.5,0,0
J0305-DR-XXL,3758.0,6,3753.0,4040.0,0,0
J0306-DR-L,11579.14,16,1785.0,2039.0,0,0
J0306-DR-M,16575.47,21,1306.0,1576.5,0,0
J0306-DR-S,11802.0,17,1760.0,1923.5,0,0
J0306-DR-XL,11493.47,15,1796.0,2166.0,0,0
J0306-DR-XS,9575.0,11,2076.0,2774.0,0,0
J0306-DR-XXL,16682.0,20,1298.0,1651.5,0,0
J0306-DR-XXXL,10146.0,13,1990.0,2460.0,0,0
J0307-TP-L,518.0,1,6690.5,6746.5,0,1
J0307-TP-M,2072.0,4,4838.0,4820.5,0,0
J0307-TP-S,518.0,1,6690.5,6746.5,0,1
J0307-TP-XL,1036.0,2,5874.5,5959.0,0,0
J0307-TP-XS,1765.0,3,5097.0,5335.5,0,0
J0307-TP-XXL,1036.0,2,5874.5,5959.0,0,0
J0307-TP-XXXL,2590.0,5,4454.5,4401.5,0,0
J0308-DR-L,35607.8,55,506.0,474.0,0,0
J0308-DR-M,23416.33,37,909.0,816.5,0,0
J0308-DR-S,9492.33,14,2095.0,2308.0,0,0
J0308-DR-XL,30179.48,44,642.0,657.0,0,0
J0308-DR-XS,10497.0,15,1933.0,2166.0,0,0
J0308-DR-XXL,46759.48,73,343.0,302.5,0,0
J0308-DR-XXXL,52854.66,80,274.0,260.5,0,0
J0310-TP-L,1324.0,4,5540.5,4820.5,0,0
J0310-TP-M,1647.0,5,5196.5,4401.5,0,0
J0310-TP-S,339.0,1,6988.5,6746.5,0,1
J0310-TP-XL,2018.0,6,4888.0,4040.0,0,0
J0310-TP-XS,339.0,1,6988.5,6746.5,0,1
J0310-TP-XXL,1340.0,4,5520.0,4820.5,0,0
J0314-KR-L,761.0,1,6278.5,6746.5,0,0
J0314-KR-M,2317.0,3,4650.5,5335.5,0,0
J0314-KR-S,1522.0,2,5334.0,5959.0,0,0
J0314-KR-XL,2283.0,3,4679.5,5335.5,0,0
J0319-KR-L,1742.0,2,5113.0,5959.0,0,0
J0319-KR-S,871.0,1,6132.5,6746.5,0,0
J0319-KR-XL,829.52,2,6203.0,5959.0,0,0
J0319-KR-XXL,871.0,1,6132.5,6746.5,0,0
J0323-CD-L,1576.57,3,5280.0,5335.5,0,0
J0323-CD-M,493.33,1,6752.0,6746.5,0,1
J0323-CD-S,534.0,1,6653.0,6746.5,0,1
J0323-CD-XXL,534.0,1,6653.0,6746.5,0,1
J0324-CD-L,0.0,1,7187.5,6746.5,0,1
J0328-KR-L,12207.0,13,1705.0,2460.0,0,0
J0328-KR-M,927.0,1,6044.5,6746.5,0,0
J0328-KR-S,1878.0,2,5008.0,5959.0,0,0
J0328-KR-XL,939.0,1,6036.5,6746.5,0,0
J0328-KR-XS,7232.0,8,2540.0,3433.0,0,0
J0328-KR-XXL,14608.0,16,1457.0,2039.0,0,0
J0328-KR-XXXL,11093.0,13,1843.0,2460.0,0,0
J0329-KR-L,5436.0,7,3078.0,3717.5,0,0
J0329-KR-M,3661.0,5,3797.5,4401.5,0,0
J0329-KR-S,4635.0,6,3369.0,4040.0,0,0
J0329-KR-XL,11113.9,14,1837.0,2308.0,0,0
J0329-KR-XS,4780.0,6,3320.0,4040.0,0,0
J0329-KR-XXL,6332.0,8,2776.0,3433.0,0,0
J0329-KR-XXXL,10208.0,13,1982.0,2460.0,0,0
J0330-KR-L,1725.0,3,5127.0,5335.5,0,0
J0330-KR-M,1725.0,3,5127.0,5335.5,0,0
J0330-KR-XL,1150.0,2,5742.0,5959.0,0,0
J0330-KR-XS,1174.0,2,5719.0,5959.0,0,0
J0330-KR-XXL,1773.0,3,5091.0,5335.5,0,0
J0330-KR-XXXL,1725.0,3,5127.0,5335.5,0,0
J0331-KR-L,7980.38,11,2379.0,2774.0,0,0
J0331-KR-M,7248.38,9,2537.0,3188.5,0,0
J0331-KR-S,4110.0,5,3581.0,4401.5,0,0
J0331-KR-XL,6506.0,8,2720.5,3433.0,0,0
J0331-KR-XS,832.0,1,6201.5,6746.5,0,0
J0331-KR-XXL,6379.0,8,2765.5,3433.0,0,0
J0331-KR-XXXL,14439.0,18,1469.0,1819.5,0,0
J0332-DR-L,3495.0,5,3890.0,4401.5,0,0
J0332-DR-M,8931.0,13,2192.5,2460.0,0,0
J0332-DR-S,14210.71,18,1492.0,1819.5,0,0
J0332-DR-XL,15051.0,22,1413.0,1507.5,0,0
J0332-DR-XS,8810.0,13,2208.0,2460.0,0,0
J0332-DR-XXL,25961.0,36,798.0,849.5,0,0
J0332-DR-XXXL,11732.0,16,1769.0,2039.0,0,0
J0333-DR-L,14870.0,18,1427.0,1819.5,0,0
J0333-DR-M,6780.0,8,2648.0,3433.0,0,0
J0333-DR-S,5130.0,6,3185.0,4040.0,0,0
J0333-DR-XL,11091.42,14,1844.0,2308.0,0,0
J0333-DR-XS,1650.0,2,5193.5,5959.0,0,0
J0333-DR-XXL,9697.57,11,2055.0,2774.0,0,0
J0333-DR-XXXL,29958.57,36,652.0,849.5,0,0
J0334-TP-L,13621.48,25,1542.0,1307.0,0,0
J0334-TP-M,25918.0,48,801.0,584.5,0,0
J0334-TP-S,23268.86,41,913.0,718.0,0,0
J0334-TP-XL,11919.62,22,1746.0,1507.5,0,0
J0334-TP-XS,13164.05,24,1589.0,1377.5,0,0
J0334-TP-XXL,8980.0,15,2179.0,2166.0,0,0
J0334-TP-XXXL,4530.0,8,3415.5,3433.0,0,0
J0335-DR-L,134338.47,148,44.0,92.5,0,0
J0335-DR-M,83225.57,97,123.0,197.5,0,0
J0335-DR-S,41469.48,49,405.0,570.0,0,0
J0335-DR-XL,93480.14,101,97.0,185.5,0,0
J0335-DR-XS,34735.24,38,530.0,786.5,0,0
J0335-DR-XXL,60686.47,64,212.0,374.0,0,0
J0335-DR-XXXL,19154.1,22,1110.0,1507.5,0,0
J0336-TP-L,21036.0,31,1005.0,1019.5,0,0
J0336-TP-M,17488.0,27,1239.0,1190.5,0,0
J0336-TP-S,7650.0,12,2458.0,2615.5,0,0
J0336-TP-XL,15245.0,24,1400.0,1377.5,0,0
J0336-TP-XS,4417.0,7,3451.0,3717.5,0,0
J0336-TP-XXL,15130.0,23,1409.0,1445.0,0,0
J0336-TP-XXXL,24037.0,37,882.0,816.5,0,0
J0337-TP-L,17310.0,30,1253.0,1061.0,0,0
J0337-TP-M,15082.0,29,1411.0,1109.0,0,0
J0337-TP-S,9386.0,19,2120.0,1731.0,0,0
J0337-TP-XL,8009.43,15,2373.0,2166.0,0,0
J0337-TP-XS,8528.0,16,2274.0,2039.0,0,0
J0337-TP-XXL,11763.0,21,1765.0,1576.5,0,0
J0337-TP-XXXL,10719.0,20,1904.5,1651.5,0,0
J0338-DR-L,46423.82,58,345.0,435.5,0,0
J0338-DR-M,20859.0,26,1017.0,1247.0,0,0
J0338-DR-S,43699.14,53,380.0,508.0,0,0
J0338-DR-XL,38059.96,43,460.0,676.0,0,0
J0338-DR-XS,40762.0,50,414.0,554.5,0,0
J0338-DR-XXL,14634.0,18,1452.0,1819.5,0,0
J0338-DR-XXXL,24046.0,29,881.0,1109.0,0,0
J0339-DR-L,107879.61,135,72.0,115.5,0,0
J0339-DR-M,129343.33,159,46.0,80.0,0,0
J0339-DR-S,90500.57,112,103.0,159.5,0,0
J0339-DR-XL,144753.14,181,40.0,60.0,0,0
J0339-DR-XS,34743.57,43,529.0,676.0,0,0
J0339-DR-XXL,100332.33,118,82.0,142.0,0,0
J0339-DR-XXXL,76887.14,94,142.0,206.5,0,0
J0340-TP-L,33785.38,53,550.0,508.0,0,0
J0340-TP-M,57545.0,86,234.0,230.5,0,0
J0340-TP-S,48376.14,66,320.0,354.5,0,0
J0340-TP-XL,15268.0,24,1398.0,1377.5,0,0
J0340-TP-XS,44335.38,68,369.0,337.0,0,0
J0340-TP-XXL,19200.0,28,1108.0,1147.0,0,0
J0340-TP-XXXL,8027.0,13,2369.0,2460.0,0,0
J0341-DR-L,231175.04,292,18.0,22.0,0,0
J0341-DR-M,239003.42,293,16.0,21.0,0,0
J0341-DR-S,225824.45,278,19.0,26.0,0,0
J0341-DR-XL,170079.48,213,29.0,39.5,0,0
J0341-DR-XS,118548.33,151,57.0,87.0,0,0
J0341-DR-XXL,182286.29,209,27.0,43.5,0,0
J0341-DR-XXXL,161867.86,192,32.0,53.0,0,0
J0342-TP-L,30620.14,48,623.0,584.5,0,0
J0342-TP-M,27488.0,42,739.0,698.0,0,0
J0342-TP-S,21917.0,36,969.0,849.5,0,0
J0342-TP-XL,6832.01,11,2631.0,2774.0,0,0
J0342-TP-XS,12374.0,19,1682.0,1731.0,0,0
J0342-TP-XXL,8310.0,14,2309.0,2308.0,0,0
J0342-TP-XXXL,10135.33,16,1992.0,2039.0,0,0
J0343-DR-L,26571.0,34,771.0,912.5,0,0
J0343-DR-M,81804.86,97,126.0,197.5,0,0
J0343-DR-S,41424.86,52,406.0,526.5,0,0
J0343-DR-XL,74277.57,90,153.0,216.0,0,0
J0343-DR-XS,20979.0,26,1012.0,1247.0,0,0
J0343-DR-XXL,58473.0,69,229.0,328.5,0,0
J0343-DR-XXXL,70591.0,81,169.0,257.0,0,0
J0344-TP-L,59687.82,102,220.0,182.0,0,0
J0344-TP-M,54915.48,95,257.0,203.0,0,0
J0344-TP-S,31904.0,56,591.0,460.0,0,0
J0344-TP-XL,43296.8,78,384.0,271.0,0,0
J0344-TP-XS,16168.81,30,1329.0,1061.0,0,0
J0344-TP-XXL,38686.43,68,449.0,337.0,0,0
J0344-TP-XXXL,25370.0,46,815.0,616.0,0,0
J0345-SET-L,4383.24,9,3466.0,3188.5,0,0
J0345-SET-M,997.0,2,5939.0,5959.0,0,0
J0345-SET-XL,7337.0,15,2515.0,2166.0,0,0
J0345-SET-XS,1912.0,4,4979.0,4820.5,0,0
J0345-SET-XXL,4014.0,8,3620.0,3433.0,1,0
J0345-SET-XXXL,7684.48,16,2446.0,2039.0,0,0
J0346-SET-L,19635.04,41,1078.0,718.0,0,0
J0346-SET-S,1904.0,4,4987.5,4820.5,0,0
J0346-SET-XL,31592.14,66,596.0,354.5,0,0
J0346-SET-XS,9963.9,20,2014.0,1651.5,0,0
J0346-SET-XXL,11549.24,25,1792.0,1307.0,0,0
J0346-SET-XXXL,10992.24,23,1858.0,1445.0,0,0
J0347-SET-L,3101.0,5,4108.0,4401.5,0,0
J0347-SET-XL,11668.6,19,1773.0,1731.0,0,0
J0347-SET-XS,3178.48,5,4076.0,4401.5,0,0
J0347-SET-XXL,1863.0,4,5019.5,4820.5,0,0
J0347-SET-XXXL,4318.0,7,3499.0,3717.5,0,0
J0348-SET-L,11992.38,26,1735.0,1247.0,0,0
J0348-SET-M,5862.48,13,2924.0,2460.0,0,0
J0348-SET-S,7257.9,16,2533.0,2039.0,0,0
J0348-SET-XL,4863.0,11,3292.0,2774.0,0,0
J0348-SET-XS,5115.0,11,3194.0,2774.0,0,0
J0348-SET-XXL,2418.0,5,4584.0,4401.5,0,0
J0348-SET-XXXL,2854.0,6,4272.0,4040.0,0,0
J0349-SET-L,89845.23,114,104.0,152.5,0,0
J0349-SET-M,89488.65,111,105.0,163.0,0,0
J0349-SET-S,83398.23,104,122.0,177.5,0,0
J0349-SET-XL,37658.57,45,467.0,637.0,0,0
J0349-SET-XS,56147.0,71,246.0,314.5,0,0
J0349-SET-XXL,21505.0,25,984.0,1307.0,0,0
J0349-SET-XXXL,24626.42,29,848.0,1109.0,0,0
J0350-SET-L,2712.72,6,4366.0,4040.0,0,0
J0350-SET-M,1391.24,3,5474.0,5335.5,0,0
J0350-SET-XL,9106.24,18,2159.0,1819.5,0,0
J0350-SET-XS,1561.0,3,5296.0,5335.5,0,0
J0350-SET-XXL,3259.0,7,4023.0,3717.5,0,0
J0350-SET-XXXL,2930.0,6,4219.5,4040.0,0,0
J0351-SET-L,25871.0,35,806.0,881.0,0,0
J0351-SET-M,4740.0,6,3335.0,4040.0,0,0
J0351-SET-S,11625.0,16,1778.0,2039.0,0,0
J0351-SET-XL,10680.96,15,1912.0,2166.0,0,0
J0351-SET-XS,5301.0,7,3122.0,3717.5,0,0
J0351-SET-XXL,6845.0,9,2627.5,3188.5,0,0
J0351-SET-XXXL,11599.0,15,1783.0,2166.0,0,0
J0352-KR-L,4461.0,8,3439.0,3433.0,0,0
J0352-KR-M,6269.76,10,2792.0,2967.0,0,0
J0352-KR-S,10180.0,16,1986.0,2039.0,0,0
J0352-KR-XL,6277.28,10,2789.0,2967.0,0,0
J0352-KR-XXL,13106.0,20,1601.0,1651.5,0,0
J0353-KR-L,8065.0,13,2356.0,2460.0,0,0
J0353-KR-M,9343.0,15,2128.0,2166.0,0,0
J0353-KR-S,4891.33,8,3281.0,3433.0,0,0
J0353-KR-XL,27564.33,45,736.0,637.0,0,0
J0353-KR-XXL,16320.0,27,1319.0,1190.5,0,0
J0354-KR-L,19764.95,32,1070.0,982.0,0,0
J0354-KR-M,19407.0,31,1091.0,1019.5,0,0
J0354-KR-S,13115.0,22,1599.0,1507.5,0,0
J0354-KR-XL,9811.95,17,2038.0,1923.5,0,0
J0354-KR-XXL,15403.0,25,1382.0,1307.0,0,0
J0355-KR-L,28047.43,45,711.0,637.0,0,0
J0355-KR-M,20565.76,34,1031.0,912.5,0,0
J0355-KR-S,12033.57,21,1727.0,1576.5,0,0
J0355-KR-XL,8026.52,13,2370.0,2460.0,0,0
J0355-KR-XXL,14030.33,23,1503.0,1445.0,0,0
J0369-SKD-L,7664.54,7,2453.0,3717.5,0,0
J0369-SKD-M,13173.5,12,1585.0,2615.5,0,0
J0369-SKD-S,8093.0,8,2352.0,3433.0,0,0
J0369-SKD-XL,4278.25,4,3519.0,4820.5,0,0
J0369-SKD-XS,4396.0,4,3459.5,4820.5,0,0
J0369-SKD-XXL,2198.0,2,4740.0,5959.0,0,0
J0369-SKD-XXXL,3297.0,3,4006.0,5335.5,0,0
J0370-SKD-L,936.0,1,6040.0,6746.5,0,0
J0370-SKD-S,3134.0,4,4092.5,4820.5,0,0
J0370-SKD-XL,6715.0,7,2665.0,3717.5,0,0
J0370-SKD-XS,2035.0,2,4878.0,5959.0,0,0
J0370-SKD-XXL,2056.0,3,4857.0,5335.5,0,0
J0370-SKD-XXXL,10012.0,10,2007.0,2967.0,0,0
J0371-SKD-M,1072.0,1,5826.0,6746.5,0,0
J0371-SKD-S,2198.0,2,4740.0,5959.0,0,0
J0371-SKD-XL,1199.0,1,5666.0,6746.5,0,0
J0371-SKD-XS,4974.0,5,3247.5,4401.5,0,0
J0371-SKD-XXL,4369.0,4,3479.0,4820.5,0,0
J0371-SKD-XXXL,2171.0,2,4765.0,5959.0,0,0
J0372-SKD-L,21552.0,21,981.0,1576.5,0,0
J0372-SKD-M,17007.5,16,1272.0,2039.0,0,0
J0372-SKD-S,7199.0,7,2544.5,3717.5,0,0
J0372-SKD-XL,3231.0,5,4038.0,4401.5,0,0
J0372-SKD-XS,5706.0,6,2976.0,4040.0,0,0
J0372-SKD-XXL,9616.0,9,2068.0,3188.5,0,0
J0372-SKD-XXXL,7199.0,7,2544.5,3717.5,0,0
J0373-KR-L,7102.0,12,2571.5,2615.5,0,0
J0373-KR-M,9501.1,16,2091.0,2039.0,0,0
J0373-KR-S,6421.0,11,2753.0,2774.0,0,0
J0373-KR-XL,10447.43,18,1944.0,1819.5,0,0
J0373-KR-XS,8820.0,15,2207.0,2166.0,0,0
J0373-KR-XXL,13130.86,24,1594.0,1377.5,0,0
J0373-KR-XXXL,9721.43,17,2051.0,1923.5,0,0
J0374-KR-L,3666.0,6,3792.0,4040.0,0,0
J0374-KR-M,605.0,1,6512.5,6746.5,0,1
J0374-KR-XL,2420.0,4,4582.5,4820.5,0,0
J0374-KR-XS,1210.0,2,5648.5,5959.0,0,0
J0374-KR-XXL,3034.0,5,4154.5,4401.5,0,0
J0374-KR-XXXL,3061.0,5,4134.0,4401.5,0,0
J0375-SKD-L,4196.0,4,3547.0,4820.5,0,0
J0375-SKD-M,4152.0,4,3564.0,4820.5,0,0
J0375-SKD-S,2803.0,4,4304.5,4820.5,0,0
J0375-SKD-XL,10978.0,12,1863.0,2615.5,0,0
J0375-SKD-XS,2098.0,2,4815.0,5959.0,0,0
J0375-SKD-XXL,2198.0,2,4740.0,5959.0,0,0
J0375-SKD-XXXL,6194.0,6,2806.0,4040.0,0,0
J0376-SKD-L,31990.33,33,590.0,945.5,0,0
J0376-SKD-M,25324.0,26,817.0,1247.0,0,0
J0376-SKD-S,38077.08,39,459.0,761.5,0,0
J0376-SKD-XL,33376.0,35,564.0,881.0,0,0
J0376-SKD-XS,25113.54,26,826.0,1247.0,0,0
J0376-SKD-XXL,41858.0,42,402.0,698.0,0,0
J0376-SKD-XXXL,23245.0,23,915.0,1445.0,0,0
J0377-SKD-L,25193.43,24,824.0,1377.5,0,0
J0377-SKD-M,20690.0,21,1024.0,1576.5,0,0
J0377-SKD-S,3297.0,3,4006.0,5335.5,0,0
J0377-SKD-XL,29534.86,28,665.0,1147.0,0,0
J0377-SKD-XS,4096.0,4,3590.0,4820.5,0,0
J0377-SKD-XXL,22004.0,21,967.0,1576.5,0,0
J0377-SKD-XXXL,16654.0,15,1301.0,2166.0,0,0
J0378-SKD-L,2897.0,3,4248.0,5335.5,0,0
J0378-SKD-M,5589.0,5,3022.0,4401.5,0,0
J0378-SKD-S,3344.0,3,3985.0,5335.5,0,0
J0378-SKD-XL,9087.0,8,2163.0,3433.0,0,0
J0378-SKD-XS,2292.0,2,4676.0,5959.0,0,0
J0378-SKD-XXL,5508.0,5,3053.0,4401.5,0,0
J0378-SKD-XXXL,3357.0,3,3978.0,5335.5,0,0
J0379-SKD-L,67733.0,54,187.0,489.5,0,0
J0379-SKD-M,53729.43,42,267.0,698.0,0,0
J0379-SKD-S,40557.04,32,418.0,982.0,0,0
J0379-SKD-XL,41939.43,32,400.0,982.0,0,0
J0379-SKD-XS,17551.0,13,1228.0,2460.0,0,0
J0379-SKD-XXL,26069.0,25,795.0,1307.0,0,0
J0379-SKD-XXXL,17633.0,14,1221.0,2308.0,0,0
J0380-SKD-L,6271.0,5,2791.0,4401.5,0,0
J0380-SKD-M,12486.0,11,1669.0,2774.0,0,0
J0380-SKD-S,13894.0,11,1516.0,2774.0,0,0
J0380-SKD-XL,7190.0,5,2550.0,4401.5,0,0
J0380-SKD-XS,1352.0,1,5509.5,6746.5,0,0
J0380-SKD-XXL,12942.0,9,1619.0,3188.5,0,0
J0380-SKD-XXXL,5666.0,6,2990.0,4040.0,0,0
J0381-SKD-L,16427.0,15,1311.0,2166.0,0,0
J0381-SKD-M,20299.0,19,1043.0,1731.0,0,0
J0381-SKD-S,12565.21,12,1657.0,2615.5,0,0
J0381-SKD-XL,14410.0,12,1471.0,2615.5,0,0
J0381-SKD-XS,9392.0,8,2119.0,3433.0,0,0
J0381-SKD-XXL,6342.0,6,2773.0,4040.0,0,0
J0381-SKD-XXXL,13118.21,11,1598.0,2774.0,0,0
J0382-SKD-L,27269.32,25,750.0,1307.0,0,0
J0382-SKD-M,38353.0,32,454.0,982.0,0,0
J0382-SKD-S,22344.32,20,952.0,1651.5,0,0
J0382-SKD-XL,17736.0,17,1212.0,1923.5,0,0
J0382-SKD-XS,16478.0,15,1308.0,2166.0,0,0
J0382-SKD-XXL,12295.64,11,1696.0,2774.0,0,0
J0382-SKD-XXXL,11156.32,9,1831.0,3188.5,0,0
J0385-KR-L,14233.0,16,1489.0,2039.0,0,0
J0385-KR-M,18630.71,21,1147.0,1576.5,0,0
J0385-KR-S,12891.24,15,1628.0,2166.0,0,0
J0385-KR-XL,10560.71,12,1927.0,2615.5,0,0
J0385-KR-XS,5933.0,7,2897.0,3717.5,0,0
J0385-KR-XXL,7412.0,8,2500.0,3433.0,0,0
J0385-KR-XXXL,8544.0,10,2267.0,2967.0,0,0
J0386-KR-L,17428.66,18,1240.0,1819.5,0,0
J0386-KR-M,8587.0,9,2257.0,3188.5,0,0
J0386-KR-S,14093.0,18,1500.5,1819.5,0,0
J0386-KR-XL,7979.0,9,2381.0,3188.5,0,0
J0386-KR-XS,3752.0,4,3756.0,4820.5,0,0
J0386-KR-XXL,7620.0,8,2462.0,3433.0,0,0
J0386-KR-XXXL,6407.0,7,2757.0,3717.5,0,0
J0388-TP-L,3409.0,5,3946.0,4401.5,0,0
J0388-TP-M,2070.0,3,4843.5,5335.5,0,0
J0388-TP-S,690.0,1,6349.5,6746.5,0,0
J0388-TP-XL,3409.0,5,3946.0,4401.5,0,0
J0388-TP-XS,2070.0,3,4843.5,5335.5,0,0
J0388-TP-XXL,649.0,1,6411.0,6746.5,0,0
J0389-TP-L,3165.0,5,4080.0,4401.5,0,0
J0389-TP-M,5844.0,8,2930.0,3433.0,0,0
J0389-TP-S,2660.0,4,4401.5,4820.5,0,0
J0389-TP-XL,2660.0,4,4401.5,4820.5,0,0
J0389-TP-XS,1330.0,2,5536.0,5959.0,0,0
J0389-TP-XXL,2920.0,4,4229.5,4820.5,0,0
J0389-TP-XXXL,1330.0,2,5536.0,5959.0,0,0
J0390-TP-L,8051.0,13,2359.0,2460.0,0,0
J0390-TP-M,5732.0,8,2967.0,3433.0,0,0
J0390-TP-S,3105.0,5,4106.5,4401.5,0,0
J0390-TP-XL,3125.0,5,4097.0,4401.5,0,0
J0390-TP-XS,4980.0,8,3242.0,3433.0,0,0
J0390-TP-XXL,1875.0,3,5011.0,5335.5,0,0
J0390-TP-XXXL,3994.0,6,3632.0,4040.0,0,0
J0391-TP-L,10534.0,16,1931.0,2039.0,0,0
J0391-TP-M,9370.0,14,2122.0,2308.0,0,0
J0391-TP-S,2336.0,3,4638.0,5335.5,0,0
J0391-TP-XL,7125.0,11,2565.0,2774.0,0,0
J0391-TP-XS,1380.0,2,5478.5,5959.0,0,0
J0391-TP-XXL,6826.14,10,2635.0,2967.0,0,0
J0391-TP-XXXL,2070.0,3,4843.5,5335.5,0,0
J0392-TP-L,1801.0,3,5060.0,5335.5,0,0
J0392-TP-XL,2500.0,4,4514.5,4820.5,0,0
J0395-DR-L,5154.0,6,3172.5,4040.0,0,0
J0395-DR-M,5491.0,6,3059.5,4040.0,0,0
J0395-DR-S,6013.0,7,2865.5,3717.5,0,0
J0395-DR-XL,9532.0,11,2085.0,2774.0,0,0
J0395-DR-XS,5655.0,7,2993.5,3717.5,0,0
J0395-DR-XXL,8927.0,10,2195.0,2967.0,0,0
J0395-DR-XXXL,12740.1,15,1637.0,2166.0,0,0
J0396-DR-L,8008.0,9,2374.5,3188.5,0,0
J0396-DR-M,10888.1,13,1878.0,2460.0,0,0
J0396-DR-S,8701.1,10,2231.0,2967.0,0,0
J0396-DR-XL,3773.0,4,3744.5,4820.5,0,0
J0396-DR-XS,6566.0,8,2710.0,3433.0,0,0
J0396-DR-XXL,14585.1,17,1459.0,1923.5,0,0
J0396-DR-XXXL,14104.0,16,1499.0,2039.0,0,0
J0397-DR-L,3996.0,4,3628.0,4820.5,0,0
J0397-DR-M,4995.0,5,3236.0,4401.5,0,0
J0397-DR-S,4207.0,6,3543.0,4040.0,0,0
J0397-DR-XL,8549.43,9,2266.0,3188.5,0,0
J0397-DR-XS,3876.0,4,3697.5,4820.5,0,0
J0397-DR-XXL,5934.0,6,2894.0,4040.0,0,0
J0397-DR-XXXL,19553.43,19,1082.0,1731.0,0,0
J0398-DR-L,2549.0,3,4486.0,5335.5,0,0
J0398-DR-M,5204.0,6,3155.0,4040.0,0,0
J0398-DR-S,2655.0,3,4408.0,5335.5,0,0
J0398-DR-XL,3434.0,4,3932.0,4820.5,0,0
J0398-DR-XS,1770.0,2,5093.0,5959.0,0,0
J0398-DR-XXL,10805.0,12,1890.0,2615.5,0,0
J0399-DR-L,20196.33,25,1048.0,1307.0,0,0
J0399-DR-M,8560.0,11,2263.0,2774.0,0,0
J0399-DR-S,15470.33,19,1377.0,1731.0,0,0
J0399-DR-XL,24819.33,31,840.0,1019.5,0,0
J0399-DR-XS,13429.58,17,1560.0,1923.5,0,0
J0399-DR-XXL,19913.68,27,1063.0,1190.5,0,0
J0399-DR-XXXL,12340.0,15,1687.0,2166.0,0,0
J0400-DR-L,15643.0,18,1367.0,1819.5,0,0
J0400-DR-M,9950.0,13,2017.5,2460.0,0,0
J0400-DR-S,6831.1,8,2632.0,3433.0,0,0
J0400-DR-XL,6298.0,7,2782.0,3717.5,0,0
J0400-DR-XS,6820.0,8,2637.0,3433.0,0,0
J0400-DR-XXL,3519.0,4,3879.0,4820.5,0,0
J0400-DR-XXXL,8958.0,10,2185.0,2967.0,0,0
J0401-DR-L,17512.72,20,1234.0,1651.5,0,0
J0401-DR-M,10380.86,11,1954.0,2774.0,0,0
J0401-DR-S,43239.16,50,385.0,554.5,0,0
J0401-DR-XL,33086.72,38,570.0,786.5,0,0
J0401-DR-XS,15140.72,19,1407.0,1731.0,0,0
J0401-DR-XXL,33767.0,37,552.0,816.5,0,0
J0401-DR-XXXL,15668.0,18,1364.0,1819.5,0,0
J0402-DR-L,9971.0,14,2012.0,2308.0,0,0
J0402-DR-M,5695.0,8,2979.0,3433.0,0,0
J0402-DR-S,6382.0,9,2764.0,3188.5,0,0
J0402-DR-XL,6975.0,10,2601.0,2967.0,0,0
J0402-DR-XS,5454.0,9,3071.0,3188.5,0,0
J0402-DR-XXL,9830.0,12,2036.0,2615.5,0,0
J0413-DR-L,19026.0,25,1117.5,1307.0,0,0
J0413-DR-M,19207.0,26,1105.0,1247.0,0,0
J0413-DR-S,12509.0,18,1665.0,1819.5,0,0
J0413-DR-XL,12357.0,16,1685.0,2039.0,0,0
J0413-DR-XS,14148.0,19,1495.0,1731.0,0,0
J0413-DR-XXL,8683.0,11,2237.0,2774.0,0,0
J0413-DR-XXXL,885.0,1,6115.0,6746.5,0,0
J0414-DR-L,4489.0,6,3428.0,4040.0,0,0
J0414-DR-M,7685.0,9,2444.5,3188.5,0,0
J0414-DR-S,4708.0,5,3348.5,4401.5,0,0
J0414-DR-XL,7040.86,8,2587.0,3433.0,0,0
J0414-DR-XS,3540.0,4,3865.0,4820.5,0,0
J0414-DR-XXL,5611.86,6,3009.0,4040.0,0,0
J0414-DR-XXXL,9455.0,11,2103.5,2774.0,0,0
J0415-DR-L,8930.0,10,2194.0,2967.0,0,0
J0415-DR-M,10948.82,12,1866.0,2615.5,0,0
J0415-DR-S,9200.38,10,2147.0,2967.0,0,0
J0415-DR-XL,6185.0,7,2812.0,3717.5,0,0
J0415-DR-XS,7155.0,9,2560.0,3188.5,0,0
J0415-DR-XXL,16957.0,17,1276.0,1923.5,0,0
J0415-DR-XXXL,13732.0,14,1531.0,2308.0,0,0
J0416-DR-L,16382.0,19,1316.0,1731.0,0,0
J0416-DR-M,7488.71,9,2480.0,3188.5,0,0
J0416-DR-S,12891.72,16,1627.0,2039.0,0,0
J0416-DR-XL,14263.0,18,1485.0,1819.5,0,0
J0416-DR-XS,7614.0,10,2464.0,2967.0,0,0
J0416-DR-XXL,15043.04,18,1414.0,1819.5,0,0
J0417-TP-M,1582.0,2,5271.5,5959.0,0,0
J0417-TP-S,1890.0,3,5001.5,5335.5,0,0
J0417-TP-XL,1582.0,2,5271.5,5959.0,0,0
J0417-TP-XS,791.0,1,6241.0,6746.5,0,0
J0418-TP-L,3565.0,5,3848.0,4401.5,0,0
J0418-TP-M,2906.0,4,4240.0,4820.5,0,0
J0418-TP-S,5117.33,7,3192.0,3717.5,0,0
J0418-TP-XL,2202.0,3,4735.0,5335.5,0,0
J0418-TP-XS,8340.0,11,2297.0,2774.0,0,0
J0418-TP-XXL,2492.0,3,4520.5,5335.5,0,0
J0419-TP-L,4605.0,6,3386.0,4040.0,0,0
J0419-TP-M,3472.0,4,3912.0,4820.5,0,0
J0419-TP-S,3861.0,5,3703.5,4401.5,0,0
J0419-TP-XL,1890.0,2,5001.5,5959.0,0,0
J0419-TP-XS,2373.0,3,4615.5,5335.5,0,0
J0419-TP-XXL,1890.0,2,5001.5,5959.0,0,0
J0419-TP-XXXL,791.0,1,6241.0,6746.5,0,0
J0420-TP-L,704.0,1,6327.5,6746.5,0,0
J0420-TP-M,1498.0,2,5356.5,5959.0,0,0
J0420-TP-S,1498.0,2,5356.5,5959.0,0,0
J0429-DR-M,807.0,1,6228.0,6746.5,0,0
J0429-DR-S,859.0,1,6150.0,6746.5,0,0
J0429-DR-XL,859.0,1,6150.0,6746.5,0,0
J0429-DR-XS,1718.0,2,5138.0,5959.0,0,0
J0429-DR-XXL,859.0,1,6150.0,6746.5,0,0
J0429-DR-XXXL,1718.0,2,5138.0,5959.0,0,0
J0431-DR-L,5394.0,6,3087.0,4040.0,0,0
J0431-DR-M,3596.0,4,3827.5,4820.5,0,0
J0431-DR-S,5340.0,6,3105.5,4040.0,0,0
J0431-DR-XL,1504.0,2,5347.5,5959.0,0,0
J0431-DR-XS,1798.0,2,5064.5,5959.0,0,0
J0431-DR-XXL,899.0,1,6086.0,6746.5,0,0
J0431-DR-XXXL,1798.0,2,5064.5,5959.0,0,0
J0434-DR-L,5063.0,7,3211.0,3717.5,0,0
J0434-DR-S,1309.0,2,5550.0,5959.0,0,0
J0434-DR-XL,1453.0,2,5422.0,5959.0,0,0
J0434-DR-XXL,3511.0,5,3882.0,4401.5,0,0
J0434-DR-XXXL,2951.0,4,4204.0,4820.5,0,0
JNE0722-K,1638.0,2,5211.5,5959.0,0,0
JNE0850-N,1638.0,2,5211.5,5959.0,0,0
JNE09186-BLUE-SR-JP7104RMV,819.0,1,6216.5,6746.5,0,0
JNE09186-BLUE-SR-JP7104RMV-K,819.0,1,6216.5,6746.5,0,0
JNE09186-BLUE-SR-JP7104RMV-N,1718.0,2,5138.0,5959.0,0,0
JNE09187-PINK-SR-JP7104RNV,819.0,1,6216.5,6746.5,0,0
JNE09209-MULTI-SR-JP8101RMV,1638.0,2,5211.5,5959.0,0,0
JNE09209-MULTI-SR-JP8101RMV-K,1248.0,1,5610.5,6746.5,0,0
JNE09210-PINK-SR-JP8101RNV,5154.0,6,3172.5,4040.0,0,0
JNE09210-PINK-SR-JP8101RNV-K,1248.0,1,5610.5,6746.5,0,0
JNE1000-NAVY-SR-JB6102RMV-K,3595.0,4,3829.5,4820.5,0,0
JNE1233-BLUE-KR-031-L,4335.2,11,3490.0,2774.0,0,0
JNE1233-BLUE-KR-031-M,4377.0,11,3474.0,2774.0,0,0
JNE1233-BLUE-KR-031-S,4025.0,10,3616.0,2967.0,1,0
JNE1233-BLUE-KR-031-XL,11234.91,28,1820.0,1147.0,0,0
JNE1233-BLUE-KR-031-XS,3008.0,8,4172.0,3433.0,1,0
JNE1233-BLUE-KR-031-XXL,11636.1,29,1776.0,1109.0,0,0
JNE1233-BLUE-KR-031-XXXL,5664.0,14,2991.0,2308.0,0,0
JNE1234-MULTI-KR-032-L,3573.0,11,3844.0,2774.0,1,0
JNE1234-MULTI-KR-032-M,4716.85,16,3346.0,2039.0,0,0
JNE1234-MULTI-KR-032-S,3547.62,12,3858.0,2615.5,1,0
JNE1234-MULTI-KR-032-XL,5630.9,19,3001.0,1731.0,0,0
JNE1234-MULTI-KR-032-XS,2375.95,6,4612.0,4040.0,0,0
JNE1234-MULTI-KR-032-XXL,2685.38,8,4379.0,3433.0,1,0
JNE1234-MULTI-KR-032-XXXL,2083.0,7,4828.5,3717.5,0,0
JNE1407-BLACK-KR-UDF18-XL,390.0,1,6900.5,6746.5,0,1
JNE1408-GREY-KR-UDF19-L,5285.0,13,3127.0,2460.0,0,0
JNE1408-GREY-KR-UDF19-M,1881.0,6,5005.0,4040.0,0,0
JNE1408-GREY-KR-UDF19-S,984.0,3,5960.5,5335.5,0,0
JNE1408-GREY-KR-UDF19-XL,1279.0,4,5585.0,4820.5,0,0
JNE1408-GREY-KR-UDF19-XXL,2482.0,8,4531.0,3433.0,1,0
JNE1408-GREY-KR-UDF19-XXXL,1429.0,4,5444.5,4820.5,0,0
JNE1408-KR-UDF19-A-L,4042.0,11,3610.0,2774.0,1,0
JNE1408-KR-UDF19-A-M,3782.0,10,3736.0,2967.0,1,0
JNE1408-KR-UDF19-A-S,1890.0,5,5001.5,4401.5,0,0
JNE1408-KR-UDF19-A-XL,2603.52,8,4433.0,3433.0,1,0
JNE1408-KR-UDF19-A-XS,3100.0,9,4110.0,3188.5,1,0
JNE1408-KR-UDF19-A-XXL,307.0,1,7071.0,6746.5,0,1
JNE1408-KR-UDF19-A-XXXL,3454.1,10,3918.0,2967.0,1,0
JNE1525-KR-UDF19-A-L,3351.0,11,3983.0,2774.0,1,0
JNE1525-KR-UDF19-A-M,1839.0,5,5030.5,4401.5,0,0
JNE1525-KR-UDF19-A-S,2448.0,8,4556.0,3433.0,1,0
JNE1525-KR-UDF19-A-XL,3072.0,8,4127.0,3433.0,1,0
JNE1525-KR-UDF19-A-XS,2115.19,6,4802.0,4040.0,0,0
JNE1525-KR-UDF19-A-XXL,923.0,3,6049.5,5335.5,0,0
JNE1525-KR-UDF19-A-XXXL,1518.0,4,5338.0,4820.5,0,0
JNE1525-KR-UDF19BLACK-L,3340.0,10,3986.0,2967.0,1,0
JNE1525-KR-UDF19BLACK-M,10058.0,30,2003.0,1061.0,0,0
JNE1525-KR-UDF19BLACK-S,4620.0,14,3380.0,2308.0,0,0
JNE1525-KR-UDF19BLACK-XL,4300.0,12,3504.0,2615.5,0,0
JNE1525-KR-UDF19BLACK-XS,2749.0,9,4344.0,3188.5,1,0
JNE1525-KR-UDF19BLACK-XXL,4271.38,14,3521.0,2308.0,0,0
JNE1525-KR-UDF19BLACK-XXXL,2739.0,9,4351.0,3188.5,1,0
JNE1906-KR-031-L,5813.0,16,2940.0,2039.0,0,0
JNE1906-KR-031-M,9551.0,25,2078.0,1307.0,0,0
JNE1906-KR-031-S,8118.0,23,2347.0,1445.0,0,0
JNE1906-KR-031-XL,4463.1,12,3438.0,2615.5,0,0
JNE1906-KR-031-XS,4549.0,11,3410.0,2774.0,0,0
JNE1906-KR-031-XXL,7764.0,21,2422.5,1576.5,0,0
JNE1906-KR-031-XXXL,7764.0,20,2422.5,1651.5,0,0
JNE1951-KR-155-L,2597.0,7,4447.0,3717.5,0,0
JNE1951-KR-155-M,2576.0,7,4467.0,3717.5,0,0
JNE1951-KR-155-S,1472.0,4,5393.0,4820.5,0,0
JNE1951-KR-155-XL,3336.48,9,3989.0,3188.5,1,0
JNE1951-KR-155-XS,1469.0,4,5395.0,4820.5,0,0
JNE1951-KR-155-XXL,5972.48,16,2881.0,2039.0,0,0
JNE1951-KR-155-XXXL,3573.48,7,3842.5,3717.5,0,0
JNE1975-KR-309-S,229.0,1,7176.5,6746.5,0,1
JNE1975-KR-309-XS,458.0,2,6809.0,5959.0,0,0
JNE1975-KR-309-XXL,687.0,3,6359.0,5335.5,0,0
JNE1977-KR-237-L,4525.0,15,3418.5,2166.0,0,0
JNE1977-KR-237-M,3748.67,14,3757.0,2308.0,1,0
JNE1977-KR-237-S,1463.0,5,5403.5,4401.5,0,0
JNE1977-KR-237-XL,1830.34,7,5042.0,3717.5,0,0
JNE1977-KR-237-XS,4237.34,13,3531.0,2460.0,0,0
JNE1977-KR-237-XXL,5512.67,19,3050.0,1731.0,0,0
JNE1977-KR-237-XXXL,819.0,3,6216.5,5335.5,0,0
JNE1998-KR-311-L,2071.95,6,4840.0,4040.0,0,0
JNE1998-KR-311-M,3269.0,11,4015.5,2774.0,1,0
JNE1998-KR-311-S,1460.95,5,5417.0,4401.5,0,0
JNE1998-KR-311-XL,5093.0,17,3204.0,1923.5,0,0
JNE1998-KR-311-XS,1180.0,4,5711.0,4820.5,0,0
JNE1998-KR-311-XXL,5335.9,18,3108.0,1819.5,0,0
JNE2006-KR-158-S,501.0,1,6724.0,6746.5,0,1
JNE2009-KR-310-L,1177.67,4,5716.0,4820.5,0,0
JNE2009-KR-310-M,2384.0,8,4609.0,3433.0,1,0
JNE2009-KR-310-S,1213.0,5,5645.5,4401.5,0,0
JNE2009-KR-310-XL,2074.67,7,4834.0,3717.5,0,0
JNE2009-KR-310-XS,2709.0,7,4367.0,3717.5,0,0
JNE2009-KR-310-XXL,1216.0,4,5644.0,4820.5,0,0
JNE2014-KR-178-L,33740.96,89,554.0,219.0,0,0
JNE2014-KR-178-M,34159.9,91,541.0,213.5,0,0
JNE2014-KR-178-S,14004.0,36,1508.0,849.5,0,0
JNE2014-KR-178-XL,45139.04,121,362.0,134.5,0,0
JNE2014-KR-178-XS,6636.0,18,2685.0,1819.5,0,0
JNE2014-KR-178-XXL,18553.57,51,1153.0,540.5,0,0
JNE2014-KR-178-XXXL,22508.38,59,947.0,423.5,0,0
JNE2032-KR-205-L,4280.38,13,3518.0,2460.0,0,0
JNE2032-KR-205-M,2784.0,9,4317.0,3188.5,1,0
JNE2032-KR-205-S,2757.0,8,4337.0,3433.0,1,0
JNE2032-KR-205-XL,3717.0,12,3773.5,2615.5,1,0
JNE2032-KR-205-XS,1520.0,5,5337.0,4401.5,0,0
JNE2032-KR-205-XXL,5240.0,17,3143.0,1923.5,0,0
JNE2032-KR-205-XXXL,6161.58,20,2817.0,1651.5,0,0
JNE2049-KR-351-L,3045.0,7,4145.5,3717.5,0,0
JNE2049-KR-351-M,4097.0,9,3589.0,3188.5,0,0
JNE2049-KR-351-S,4296.0,10,3506.0,2967.0,0,0
JNE2049-KR-351-XL,4986.48,12,3241.0,2615.5,0,0
JNE2049-KR-351-XS,6601.0,16,2699.0,2039.0,0,0
JNE2049-KR-351-XXL,2953.0,7,4203.0,3717.5,0,0
JNE2049-KR-351-XXXL1,7547.0,17,2471.0,1923.5,0,0
JNE2058-KR-339-L,605.0,1,6512.5,6746.5,0,1
JNE2086-KR-389-L,15327.71,23,1392.0,1445.0,0,0
JNE2086-KR-389-M,13087.14,16,1602.0,2039.0,0,0
JNE2086-KR-389-S,1321.0,2,5543.0,5959.0,0,0
JNE2086-KR-389-XL,699.0,1,6333.5,6746.5,0,0
JNE2086-KR-389-XS,1370.0,2,5490.0,5959.0,0,0
JNE2086-KR-389-XXXL,2020.0,3,4884.5,5335.5,0,0
JNE2100-KR-144-L,9737.0,26,2046.0,1247.0,0,0
JNE2100-KR-144-M,10367.0,27,1957.0,1190.5,0,0
JNE2100-KR-144-S,6711.24,18,2666.0,1819.5,0,0
JNE2100-KR-144-XL,8049.0,22,2360.0,1507.5,0,0
JNE2100-KR-144-XS,1829.0,5,5043.5,4401.5,0,0
JNE2100-KR-144-XXL,9842.0,25,2034.0,1307.0,0,0
JNE2100-KR-144-XXXL,3396.0,9,3956.5,3188.5,1,0
JNE2101-KR-210-L,277.0,1,7150.0,6746.5,0,1
JNE2101-KR-210-S,1183.0,4,5702.5,4820.5,0,0
JNE2101-KR-210-XL,840.0,3,6183.0,5335.5,0,0
JNE2113-KR-381-L,974.24,2,5973.5,5959.0,0,0
JNE2113-KR-381-M,1516.24,3,5341.0,5335.5,0,0
JNE2113-KR-381-S,1996.0,4,4902.5,4820.5,0,0
JNE2113-KR-381-XL,542.0,1,6643.5,6746.5,0,1
JNE2113-KR-381-XXL,5429.0,10,3080.0,2967.0,0,0
JNE2131-KR-A-L,1528.0,2,5331.0,5959.0,0,0
JNE2131-KR-A-M,599.0,1,6553.0,6746.5,0,1
JNE2131-KR-A-S,599.0,1,6553.0,6746.5,0,1
JNE2131-KR-A-XL,599.0,1,6553.0,6746.5,0,1
JNE2131-KR-A-XXL,563.0,1,6617.5,6746.5,0,1
JNE2131-KR-A-XXXL,2408.0,4,4595.5,4820.5,0,0
JNE2132-KR-398-L,566.0,1,6609.5,6746.5,0,1
JNE2132-KR-398-M,2900.0,5,4244.5,4401.5,0,0
JNE2132-KR-398-S,1048.0,2,5850.0,5959.0,0,0
JNE2132-KR-398-XL,519.0,1,6673.0,6746.5,0,1
JNE2132-KR-398-XS,1048.0,2,5850.0,5959.0,0,0
JNE2132-KR-398-XXL,3201.05,6,4056.0,4040.0,0,0
JNE2132-KR-398-XXXL,2785.0,5,4315.0,4401.5,0,0
JNE2145-KR-A-L,605.0,1,6512.5,6746.5,0,1
JNE2145-KR-A-XL,391.0,1,6898.5,6746.5,0,1
JNE2145-KR-A-XXXL,391.0,1,6898.5,6746.5,0,1
JNE2153-KR-278-A-M,7740.81,17,2430.0,1923.5,0,0
JNE2153-KR-278-A-S,8045.81,20,2361.0,1651.5,0,0
JNE2153-KR-278-A-XL,4476.81,10,3432.0,2967.0,0,0
JNE2153-KR-278-A-XS,1696.0,4,5158.0,4820.5,0,0
JNE2153-KR-278-A-XXL,6148.4,17,2822.0,1923.5,0,0
JNE2153-KR-278-A-XXXL,6193.0,14,2808.0,2308.0,0,0
JNE2170-KR-436-L,1554.0,3,5304.0,5335.5,0,0
JNE2170-KR-436-M,1036.0,2,5874.5,5959.0,0,0
JNE2170-KR-436-S,2090.0,4,4823.0,4820.5,0,0
JNE2170-KR-436-XL,2684.0,5,4382.0,4401.5,0,0
JNE2170-KR-436-XS,1130.0,2,5763.0,5959.0,0,0
JNE2170-KR-436-XXL,1554.0,3,5304.0,5335.5,0,0
JNE2170-KR-436-XXXL,1036.0,2,5874.5,5959.0,0,0
JNE2171-KR-437-L,11530.81,24,1793.0,1377.5,0,0
JNE2171-KR-437-M,31223.86,59,609.0,423.5,0,0
JNE2171-KR-437-S,12733.0,25,1638.0,1307.0,0,0
JNE2171-KR-437-XL,36137.15,71,491.0,314.5,0,0
JNE2171-KR-437-XS,4231.0,8,3534.0,3433.0,0,0
JNE2171-KR-437-XXL,5036.43,10,3219.0,2967.0,0,0
JNE2171-KR-437-XXXL,3890.43,8,3690.0,3433.0,1,0
JNE2199-KR-411-A-L,11653.19,32,1775.0,982.0,0,0
JNE2199-KR-411-A-M,6690.57,18,2675.0,1819.5,0,0
JNE2199-KR-411-A-S,1412.0,4,5461.0,4820.5,0,0
JNE2199-KR-411-A-XL,15322.0,40,1394.0,740.0,0,0
JNE2199-KR-411-A-XS,2975.0,7,4194.5,3717.5,0,0
JNE2199-KR-411-A-XXL,11528.66,32,1794.0,982.0,0,0
JNE2199-KR-411-A-XXXL,8030.0,22,2366.0,1507.5,0,0
JNE2205-KR-467-A-L,2821.0,8,4298.0,3433.0,1,0
JNE2205-KR-467-A-M,6088.05,18,2846.0,1819.5,0,0
JNE2205-KR-467-A-S,2688.0,8,4377.0,3433.0,1,0
JNE2205-KR-467-A-XL,3069.0,9,4129.5,3188.5,1,0
JNE2205-KR-467-A-XS,3078.0,6,4120.0,4040.0,0,0
JNE2205-KR-467-A-XXL,3056.05,9,4140.0,3188.5,1,0
JNE2205-KR-467-A-XXXL,4031.0,10,3615.0,2967.0,1,0
JNE2209-KR-498-A-XL,499.0,1,6732.0,6746.5,0,1
JNE2251-KR-537-C-L,425.0,1,6855.0,6746.5,0,1
JNE2251-KR-537-C-S,1197.0,3,5680.0,5335.5,0,0
JNE2251-KR-537-C-XL,399.0,1,6888.0,6746.5,0,1
JNE2251-KR-537-C-XS,399.0,1,6888.0,6746.5,0,1
JNE2251-KR-537-C-XXL,1712.0,4,5144.5,4820.5,0,0
JNE2251-KR-537-C-XXXL,399.0,1,6888.0,6746.5,0,1
JNE2251-KR-537-L,429.0,1,6848.5,6746.5,0,1
JNE2251-KR-537-M,1245.0,3,5614.0,5335.5,0,0
JNE2251-KR-537-S,605.0,1,6512.5,6746.5,0,1
JNE2251-KR-537-XL,858.0,2,6153.5,5959.0,0,0
JNE2251-KR-537-XS,858.0,2,6153.5,5959.0,0,0
JNE2251-KR-537-XXL,2025.0,5,4883.0,4401.5,0,0
JNE2251-KR-537-XXXL,798.0,2,6237.5,5959.0,0,0
JNE2262-KR-569-S,1121.0,3,5778.0,5335.5,0,0
JNE2265-KR-501-L,4498.0,13,3424.0,2460.0,0,0
JNE2265-KR-501-M,3522.0,8,3877.0,3433.0,1,0
JNE2265-KR-501-S,2928.0,9,4222.5,3188.5,1,0
JNE2265-KR-501-XL,3246.0,10,4031.5,2967.0,1,0
JNE2265-KR-501-XS,3543.0,11,3861.0,2774.0,1,0
JNE2265-KR-501-XXL,6110.0,15,2836.5,2166.0,0,0
JNE2266-KR-490-A-L,1341.0,3,5518.0,5335.5,0,0
JNE2266-KR-490-A-M,3074.48,8,4124.0,3433.0,1,0
JNE2266-KR-490-A-S,1796.48,5,5070.0,4401.5,0,0
JNE2266-KR-490-A-XL,4302.0,12,3503.0,2615.5,0,0
JNE2266-KR-490-A-XS,3182.2,9,4074.0,3188.5,1,0
JNE2266-KR-490-A-XXL,1770.0,5,5093.0,4401.5,0,0
JNE2270-KR-487-A-L,19672.0,38,1074.0,786.5,0,0
JNE2270-KR-487-A-M,28992.0,54,679.0,489.5,0,0
JNE2270-KR-487-A-S,16102.0,31,1332.0,1019.5,0,0
JNE2270-KR-487-A-XL,29787.33,57,661.0,447.0,0,0
JNE2270-KR-487-A-XS,6499.0,12,2723.0,2615.5,0,0
JNE2270-KR-487-A-XXL,53468.0,102,269.0,182.0,0,0
JNE2291-KR-602-L,7003.0,19,2592.0,1731.0,0,0
JNE2291-KR-602-M,6901.0,17,2617.0,1923.5,0,0
JNE2291-KR-602-S,6474.1,17,2734.0,1923.5,0,0
JNE2291-KR-602-XL,2518.1,6,4507.0,4040.0,0,0
JNE2291-KR-602-XS,3371.81,9,3973.0,3188.5,1,0
JNE2291-KR-602-XXL,5251.81,14,3136.0,2308.0,0,0
JNE2291-KR-602-XXXL,4135.8,11,3569.0,2774.0,0,0
JNE2292-KR-588-L,835.0,2,6194.0,5959.0,0,0
JNE2293-KR-555-XXL,654.0,2,6407.5,5959.0,0,0
JNE2294-KR-A-L,3264.0,6,4020.0,4040.0,0,0
JNE2294-KR-A-S,544.0,1,6641.5,6746.5,0,1
JNE2294-KR-A-XL,2982.0,5,4190.0,4401.5,0,0
JNE2294-KR-A-XS,605.0,1,6512.5,6746.5,0,1
JNE2294-KR-A-XXL,2143.0,4,4780.0,4820.5,0,0
JNE2294-KR-A-XXXL,1632.0,3,5220.5,5335.5,0,0
JNE2300-KR-594-A-S,574.0,1,6597.0,6746.5,0,1
JNE2302-KR-595-G-M,422.0,1,6861.0,6746.5,0,1
JNE2305-KR-533-L,19086.2,52,1112.0,526.5,0,0
JNE2305-KR-533-M,50412.0,131,300.0,121.5,0,0
JNE2305-KR-533-S,20266.66,53,1044.0,508.0,0,0
JNE2305-KR-533-XL,51499.0,134,282.0,117.5,0,0
JNE2305-KR-533-XS,15667.0,39,1365.0,761.5,0,0
JNE2305-KR-533-XXL,6967.0,19,2602.0,1731.0,0,0
JNE2307-KR-572-L,1480.76,5,5376.0,4401.5,0,0
JNE2307-KR-572-M,1521.0,4,5335.5,4820.5,0,0
JNE2307-KR-572-XL,903.0,3,6075.0,5335.5,0,0
JNE2307-KR-572-XXL,1801.0,5,5060.0,4401.5,0,0
JNE2309-KR-598-L,597.0,1,6561.0,6746.5,0,1
JNE2321-KR-576-L,643.0,1,6433.5,6746.5,0,0
JNE2323-KR-574-XS,643.0,1,6433.5,6746.5,0,0
JNE2324-KR-575-XXL,631.0,1,6457.0,6746.5,0,0
JNE3030-KR-L,5579.95,8,3026.0,3433.0,0,0
JNE3030-KR-M,2944.0,4,4211.0,4820.5,0,0
JNE3030-KR-S,736.0,1,6307.5,6746.5,0,0
JNE3030-KR-XL,5152.0,7,3174.5,3717.5,0,0
JNE3030-KR-XS,2172.95,3,4764.0,5335.5,0,0
JNE3030-KR-XXL,3509.71,5,3883.0,4401.5,0,0
JNE3030-KR-XXXL,13248.0,18,1576.0,1819.5,0,0
JNE3042-KR-L,587.0,2,6570.5,5959.0,0,0
JNE3042-KR-M,1472.67,5,5392.0,4401.5,0,0
JNE3042-KR-S,2694.0,8,4372.0,3433.0,1,0
JNE3042-KR-XL,570.1,2,6601.0,5959.0,0,0
JNE3042-KR-XS,888.67,3,6106.5,5335.5,0,0
JNE3042-KR-XXL,1186.0,4,5697.5,4820.5,0,0
JNE3042-KR-XXXL,1776.0,6,5086.5,4040.0,0,0
JNE3062-KR-M,425.0,1,6855.0,6746.5,0,1
JNE3065-KR-L,389.0,1,6902.0,6746.5,0,1
JNE3065-KR-M,1179.0,3,5714.0,5335.5,0,0
JNE3065-KR-S,393.0,1,6897.0,6746.5,0,1
JNE3065-KR-XL,2158.29,5,4770.0,4401.5,0,0
JNE3065-KR-XXL,2335.48,6,4639.0,4040.0,0,0
JNE3068-KR-A-L,17791.0,26,1210.0,1247.0,0,0
JNE3068-KR-A-M,9712.0,15,2052.0,2166.0,0,0
JNE3068-KR-A-S,4872.0,7,3289.5,3717.5,0,0
JNE3068-KR-A-XL,8981.72,13,2178.0,2460.0,0,0
JNE3068-KR-A-XXL,21145.72,31,999.0,1019.5,0,0
JNE3144-KR-S,390.0,1,6900.5,6746.5,0,1
JNE3157-KR-M,620.0,1,6480.5,6746.5,0,0
JNE3160-KR-G-L,36941.04,53,482.0,508.0,0,0
JNE3160-KR-G-M,35324.66,52,518.0,526.5,0,0
JNE3160-KR-G-S,23748.29,35,900.0,881.0,0,0
JNE3160-KR-G-XL,44509.0,65,367.0,364.0,0,0
JNE3160-KR-G-XS,1989.76,3,4907.0,5335.5,0,0
JNE3160-KR-G-XXL,27160.09,39,753.0,761.5,0,0
JNE3160-KR-G-XXXL,17985.46,27,1190.0,1190.5,0,0
JNE3160-KR-L,19040.48,26,1115.0,1247.0,0,0
JNE3160-KR-M,17012.0,24,1270.5,1377.5,0,0
JNE3160-KR-S,10675.0,15,1913.0,2166.0,0,0
JNE3160-KR-XL,9353.0,14,2125.0,2308.0,0,0
JNE3160-KR-XS,7286.0,10,2525.0,2967.0,0,0
JNE3160-KR-XXL,22844.0,32,934.0,982.0,0,0
JNE3160-KR-XXXL,5700.0,8,2977.0,3433.0,0,0
JNE3220-KR-XXL,1128.0,2,5767.0,5959.0,0,0
JNE3225-KR-L,349.0,1,6967.0,6746.5,0,1
JNE3225-KR-M,1047.0,3,5853.5,5335.5,0,0
JNE3225-KR-S,1652.0,4,5192.0,4820.5,0,0
JNE3225-KR-XL,2257.0,5,4697.5,4401.5,0,0
JNE3225-KR-XS,1073.0,3,5825.0,5335.5,0,0
JNE3225-KR-XXL,698.0,2,6337.5,5959.0,0,0
JNE3225-KR-XXXL,605.0,1,6512.5,6746.5,0,1
JNE3234-KR-M,689.0,1,6357.0,6746.5,0,0
JNE3251-KR-L,319.0,1,7043.0,6746.5,0,1
JNE3251-KR-M,319.0,1,7043.0,6746.5,0,1
JNE3251-KR-XL,319.0,1,7043.0,6746.5,0,1
JNE3252-KR-L,4979.57,10,3243.0,2967.0,0,0
JNE3252-KR-M,2942.0,6,4213.5,4040.0,0,0
JNE3252-KR-S,950.0,2,6024.0,5959.0,0,0
JNE3252-KR-XL,8681.0,17,2239.0,1923.5,0,0
JNE3252-KR-XS,1892.0,4,4998.0,4820.5,0,0
JNE3252-KR-XXL,5371.0,11,3094.0,2774.0,0,0
JNE3252-KR-XXXL,6490.0,14,2725.5,2308.0,0,0
JNE3253-KR-M,987.0,3,5955.5,5335.5,0,0
JNE3253-KR-XL,329.0,1,7011.0,6746.5,0,1
JNE3255-KR-L,1948.0,4,4946.5,4820.5,0,0
JNE3255-KR-M,1579.0,3,5277.0,5335.5,0,0
JNE3255-KR-S,3527.0,7,3872.0,3717.5,0,0
JNE3255-KR-XL,2922.0,6,4226.5,4040.0,0,0
JNE3255-KR-XS,1461.0,3,5410.5,5335.5,0,0
JNE3255-KR-XXL,1948.0,4,4946.5,4820.5,0,0
JNE3255-KR-XXXL,1461.0,3,5410.5,5335.5,0,0
JNE3256-KR-L,2880.81,6,4256.0,4040.0,0,0
JNE3256-KR-M,3884.0,8,3693.0,3433.0,1,0
JNE3256-KR-S,4976.0,10,3245.0,2967.0,0,0
JNE3256-KR-XL,5797.62,12,2943.0,2615.5,0,0
JNE3256-KR-XS,1573.0,3,5283.0,5335.5,0,0
JNE3256-KR-XXL,2922.0,6,4226.5,4040.0,0,0
JNE3256-KR-XXXL,9430.62,19,2110.0,1731.0,0,0
JNE3257-KR-L,1599.0,3,5247.0,5335.5,0,0
JNE3257-KR-M,825.0,2,6208.5,5959.0,0,0
JNE3257-KR-S,436.0,1,6837.0,6746.5,0,1
JNE3257-KR-XL,1282.0,3,5579.5,5335.5,0,0
JNE3257-KR-XXL,3067.86,8,4131.0,3433.0,1,0
JNE3261-KR-L,8666.0,22,2242.0,1507.5,0,0
JNE3261-KR-M,7446.0,19,2489.0,1731.0,0,0
JNE3261-KR-S,4384.0,12,3465.0,2615.5,0,0
JNE3261-KR-XL,8697.91,22,2234.0,1507.5,0,0
JNE3261-KR-XS,1476.0,4,5382.5,4820.5,0,0
JNE3261-KR-XXL,10534.62,28,1930.0,1147.0,0,0
JNE3261-KR-XXXL,3564.0,11,3849.0,2774.0,1,0
JNE3265-KR-L,8768.52,26,2218.0,1247.0,0,0
JNE3265-KR-M,4731.0,14,3339.0,2308.0,0,0
JNE3265-KR-S,4658.0,11,3364.0,2774.0,0,0
JNE3265-KR-XL,5715.0,19,2973.0,1731.0,0,0
JNE3265-KR-XXL,11036.33,32,1852.0,982.0,0,0
JNE3270-KR-L,2256.0,6,4701.0,4040.0,0,0
JNE3270-KR-M,1134.0,4,5755.0,4820.5,0,0
JNE3270-KR-S,2256.0,6,4701.0,4040.0,0,0
JNE3270-KR-XL,2485.0,6,4527.0,4040.0,0,0
JNE3270-KR-XS,3014.0,8,4166.5,3433.0,1,0
JNE3270-KR-XXL,2208.01,6,4730.0,4040.0,0,0
JNE3270-KR-XXXL,2621.0,7,4427.0,3717.5,0,0
JNE3273-KR-L,1948.24,4,4943.0,4820.5,0,0
JNE3273-KR-M,4214.0,8,3541.0,3433.0,0,0
JNE3273-KR-S,950.0,2,6024.0,5959.0,0,0
JNE3273-KR-XL,4904.0,10,3275.0,2967.0,0,0
JNE3273-KR-XS,475.0,1,6787.0,6746.5,0,1
JNE3273-KR-XXL,1972.0,4,4924.0,4820.5,0,0
JNE3273-KR-XXXL,1958.0,4,4935.0,4820.5,0,0
JNE3276-KR-XXL,398.0,2,6894.0,5959.0,0,0
JNE3276-KR-XXXL,199.0,1,7180.0,6746.5,0,1
JNE3279-KR-A-S,1192.34,4,5688.0,4820.5,0,0
JNE3279-KR-A-XS,903.0,3,6075.0,5335.5,0,0
JNE3279-KR-A-XXL,631.0,2,6457.0,5959.0,0,0
JNE3279-KR-A-XXXL,301.0,1,7101.5,6746.5,0,1
JNE3281-KR-XL,451.0,1,6820.5,6746.5,0,1
JNE3284-KR-M,324.0,1,7026.5,6746.5,0,1
JNE3284-KR-S,972.0,3,5998.0,5335.5,0,0
JNE3284-KR-XL,308.57,1,7070.0,6746.5,0,1
JNE3284-KR-XXL,324.0,1,7026.5,6746.5,0,1
JNE3288-KR-L,3476.0,8,3910.0,3433.0,1,0
JNE3288-KR-M,3012.0,7,4170.0,3717.5,0,0
JNE3288-KR-S,442.0,1,6831.5,6746.5,0,1
JNE3288-KR-XL,3007.9,7,4173.0,3717.5,0,0
JNE3288-KR-XS,862.0,2,6146.0,5959.0,0,0
JNE3288-KR-XXL,1931.0,4,4964.5,4820.5,0,0
JNE3288-KR-XXXL,3219.0,7,4045.0,3717.5,0,0
JNE3291-KR-L,85775.77,189,116.0,55.0,0,0
JNE3291-KR-M,70564.0,153,170.0,86.0,0,0
JNE3291-KR-S,39668.0,85,431.0,236.5,0,0
JNE3291-KR-XL,98693.0,212,84.0,41.0,0,0
JNE3291-KR-XS,13236.57,27,1579.0,1190.5,0,0
JNE3291-KR-XXL,64204.95,136,201.0,113.5,0,0
JNE3291-KR-XXXL,27659.9,61,732.0,402.5,0,0
JNE3294-KR-L,17947.62,39,1197.0,761.5,0,0
JNE3294-KR-M,13433.0,32,1557.0,982.0,0,0
JNE3294-KR-S,9991.43,22,2011.0,1507.5,0,0
JNE3294-KR-XL,16818.24,39,1290.0,761.5,0,0
JNE3294-KR-XS,5437.43,12,3077.0,2615.5,0,0
JNE3294-KR-XXL,27447.0,61,742.0,402.5,0,0
JNE3294-KR-XXXL,17956.43,39,1194.0,761.5,0,0
JNE3296-KR-L,1555.0,3,5299.5,5335.5,0,0
JNE3296-KR-M,862.0,2,6146.0,5959.0,0,0
JNE3296-KR-S,431.0,1,6846.0,6746.5,0,1
JNE3296-KR-XL,862.0,2,6146.0,5959.0,0,0
JNE3296-KR-XXL,1724.0,4,5129.0,4820.5,0,0
JNE3311-KR-A-XS,605.0,1,6512.5,6746.5,0,1
JNE3311-KR-L,4164.48,7,3560.0,3717.5,0,0
JNE3311-KR-M,6583.0,11,2706.0,2774.0,0,0
JNE3311-KR-S,4175.0,7,3555.0,3717.5,0,0
JNE3311-KR-XL,1198.0,2,5672.5,5959.0,0,0
JNE3311-KR-XS,7793.0,12,2415.0,2615.5,0,0
JNE3311-KR-XXL,1797.0,3,5068.0,5335.5,0,0
JNE3311-KR-XXXL,6542.48,11,2715.0,2774.0,0,0
JNE3313-KR-A-L,4074.0,7,3602.0,3717.5,0,0
JNE3313-KR-A-M,2374.0,4,4614.0,4820.5,0,0
JNE3313-KR-A-S,582.0,2,6584.5,5959.0,0,0
JNE3313-KR-A-XL,1746.0,3,5110.5,5335.5,0,0
JNE3313-KR-A-XS,2933.0,5,4218.0,4401.5,0,0
JNE3313-KR-A-XXL,5787.0,10,2947.0,2967.0,0,0
JNE3313-KR-A-XXXL,5228.0,9,3147.0,3188.5,0,0
JNE3313-KR-M,582.0,1,6584.5,6746.5,0,1
JNE3313-KR-S,1769.0,3,5095.0,5335.5,0,0
JNE3313-KR-XL,1746.0,3,5110.5,5335.5,0,0
JNE3313-KR-XS,582.0,1,6584.5,6746.5,0,1
JNE3313-KR-XXL,1746.0,3,5110.5,5335.5,0,0
JNE3313-KR-XXXL,1164.0,2,5731.5,5959.0,0,0
JNE3323-KR-A-L,568.0,2,6604.5,5959.0,0,0
JNE3323-KR-A-M,301.0,1,7101.5,6746.5,0,1
JNE3323-KR-A-S,264.0,1,7163.5,6746.5,0,1
JNE3323-KR-A-XL,531.0,2,6657.0,5959.0,0,0
JNE3323-KR-A-XS,1335.0,5,5525.0,4401.5,0,0
JNE3323-KR-A-XXXL,267.0,1,7160.0,6746.5,0,1
JNE3323-KR-L,264.0,1,7163.5,6746.5,0,1
JNE3323-KR-M,264.0,1,7163.5,6746.5,0,1
JNE3323-KR-S,264.0,1,7163.5,6746.5,0,1
JNE3323-KR-XS,264.0,1,7163.5,6746.5,0,1
JNE3323-KR-XXXL,264.0,1,7163.5,6746.5,0,1
JNE3334-KR-L,17213.72,49,1255.0,570.0,0,0
JNE3334-KR-M,10074.0,31,1999.0,1019.5,0,0
JNE3334-KR-S,7198.05,22,2547.0,1507.5,0,0
JNE3334-KR-XL,14423.72,42,1470.0,698.0,0,0
JNE3334-KR-XXL,17539.02,50,1229.0,554.5,0,0
JNE3336-KR-M,1640.0,4,5206.0,4820.5,0,0
JNE3336-KR-S,330.0,1,7000.0,6746.5,0,1
JNE3336-KR-XL,330.0,1,7000.0,6746.5,0,1
JNE3336-KR-XS,1680.0,5,5175.0,4401.5,0,0
JNE3338-KR-S,301.0,2,7101.5,5959.0,0,0
JNE3339-KR-XS,1590.0,5,5264.0,4401.5,0,0
JNE3342-KR-S,424.0,1,6858.0,6746.5,0,1
JNE3344-KR-L,299.0,1,7130.0,6746.5,0,1
JNE3346-KR-M,301.0,1,7101.5,6746.5,0,1
JNE3346-KR-XL,301.0,1,7101.5,6746.5,0,1
JNE3346-KR-XXL,301.0,1,7101.5,6746.5,0,1
JNE3348-KR-L,3861.0,9,3703.5,3188.5,1,0
JNE3348-KR-M,1252.05,3,5604.0,5335.5,0,0
JNE3348-KR-S,1704.0,4,5153.0,4820.5,0,0
JNE3348-KR-XL,2153.0,5,4776.5,4401.5,0,0
JNE3348-KR-XS,1721.0,4,5133.0,4820.5,0,0
JNE3348-KR-XXL,2294.0,6,4674.0,4040.0,0,0
JNE3348-KR-XXXL,2125.0,5,4794.0,4401.5,0,0
JNE3351-KR-XL,284.0,1,7145.5,6746.5,0,1
JNE3355-KR-XL,448.0,1,6824.5,6746.5,0,1
JNE3359-KR-L,3596.19,8,3826.0,3433.0,1,0
JNE3359-KR-M,1238.0,3,5626.0,5335.5,0,0
JNE3359-KR-S,1541.43,4,5326.0,4820.5,0,0
JNE3359-KR-XL,1909.96,5,4982.0,4401.5,0,0
JNE3359-KR-XXL,2729.0,7,4356.0,3717.5,0,0
JNE3360-KR-S,299.0,1,7130.0,6746.5,0,1
JNE3362-KR-XXXL,362.0,1,6948.5,6746.5,0,1
JNE3363-KR-1032-L,6553.0,17,2713.0,1923.5,0,0
JNE3363-KR-1032-M,7841.0,22,2406.0,1507.5,0,0
JNE3363-KR-1032-S,1151.0,3,5741.0,5335.5,0,0
JNE3363-KR-1032-XL,14462.0,37,1466.0,816.5,0,0
JNE3363-KR-1032-XS,3742.1,10,3759.0,2967.0,1,0
JNE3363-KR-1032-XXL,14004.1,36,1507.0,849.5,0,0
JNE3363-KR-1032-XXXL,14637.1,38,1450.0,786.5,0,0
JNE3364-KR-1051-A-L,31534.0,82,600.0,250.0,0,0
JNE3364-KR-1051-A-M,13812.0,30,1526.0,1061.0,0,0
JNE3364-KR-1051-A-S,4741.1,12,3334.0,2615.5,0,0
JNE3364-KR-1051-A-XL,9246.91,24,2141.0,1377.5,0,0
JNE3364-KR-1051-A-XS,8102.0,18,2351.0,1819.5,0,0
JNE3364-KR-1051-A-XXL,5597.82,15,3016.0,2166.0,0,0
JNE3364-KR-1051-A-XXXL,8195.6,19,2330.0,1731.0,0,0
JNE3364-KR-1051-L,1733.0,4,5117.5,4820.5,0,0
JNE3364-KR-1051-M,376.0,1,6931.5,6746.5,0,1
JNE3364-KR-1051-S,376.0,1,6931.5,6746.5,0,1
JNE3364-KR-1051-XL,1128.0,3,5767.0,5335.5,0,0
JNE3364-KR-1051-XS,605.0,1,6512.5,6746.5,0,1
JNE3364-KR-1051-XXL,1128.0,3,5767.0,5335.5,0,0
JNE3364-KR-1051-XXXL,2615.0,7,4429.0,3717.5,0,0
JNE3365-KR-1052-A-L,5457.2,14,3069.0,2308.0,0,0
JNE3365-KR-1052-A-M,18802.9,48,1135.0,584.5,0,0
JNE3365-KR-1052-A-S,12049.0,27,1723.0,1190.5,0,0
JNE3365-KR-1052-A-XL,16930.4,43,1281.0,676.0,0,0
JNE3365-KR-1052-A-XS,2944.1,8,4210.0,3433.0,1,0
JNE3365-KR-1052-A-XXL,10409.3,26,1951.0,1247.0,0,0
JNE3365-KR-1052-A-XXXL,9933.4,26,2020.0,1247.0,0,0
JNE3365-KR-1052-L,5722.0,14,2971.0,2308.0,0,0
JNE3365-KR-1052-M,1128.0,1,5767.0,6746.5,0,0
JNE3365-KR-1052-S,365.0,1,6942.5,6746.5,0,1
JNE3365-KR-1052-XL,7580.0,19,2468.0,1731.0,0,0
JNE3366-KR-1053-A-L,376.0,1,6931.5,6746.5,0,1
JNE3366-KR-1053-A-XS,605.0,1,6512.5,6746.5,0,1
JNE3366-KR-1053-A-XXL,1516.0,4,5342.5,4820.5,0,0
JNE3366-KR-1053-A-XXXL,1880.0,5,5006.0,4401.5,0,0
JNE3366-KR-1053-L,19805.0,49,1066.0,570.0,0,0
JNE3366-KR-1053-M,16192.0,43,1325.0,676.0,0,0
JNE3366-KR-1053-S,7062.0,17,2581.0,1923.5,0,0
JNE3366-KR-1053-XL,21215.0,52,996.0,526.5,0,0
JNE3366-KR-1053-XS,3989.0,10,3636.5,2967.0,1,0
JNE3366-KR-1053-XXL,25071.0,64,828.0,374.0,0,0
JNE3366-KR-1053-XXXL,28172.0,73,708.0,302.5,0,0
JNE3368-KR-L,47883.14,102,330.0,182.0,0,0
JNE3368-KR-M,35501.57,72,509.0,307.5,0,0
JNE3368-KR-S,28662.3,60,693.0,411.5,0,0
JNE3368-KR-XL,58511.0,126,227.0,126.0,0,0
JNE3368-KR-XS,23706.57,49,902.0,570.0,0,0
JNE3368-KR-XXL,109017.57,227,69.0,34.5,0,0
JNE3368-KR-XXXL,96501.99,202,92.0,47.0,0,0
JNE3369-KR-L,2776.0,6,4324.0,4040.0,0,0
JNE3369-KR-M,892.0,2,6097.5,5959.0,0,0
JNE3369-KR-S,399.0,1,6888.0,6746.5,0,1
JNE3369-KR-XL,1285.0,3,5574.0,5335.5,0,0
JNE3369-KR-XS,2183.0,5,4753.0,4401.5,0,0
JNE3369-KR-XXL,4006.0,9,3624.0,3188.5,1,0
JNE3369-KR-XXXL,1184.0,3,5700.5,5335.5,0,0
JNE3370-KR-L,610.0,2,6492.0,5959.0,0,0
JNE3370-KR-S,305.0,1,7075.0,6746.5,0,1
JNE3370-KR-XXL,305.0,1,7075.0,6746.5,0,1
JNE3371-KR-M,11820.85,33,1758.0,945.5,0,0
JNE3371-KR-S,5537.99,16,3039.0,2039.0,0,0
JNE3371-KR-XL,4928.19,14,3269.0,2308.0,0,0
JNE3371-KR-XS,1252.0,3,5605.0,5335.5,0,0
JNE3371-KR-XXL,1024.0,3,5900.0,5335.5,0,0
JNE3371-KR-XXXL,2752.0,8,4342.0,3433.0,1,0
JNE3373-KR-L,48757.0,125,317.0,127.0,0,0
JNE3373-KR-M,77307.58,196,139.0,51.0,0,0
JNE3373-KR-S,38161.1,97,457.0,197.5,0,0
JNE3373-KR-XL,73196.67,187,157.0,56.0,0,0
JNE3373-KR-XS,22283.0,56,954.0,460.0,0,0
JNE3373-KR-XXL,88989.1,225,107.0,36.0,0,0
JNE3373-KR-XXXL,111552.5,284,66.0,23.0,0,0
JNE3375-KR-S,249.0,1,7171.5,6746.5,0,1
JNE3375-KR-XXXL,602.0,2,6542.5,5959.0,0,0
JNE3376-KR-L,8968.0,21,2182.0,1576.5,0,0
JNE3376-KR-M,10752.0,24,1899.0,1377.5,0,0
JNE3376-KR-S,4674.0,11,3360.0,2774.0,0,0
JNE3376-KR-XL,8761.0,20,2222.0,1651.5,0,0
JNE3376-KR-XS,4263.0,10,3524.0,2967.0,0,0
JNE3376-KR-XXL,7049.0,15,2584.0,2166.0,0,0
JNE3376-KR-XXXL,6130.0,13,2827.0,2460.0,0,0
JNE3383-KR-A-L,798.0,2,6237.5,5959.0,0,0
JNE3383-KR-A-M,1240.0,3,5622.0,5335.5,0,0
JNE3383-KR-A-S,1283.0,3,5577.0,5335.5,0,0
JNE3383-KR-A-XL,1639.0,4,5208.0,4820.5,0,0
JNE3383-KR-A-XS,1240.0,3,5622.0,5335.5,0,0
JNE3383-KR-A-XXL,2076.0,5,4832.5,4401.5,0,0
JNE3383-KR-A-XXXL,2044.0,5,4872.0,4401.5,0,0
JNE3384-KR-L,5025.34,17,3227.0,1923.5,0,0
JNE3384-KR-M,4151.0,13,3565.0,2460.0,0,0
JNE3384-KR-S,3269.0,11,4015.5,2774.0,1,0
JNE3384-KR-XL,5707.0,15,2975.0,2166.0,0,0
JNE3384-KR-XS,3579.0,11,3838.0,2774.0,1,0
JNE3384-KR-XXL,4738.95,15,3336.0,2166.0,0,0
JNE3384-KR-XXXL,5034.9,16,3221.0,2039.0,0,0
JNE3386-KR-XS,627.0,2,6464.0,5959.0,0,0
JNE3387-KR-M,526.0,1,6665.5,6746.5,0,1
JNE3388-KR-L,301.0,1,7101.5,6746.5,0,1
JNE3389-KR-A-L,1026.0,2,5898.0,5959.0,0,0
JNE3389-KR-A-M,574.0,1,6597.0,6746.5,0,1
JNE3389-KR-A-XS,1509.0,3,5345.0,5335.5,0,0
JNE3389-KR-A-XXL,1930.0,4,4966.5,4820.5,0,0
JNE3389-KR-A-XXXL,1722.0,3,5130.0,5335.5,0,0
JNE3389-KR-S,3573.48,7,3842.5,3717.5,0,0
JNE3389-KR-XL,904.0,2,6071.0,5959.0,0,0
JNE3389-KR-XS,452.0,1,6819.0,6746.5,0,1
JNE3390-KR-S,625.0,2,6469.0,5959.0,0,0
JNE3391-KR-L,1299.0,3,5560.0,5335.5,0,0
JNE3391-KR-M,3661.0,8,3797.5,3433.0,1,0
JNE3391-KR-S,4320.0,10,3498.0,2967.0,0,0
JNE3391-KR-XL,864.0,2,6141.5,5959.0,0,0
JNE3391-KR-XS,2176.0,5,4761.5,4401.5,0,0
JNE3391-KR-XXL,2114.05,5,4803.0,4401.5,0,0
JNE3391-KR-XXXL,2760.43,6,4333.0,4040.0,0,0
JNE3394-KR-A-M,808.29,2,6227.0,5959.0,0,0
JNE3394-KR-A-S,1672.0,4,5180.0,4820.5,0,0
JNE3394-KR-A-XL,1433.0,3,5443.0,5335.5,0,0
JNE3394-KR-A-XS,828.0,2,6204.5,5959.0,0,0
JNE3394-KR-L,414.0,1,6878.0,6746.5,0,1
JNE3394-KR-M,418.0,1,6875.0,6746.5,0,1
JNE3394-KR-S,399.0,1,6888.0,6746.5,0,1
JNE3394-KR-XXL,1242.0,3,5618.0,5335.5,0,0
JNE3395-KR-L,656.0,2,6404.5,5959.0,0,0
JNE3395-KR-M,989.0,3,5948.0,5335.5,0,0
JNE3395-KR-S,1015.0,3,5907.5,5335.5,0,0
JNE3395-KR-XL,333.0,1,6992.5,6746.5,0,1
JNE3395-KR-XXL,666.0,2,6385.0,5959.0,0,0
JNE3395-KR-XXXL,1604.0,4,5241.5,4820.5,0,0
JNE3396-KR-L,9738.19,21,2045.0,1576.5,0,0
JNE3396-KR-M,6491.24,14,2724.0,2308.0,0,0
JNE3396-KR-S,6391.0,13,2761.0,2460.0,0,0
JNE3396-KR-XL,19705.81,41,1071.0,718.0,0,0
JNE3396-KR-XS,3838.0,8,3716.5,3433.0,1,0
JNE3396-KR-XXL,13144.0,28,1592.0,1147.0,0,0
JNE3396-KR-XXXL,14741.72,32,1441.0,982.0,0,0
JNE3398-KR-S,2429.58,8,4571.0,3433.0,1,0
JNE3398-KR-XL,318.0,1,7053.5,6746.5,0,1
JNE3398-KR-XS,1487.0,5,5369.0,4401.5,0,0
JNE3398-KR-XXXL,602.0,2,6542.5,5959.0,0,0
JNE3399-KR-L,88083.0,199,110.0,48.0,0,0
JNE3399-KR-M,125973.0,281,50.0,25.0,0,0
JNE3399-KR-S,73798.67,163,154.0,76.5,0,0
JNE3399-KR-XL,94127.29,213,95.0,39.5,0,0
JNE3399-KR-XS,33442.34,74,562.0,298.0,0,0
JNE3399-KR-XXL,24512.0,56,858.0,460.0,0,0
JNE3399-KR-XXXL,28576.92,63,698.0,384.0,0,0
JNE3400-KR-L,5119.0,11,3189.0,2774.0,0,0
JNE3400-KR-M,1593.0,3,5259.0,5335.5,0,0
JNE3400-KR-S,2295.0,5,4672.0,4401.5,0,0
JNE3400-KR-XL,4103.14,9,3585.0,3188.5,0,0
JNE3400-KR-XS,1836.0,4,5036.0,4820.5,0,0
JNE3400-KR-XXL,3417.0,7,3938.0,3717.5,0,0
JNE3400-KR-XXXL,2295.0,5,4672.0,4401.5,0,0
JNE3401-KR-L,3541.0,10,3864.0,2967.0,1,0
JNE3401-KR-M,4525.0,15,3418.5,2166.0,0,0
JNE3401-KR-S,2544.0,8,4490.5,3433.0,1,0
JNE3401-KR-XL,1036.0,4,5874.5,4820.5,0,0
JNE3401-KR-XS,2243.0,7,4709.0,3717.5,0,0
JNE3401-KR-XXL,4606.0,14,3384.5,2308.0,0,0
JNE3401-KR-XXXL,301.0,1,7101.5,6746.5,0,1
JNE3402-KR-L,574.0,1,6597.0,6746.5,0,1
JNE3403-KR-L,2562.0,6,4476.0,4040.0,0,0
JNE3403-KR-M,828.0,2,6204.5,5959.0,0,0
JNE3403-KR-S,2363.0,6,4625.0,4040.0,0,0
JNE3403-KR-XL,429.0,1,6848.5,6746.5,0,1
JNE3403-KR-XS,4256.0,10,3526.0,2967.0,0,0
JNE3403-KR-XXL,605.0,1,6512.5,6746.5,0,1
JNE3404-KR-L,2916.0,6,4233.5,4040.0,0,0
JNE3404-KR-M,6944.19,14,2608.0,2308.0,0,0
JNE3404-KR-S,2500.38,5,4513.0,4401.5,0,0
JNE3404-KR-XL,6481.81,14,2731.0,2308.0,0,0
JNE3404-KR-XS,974.0,2,5985.5,5959.0,0,0
JNE3404-KR-XXL,5595.0,11,3019.0,2774.0,0,0
JNE3404-KR-XXXL,1521.0,3,5335.5,5335.5,0,0
JNE3405-KR-L,225656.29,534,20.0,4.0,0,0
JNE3405-KR-M,159936.29,394,33.0,11.0,0,0
JNE3405-KR-S,186593.87,440,23.0,8.0,0,0
JNE3405-KR-XL,88028.62,209,111.0,43.5,0,0
JNE3405-KR-XS,97807.0,234,89.0,33.0,0,0
JNE3405-KR-XXL,79801.29,198,133.0,49.0,0,0
JNE3405-KR-XXXL,101584.0,246,80.0,29.0,0,0
JNE3407-KR-L,7524.28,26,2474.0,1247.0,0,0
JNE3407-KR-M,4309.0,14,3500.0,2308.0,0,0
JNE3407-KR-S,2223.34,8,4719.0,3433.0,1,0
JNE3407-KR-XL,1988.67,7,4911.0,3717.5,0,0
JNE3407-KR-XS,1849.0,6,5027.5,4040.0,0,0
JNE3407-KR-XXL,5118.19,15,3190.0,2166.0,0,0
JNE3408-KR-L,5105.86,11,3199.0,2774.0,0,0
JNE3408-KR-M,1275.43,3,5589.0,5335.5,0,0
JNE3408-KR-S,432.0,2,6843.0,5959.0,0,0
JNE3408-KR-XL,2360.0,5,4626.5,4401.5,0,0
JNE3408-KR-XS,3132.0,7,4095.0,3717.5,0,0
JNE3408-KR-XXL,4894.43,11,3279.0,2774.0,0,0
JNE3408-KR-XXXL,3003.43,7,4175.0,3717.5,0,0
JNE3409-KR-S,552.0,2,6630.0,5959.0,0,0
JNE3412-KR-L,8614.0,19,2254.0,1731.0,0,0
JNE3412-KR-M,12335.0,29,1689.5,1109.0,0,0
JNE3412-KR-S,5295.0,13,3123.5,2460.0,0,0
JNE3412-KR-XL,6770.0,16,2650.0,2039.0,0,0
JNE3412-KR-XS,4380.0,10,3471.0,2967.0,0,0
JNE3412-KR-XXL,10601.95,25,1920.0,1307.0,0,0
JNE3412-KR-XXXL,7815.0,17,2411.0,1923.5,0,0
JNE3413-KR-L,526.0,1,6665.5,6746.5,0,1
JNE3413-KR-M,511.0,1,6720.5,6746.5,0,1
JNE3413-KR-S,526.0,1,6665.5,6746.5,0,1
JNE3413-KR-XL,1052.0,2,5842.5,5959.0,0,0
JNE3413-KR-XXXL,997.67,2,5938.0,5959.0,0,0
JNE3415-KR-M,297.0,1,7136.0,6746.5,0,1
JNE3415-KR-S,874.34,3,6127.0,5335.5,0,0
JNE3415-KR-XL,299.0,1,7130.0,6746.5,0,1
JNE3415-KR-XS,299.0,1,7130.0,6746.5,0,1
JNE3415-KR-XXXL,1486.67,5,5370.0,4401.5,0,0
JNE3416-KR-L,301.0,1,7101.5,6746.5,0,1
JNE3416-KR-M,903.0,3,6075.0,5335.5,0,0
JNE3416-KR-S,602.0,2,6542.5,5959.0,0,0
JNE3416-KR-XL,602.0,2,6542.5,5959.0,0,0
JNE3416-KR-XS,301.0,1,7101.5,6746.5,0,1
JNE3416-KR-XXL,1260.0,4,5597.5,4820.5,0,0
JNE3417-KR-M,343.0,1,6984.0,6746.5,0,1
JNE3420-KR-L,1801.0,5,5060.0,4401.5,0,0
JNE3420-KR-M,301.0,1,7101.5,6746.5,0,1
JNE3420-KR-S,2991.0,10,4186.0,2967.0,1,0
JNE3420-KR-XXL,1181.76,4,5707.5,4820.5,0,0
JNE3421-KR-L,5024.62,12,3228.0,2615.5,0,0
JNE3421-KR-M,2985.0,7,4188.0,3717.5,0,0
JNE3421-KR-N-L,6721.29,16,2663.0,2039.0,0,0
JNE3421-KR-N-M,5757.0,13,2956.0,2460.0,0,0
JNE3421-KR-N-S,4179.0,10,3553.5,2967.0,0,0
JNE3421-KR-N-XL,5592.0,12,3021.0,2615.5,0,0
JNE3421-KR-N-XXL,13123.0,31,1597.0,1019.5,0,0
JNE3421-KR-S,399.0,1,6888.0,6746.5,0,1
JNE3421-KR-XL,3065.0,7,4132.0,3717.5,0,0
JNE3421-KR-XXL,3777.0,10,3741.0,2967.0,1,0
JNE3422-KR-L,3253.9,10,4026.0,2967.0,1,0
JNE3422-KR-M,1464.62,5,5401.0,4401.5,0,0
JNE3422-KR-S,2372.0,8,4618.0,3433.0,1,0
JNE3422-KR-XL,5054.9,15,3214.0,2166.0,0,0
JNE3422-KR-XXL,7748.95,25,2426.0,1307.0,0,0
JNE3423-KR-A-L,435.0,1,6839.5,6746.5,0,1
JNE3423-KR-A-S,414.29,1,6877.0,6746.5,0,1
JNE3423-KR-A-XL,1253.0,3,5602.5,5335.5,0,0
JNE3423-KR-A-XXL,409.0,1,6879.0,6746.5,0,1
JNE3423-KR-L,27101.0,66,756.0,354.5,0,0
JNE3423-KR-M,23048.9,57,928.0,447.0,0,0
JNE3423-KR-S,13526.95,33,1550.0,945.5,0,0
JNE3423-KR-XL,20944.0,52,1014.0,526.5,0,0
JNE3423-KR-XXL,15836.95,39,1355.0,761.5,0,0
JNE3424-KR-M,301.0,1,7101.5,6746.5,0,1
JNE3424-KR-XS,301.0,1,7101.5,6746.5,0,1
JNE3424-KR-XXL,301.0,1,7101.5,6746.5,0,1
JNE3425-KR-L,2554.0,6,4480.5,4040.0,0,0
JNE3425-KR-M,987.0,3,5955.5,5335.5,0,0
JNE3425-KR-S,329.0,1,7011.0,6746.5,0,1
JNE3425-KR-XL,1351.0,4,5511.5,4820.5,0,0
JNE3425-KR-XXL,329.0,1,7011.0,6746.5,0,1
JNE3425-KR-XXXL,1580.14,4,5274.0,4820.5,0,0
JNE3426-KR-S,360.0,1,6954.0,6746.5,0,1
JNE3426-KR-XS,995.0,3,5940.0,5335.5,0,0
JNE3427-KR-L,1295.0,5,5566.0,4401.5,0,0
JNE3427-KR-M,819.0,3,6216.5,5335.5,0,0
JNE3427-KR-S,1036.0,4,5874.5,4820.5,0,0
JNE3427-KR-XL,1623.67,6,5230.0,4040.0,0,0
JNE3427-KR-XXL,1123.0,3,5775.0,5335.5,0,0
JNE3428-KR-M,486.14,2,6776.0,5959.0,0,0
JNE3428-KR-S,747.0,3,6297.0,5335.5,0,0
JNE3428-KR-XL,819.0,3,6216.5,5335.5,0,0
JNE3428-KR-XS,498.0,2,6743.0,5959.0,0,0
JNE3429-KR-L,1502.0,4,5350.5,4820.5,0,0
JNE3429-KR-M,3613.76,12,3817.0,2615.5,1,0
JNE3429-KR-S,3338.0,10,3988.0,2967.0,1,0
JNE3429-KR-XL,2778.0,9,4320.0,3188.5,1,0
JNE3429-KR-XS,299.0,1,7130.0,6746.5,0,1
JNE3429-KR-XXL,899.0,3,6086.0,5335.5,0,0
JNE3430-KR-XS,333.0,1,6992.5,6746.5,0,1
JNE3430-KR-XXL,698.0,2,6337.5,5959.0,0,0
JNE3431-KR-L,10278.14,25,1970.0,1307.0,0,0
JNE3431-KR-M,6918.0,20,2611.5,1651.5,0,0
JNE3431-KR-S,2696.14,8,4371.0,3433.0,1,0
JNE3431-KR-XL,7318.14,23,2518.0,1445.0,0,0
JNE3431-KR-XS,4034.0,12,3613.5,2615.5,1,0
JNE3431-KR-XXL,16023.0,43,1341.0,676.0,0,0
JNE3431-KR-XXXL,1303.0,3,5557.5,5335.5,0,0
JNE3432-KR-L,1901.0,4,4992.0,4820.5,0,0
JNE3432-KR-M,864.0,2,6141.5,5959.0,0,0
JNE3432-KR-S,432.0,1,6843.0,6746.5,0,1
JNE3432-KR-XL,1296.0,3,5563.5,5335.5,0,0
JNE3432-KR-XS,432.0,1,6843.0,6746.5,0,1
JNE3432-KR-XXL,432.0,1,6843.0,6746.5,0,1
JNE3432-KR-XXXL,1728.0,4,5121.5,4820.5,0,0
JNE3434-KR-L,319.0,2,7043.0,5959.0,0,0
JNE3434-KR-M,2928.67,9,4221.0,3188.5,1,0
JNE3434-KR-S,1824.0,6,5046.0,4040.0,0,0
JNE3434-KR-XL,942.0,2,6033.0,5959.0,0,0
JNE3434-KR-XS,2182.0,6,4755.0,4040.0,0,0
JNE3434-KR-XXL,921.0,3,6051.5,5335.5,0,0
JNE3434-KR-XXXL,337.0,1,6990.0,6746.5,0,1
JNE3435-KR-L,974.0,2,5985.5,5959.0,0,0
JNE3435-KR-M,974.0,2,5985.5,5959.0,0,0
JNE3435-KR-S,2411.81,5,4593.0,4401.5,0,0
JNE3435-KR-XL,487.0,1,6766.0,6746.5,0,1
JNE3435-KR-XS,974.0,2,5985.5,5959.0,0,0
JNE3435-KR-XXL,3409.0,7,3946.0,3717.5,0,0
JNE3435-KR-XXXL,974.0,2,5985.5,5959.0,0,0
JNE3436-KR-S,897.0,3,6093.5,5335.5,0,0
JNE3436-KR-XL,1234.0,4,5632.0,4820.5,0,0
JNE3436-KR-XS,299.0,1,7130.0,6746.5,0,1
JNE3437-KR-L,27577.0,53,735.0,508.0,0,0
JNE3437-KR-M,28498.0,56,702.0,460.0,0,0
JNE3437-KR-S,19275.38,37,1099.0,816.5,0,0
JNE3437-KR-XL,28861.0,57,686.0,447.0,0,0
JNE3437-KR-XS,13321.0,25,1566.0,1307.0,0,0
JNE3437-KR-XXL,26344.0,54,780.0,489.5,0,0
JNE3437-KR-XXXL,14669.38,30,1446.0,1061.0,0,0
JNE3438-KR-L,2295.0,5,4672.0,4401.5,0,0
JNE3438-KR-M,437.14,1,6835.0,6746.5,0,1
JNE3438-KR-S,1377.0,3,5482.5,5335.5,0,0
JNE3438-KR-XL,3628.28,8,3811.0,3433.0,1,0
JNE3438-KR-XS,453.0,1,6816.0,6746.5,0,1
JNE3438-KR-XXL,2251.28,5,4704.0,4401.5,0,0
JNE3438-KR-XXXL,2435.0,5,4565.5,4401.5,0,0
JNE3439-KR-L,10577.29,24,1924.0,1377.5,0,0
JNE3439-KR-M,12814.0,31,1635.0,1019.5,0,0
JNE3439-KR-S,7973.0,21,2386.0,1576.5,0,0
JNE3439-KR-XL,24220.0,58,874.0,435.5,0,0
JNE3439-KR-XS,3179.0,7,4075.0,3717.5,0,0
JNE3439-KR-XXL,18416.0,46,1165.0,616.0,0,0
JNE3439-KR-XXXL,7082.29,18,2576.0,1819.5,0,0
JNE3440-KR-N-L,75130.0,184,147.0,57.0,0,0
JNE3440-KR-N-M,86995.58,207,112.0,45.0,0,0
JNE3440-KR-N-S,33492.0,84,561.0,242.0,0,0
JNE3440-KR-N-XL,33855.0,82,548.0,250.0,0,0
JNE3440-KR-N-XS,66499.0,155,190.0,85.0,0,0
JNE3440-KR-N-XXL,46956.29,117,337.0,146.0,0,0
JNE3440-KR-N-XXXL,66805.41,165,188.0,73.5,0,0
JNE3440-KR-XL,23265.0,59,914.0,423.5,0,0
JNE3441-KR-B-XS,458.0,1,6809.0,6746.5,0,1
JNE3441-KR-B-XXXL,458.0,1,6809.0,6746.5,0,1
JNE3441-KR-E-M,605.0,1,6512.5,6746.5,0,1
JNE3441-KR-L,487.0,1,6766.0,6746.5,0,1
JNE3441-KR-S,1092.0,2,5806.0,5959.0,0,0
JNE3442-KR-XXL,365.0,1,6942.5,6746.5,0,1
JNE3443-KR-L,2946.0,6,4208.5,4040.0,0,0
JNE3443-KR-M,1034.0,2,5889.0,5959.0,0,0
JNE3443-KR-S,974.0,2,5985.5,5959.0,0,0
JNE3443-KR-XL,3491.81,8,3896.0,3433.0,1,0
JNE3443-KR-XS,1004.0,2,5917.0,5959.0,0,0
JNE3443-KR-XXL,1004.0,3,5917.0,5335.5,0,0
JNE3443-KR-XXXL,2495.0,5,4518.5,4401.5,0,0
JNE3445-KR-L,3188.76,7,4069.0,3717.5,0,0
JNE3445-KR-M,4706.0,10,3350.0,2967.0,0,0
JNE3445-KR-S,1377.0,3,5482.5,5335.5,0,0
JNE3445-KR-XL,1405.0,3,5466.0,5335.5,0,0
JNE3445-KR-XS,918.0,2,6060.5,5959.0,0,0
JNE3445-KR-XXL,4097.57,10,3588.0,2967.0,0,0
JNE3445-KR-XXXL,2435.0,5,4565.5,4401.5,0,0
JNE3446-KR-M,318.0,1,7053.5,6746.5,0,1
JNE3446-KR-S,9694.76,29,2056.0,1109.0,0,0
JNE3446-KR-XL,916.0,3,6063.0,5335.5,0,0
JNE3446-KR-XS,1495.0,5,5360.0,4401.5,0,0
JNE3446-KR-XXL,1524.86,4,5332.0,4820.5,0,0
JNE3446-KR-XXXL,299.0,1,7130.0,6746.5,0,1
JNE3447-KR-L,2074.0,6,4835.0,4040.0,0,0
JNE3447-KR-M,594.0,2,6563.5,5959.0,0,0
JNE3447-KR-S,1186.0,4,5697.5,4820.5,0,0
JNE3447-KR-XL,605.0,1,6512.5,6746.5,0,1
JNE3447-KR-XS,590.0,2,6566.0,5959.0,0,0
JNE3447-KR-XXXL,301.0,1,7101.5,6746.5,0,1
JNE3449-KR-L,2519.0,8,4504.5,3433.0,1,0
JNE3449-KR-M,1833.0,7,5040.5,3717.5,0,0
JNE3449-KR-S,11424.25,34,1802.0,912.5,0,0
JNE3449-KR-XL,8307.1,26,2310.0,1247.0,0,0
JNE3449-KR-XS,1193.34,4,5687.0,4820.5,0,0
JNE3449-KR-XXL,4975.0,15,3246.0,2166.0,0,0
JNE3449-KR-XXXL,3034.67,9,4153.0,3188.5,1,0
JNE3450-KR-XL,531.0,1,6657.0,6746.5,0,1
JNE3451-KR-L,1484.0,4,5372.5,4820.5,0,0
JNE3451-KR-M,1484.0,4,5372.5,4820.5,0,0
JNE3451-KR-S,380.0,1,6920.0,6746.5,0,1
JNE3451-KR-XL,2848.9,7,4276.0,3717.5,0,0
JNE3451-KR-XS,1075.0,3,5823.0,5335.5,0,0
JNE3451-KR-XXL,2566.0,7,4470.0,3717.5,0,0
JNE3451-KR-XXXL,380.0,1,6920.0,6746.5,0,1
JNE3452-KR-L,3192.81,11,4061.0,2774.0,1,0
JNE3452-KR-M,2046.34,7,4868.0,3717.5,0,0
JNE3452-KR-S,891.0,3,6101.5,5335.5,0,0
JNE3452-KR-XL,1182.0,4,5705.0,4820.5,0,0
JNE3452-KR-XS,2639.0,9,4417.0,3188.5,1,0
JNE3452-KR-XXL,2383.66,8,4610.0,3433.0,1,0
JNE3452-KR-XXXL,1184.0,4,5700.5,4820.5,0,0
JNE3453-KR-L,1429.0,3,5444.5,5335.5,0,0
JNE3453-KR-M,963.0,2,6005.0,5959.0,0,0
JNE3453-KR-S,2461.33,5,4547.0,4401.5,0,0
JNE3453-KR-XL,963.0,2,6005.0,5959.0,0,0
JNE3454-KR-L,5672.0,12,2986.5,2615.5,0,0
JNE3454-KR-M,3047.0,7,4144.0,3717.5,0,0
JNE3454-KR-S,1656.05,4,5189.0,4820.5,0,0
JNE3454-KR-XL,5060.0,12,3212.0,2615.5,0,0
JNE3454-KR-XS,1708.0,4,5147.5,4820.5,0,0
JNE3454-KR-XXL,6815.0,15,2639.5,2166.0,0,0
JNE3454-KR-XXXL,5166.0,12,3169.0,2615.5,0,0
JNE3455-KR-M,1567.71,3,5287.0,5335.5,0,0
JNE3455-KR-XL,1046.0,2,5855.0,5959.0,0,0
JNE3455-KR-XXXL,531.0,1,6657.0,6746.5,0,1
JNE3456-KR-M,301.0,1,7101.5,6746.5,0,1
JNE3456-KR-S,3628.67,11,3810.0,2774.0,1,0
JNE3456-KR-XL,2092.67,7,4822.0,3717.5,0,0
JNE3456-KR-XS,2408.0,8,4595.5,3433.0,1,0
JNE3457-KR-L,2602.0,6,4442.5,4040.0,0,0
JNE3457-KR-M,3408.0,10,3950.5,2967.0,1,0
JNE3457-KR-S,1464.0,4,5402.0,4820.5,0,0
JNE3457-KR-XL,3077.28,9,4121.0,3188.5,1,0
JNE3457-KR-XXL,3932.0,10,3671.5,2967.0,1,0
JNE3458-KR-L,15307.0,39,1395.0,761.5,0,0
JNE3458-KR-M,9494.9,25,2093.0,1307.0,0,0
JNE3458-KR-S,5740.9,14,2962.0,2308.0,0,0
JNE3458-KR-XL,12612.6,31,1655.0,1019.5,0,0
JNE3458-KR-XS,3037.0,8,4151.5,3433.0,1,0
JNE3458-KR-XXL,10413.33,27,1949.0,1190.5,0,0
JNE3458-KR-XXXL,13431.8,34,1558.0,912.5,0,0
JNE3459-KR-L,7821.0,18,2410.0,1819.5,0,0
JNE3459-KR-M,4162.0,11,3561.0,2774.0,0,0
JNE3459-KR-S,3932.0,9,3671.5,3188.5,1,0
JNE3459-KR-XL,4298.71,10,3505.0,2967.0,0,0
JNE3459-KR-XS,3969.0,9,3646.0,3188.5,1,0
JNE3459-KR-XXL,3677.0,9,3784.0,3188.5,1,0
JNE3459-KR-XXXL,5098.0,12,3202.5,2615.5,0,0
JNE3460-KR-L,846.0,2,6171.0,5959.0,0,0
JNE3460-KR-M,480.0,1,6779.0,6746.5,0,1
JNE3460-KR-S,480.0,1,6779.0,6746.5,0,1
JNE3460-KR-XL,1317.14,3,5546.0,5335.5,0,0
JNE3460-KR-XXL,480.0,1,6779.0,6746.5,0,1
JNE3461-KR-L,40030.32,100,424.0,187.0,0,0
JNE3461-KR-M,29164.71,75,673.0,290.5,0,0
JNE3461-KR-S,6635.28,17,2686.0,1923.5,0,0
JNE3461-KR-XL,24712.71,62,844.0,393.5,0,0
JNE3461-KR-XS,7653.0,21,2457.0,1576.5,0,0
JNE3461-KR-XXL,13751.37,35,1528.0,881.0,0,0
JNE3461-KR-XXXL,21797.71,55,973.0,474.0,0,0
JNE3463-KR-L,25195.0,47,823.0,601.0,0,0
JNE3463-KR-M,39307.0,73,437.0,302.5,0,0
JNE3463-KR-S,21782.57,40,975.0,740.0,0,0
JNE3463-KR-XL,29951.0,54,653.0,489.5,0,0
JNE3463-KR-XS,8012.0,15,2371.0,2166.0,0,0
JNE3463-KR-XXL,32848.0,61,574.0,402.5,0,0
JNE3463-KR-XXXL,34977.0,63,523.0,384.0,0,0
JNE3464-KR-L,1438.0,2,5440.0,5959.0,0,0
JNE3464-KR-XXL,719.0,1,6319.5,6746.5,0,0
JNE3464-KR-XXXL,719.0,1,6319.5,6746.5,0,0
JNE3465-KR-L,55311.0,110,250.0,165.0,0,0
JNE3465-KR-M,55384.0,111,249.0,163.0,0,0
JNE3465-KR-S,37871.0,71,463.0,314.5,0,0
JNE3465-KR-XL,42965.72,82,386.0,250.0,0,0
JNE3465-KR-XS,24728.1,49,843.0,570.0,0,0
JNE3465-KR-XXL,49936.62,99,305.0,189.5,0,0
JNE3465-KR-XXXL,48317.0,95,321.0,203.0,0,0
JNE3466-KR-L,9049.29,13,2172.0,2460.0,0,0
JNE3466-KR-M,7673.29,10,2450.0,2967.0,0,0
JNE3466-KR-S,4616.0,6,3382.0,4040.0,0,0
JNE3466-KR-XL,12701.58,17,1645.0,1923.5,0,0
JNE3466-KR-XS,1542.0,2,5324.0,5959.0,0,0
JNE3466-KR-XXL,9783.58,14,2041.0,2308.0,0,0
JNE3466-KR-XXXL,3771.57,5,3746.0,4401.5,0,0
JNE3467-KR-M,1380.57,5,5476.0,4401.5,0,0
JNE3467-KR-S,690.0,2,6349.5,5959.0,0,0
JNE3467-KR-XL,2002.57,5,4894.5,4401.5,0,0
JNE3467-KR-XS,1052.0,3,5842.5,5335.5,0,0
JNE3467-KR-XXL,673.57,2,6379.0,5959.0,0,0
JNE3467-KR-XXXL,1052.0,3,5842.5,5335.5,0,0
JNE3468-KR-L,55040.43,146,255.0,96.0,0,0
JNE3468-KR-M,46879.82,120,340.0,137.0,0,0
JNE3468-KR-S,31551.43,82,597.5,250.0,0,0
JNE3468-KR-XL,51916.67,138,279.0,110.5,0,0
JNE3468-KR-XS,23481.42,59,907.0,423.5,0,0
JNE3468-KR-XXL,39027.29,105,440.0,175.0,0,0
JNE3468-KR-XXXL,37203.85,97,477.0,197.5,0,0
JNE3470-KR-L,2824.0,9,4296.5,3188.5,1,0
JNE3470-KR-M,2492.0,8,4520.5,3433.0,1,0
JNE3470-KR-S,630.0,2,6460.0,5959.0,0,0
JNE3470-KR-XL,2034.0,6,4879.5,4040.0,0,0
JNE3470-KR-XS,2769.67,9,4329.0,3188.5,1,0
JNE3470-KR-XXL,4345.0,14,3488.0,2308.0,0,0
JNE3470-KR-XXXL,2774.33,7,4326.0,3717.5,0,0
JNE3471-KR-L,2079.95,7,4831.0,3717.5,0,0
JNE3471-KR-M,613.0,2,6486.0,5959.0,0,0
JNE3471-KR-S,1776.0,6,5086.5,4040.0,0,0
JNE3471-KR-XL,2744.67,9,4348.0,3188.5,1,0
JNE3471-KR-XS,1180.0,4,5711.0,4820.5,0,0
JNE3471-KR-XXL,891.0,3,6101.5,5335.5,0,0
JNE3471-KR-XXXL,885.0,3,6115.0,5335.5,0,0
JNE3472-KR-S,2227.81,7,4716.0,3717.5,0,0
JNE3472-KR-XS,2519.0,7,4504.5,3717.5,0,0
JNE3472-KR-XXXL,333.0,1,6992.5,6746.5,0,1
JNE3473-KR-L,3356.81,7,3979.0,3717.5,0,0
JNE3473-KR-M,2435.0,5,4565.5,4401.5,0,0
JNE3473-KR-XL,4988.0,10,3240.0,2967.0,0,0
JNE3473-KR-XS,1461.0,3,5410.5,5335.5,0,0
JNE3473-KR-XXL,1461.0,3,5410.5,5335.5,0,0
JNE3473-KR-XXXL,4354.0,9,3484.0,3188.5,0,0
JNE3474-KR-E-L,385.0,1,6906.0,6746.5,0,1
JNE3474-KR-E-S,487.0,1,6766.0,6746.5,0,1
JNE3474-KR-E-XL,872.0,2,6131.0,5959.0,0,0
JNE3474-KR-E-XS,487.0,1,6766.0,6746.5,0,1
JNE3474-KR-E-XXL,487.0,1,6766.0,6746.5,0,1
JNE3474-KR-E-XXXL,487.0,1,6766.0,6746.5,0,1
JNE3475-KR-K-L,1661.0,5,5187.0,4401.5,0,0
JNE3475-KR-K-M,2603.0,7,4437.5,3717.5,0,0
JNE3475-KR-K-XL,2638.14,8,4418.0,3433.0,1,0
JNE3475-KR-K-XS,938.0,2,6039.0,5959.0,0,0
JNE3475-KR-K-XXL,999.0,3,5926.0,5335.5,0,0
JNE3476-KR-L,3821.42,10,3723.0,2967.0,1,0
JNE3476-KR-M,9870.71,24,2031.0,1377.5,0,0
JNE3476-KR-S,3483.0,10,3905.0,2967.0,1,0
JNE3476-KR-XL,7671.42,20,2452.0,1651.5,0,0
JNE3476-KR-XS,3260.0,8,4022.0,3433.0,1,0
JNE3476-KR-XXL,8283.42,21,2316.0,1576.5,0,0
JNE3476-KR-XXXL,1004.0,2,5917.0,5959.0,0,0
JNE3477-KR-M,968.0,2,6000.5,5959.0,0,0
JNE3477-KR-S,845.0,2,6173.5,5959.0,0,0
JNE3477-KR-XL,1891.0,4,4999.0,4820.5,0,0
JNE3479-KR-L,4412.1,15,3453.0,2166.0,0,0
JNE3479-KR-M,5458.67,17,3068.0,1923.5,0,0
JNE3479-KR-S,1354.34,5,5507.0,4401.5,0,0
JNE3479-KR-XL,3643.0,14,3805.5,2308.0,1,0
JNE3479-KR-XS,2248.0,7,4707.0,3717.5,0,0
JNE3479-KR-XXL,7168.67,24,2558.0,1377.5,0,0
JNE3480-KR-L,1401.0,5,5467.0,4401.5,0,0
JNE3480-KR-M,1902.0,6,4991.0,4040.0,0,0
JNE3480-KR-S,854.0,3,6158.0,5335.5,0,0
JNE3480-KR-XL,1103.0,3,5790.0,5335.5,0,0
JNE3480-KR-XS,249.0,1,7171.5,6746.5,0,1
JNE3480-KR-XXL,2738.67,9,4352.0,3188.5,1,0
JNE3481-KR-S,1127.67,4,5770.0,4820.5,0,0
JNE3481-KR-XL,269.0,1,7159.0,6746.5,0,1
JNE3481-KR-XS,843.0,3,6179.0,5335.5,0,0
JNE3482-KR-L,5047.0,15,3216.0,2166.0,0,0
JNE3482-KR-M,3494.86,11,3891.0,2774.0,1,0
JNE3482-KR-S,8874.86,28,2201.0,1147.0,0,0
JNE3482-KR-XL,2539.62,8,4495.0,3433.0,1,0
JNE3482-KR-XS,2175.0,6,4763.0,4040.0,0,0
JNE3482-KR-XXL,11869.44,34,1749.0,912.5,0,0
JNE3483-KR-L,1104.0,3,5788.5,5335.5,0,0
JNE3483-KR-M,605.0,1,6512.5,6746.5,0,1
JNE3483-KR-XL,1085.9,2,5811.0,5959.0,0,0
JNE3483-KR-XXL,1691.0,4,5167.0,4820.5,0,0
JNE3483-KR-XXXL,2213.9,6,4726.0,4040.0,0,0
JNE3484-KR-L,17090.62,54,1263.0,489.5,0,0
JNE3484-KR-M,10161.01,33,1988.0,945.5,0,0
JNE3484-KR-S,9585.95,29,2075.0,1109.0,0,0
JNE3484-KR-XL,18577.67,58,1150.0,435.5,0,0
JNE3484-KR-XS,602.0,2,6542.5,5959.0,0,0
JNE3484-KR-XXL,17687.67,56,1217.0,460.0,0,0
JNE3485-KR-L,1543.0,3,5321.5,5335.5,0,0
JNE3485-KR-M,459.0,1,6806.0,6746.5,0,1
JNE3485-KR-XL,2471.0,5,4539.0,4401.5,0,0
JNE3485-KR-XS,469.0,1,6797.0,6746.5,0,1
JNE3485-KR-XXL,2305.0,4,4663.0,4820.5,0,0
JNE3485-KR-XXXL,1856.0,4,5022.5,4820.5,0,0
JNE3486-KR-L,0.0,1,7187.5,6746.5,0,1
JNE3486-KR-S,918.0,2,6060.5,5959.0,0,0
JNE3486-KR-XL,1417.0,3,5459.0,5335.5,0,0
JNE3486-KR-XS,499.0,1,6732.0,6746.5,0,1
JNE3486-KR-XXL,605.0,2,6512.5,5959.0,0,0
JNE3486-KR-XXXL,1349.0,3,5515.0,5335.5,0,0
JNE3487-KR-L,38893.29,109,443.0,167.0,0,0
JNE3487-KR-M,28966.47,79,682.0,266.0,0,0
JNE3487-KR-S,17138.05,46,1259.0,616.0,0,0
JNE3487-KR-XL,43910.0,128,377.0,124.0,0,0
JNE3487-KR-XS,8999.0,26,2176.0,1247.0,0,0
JNE3487-KR-XXL,35748.33,105,501.0,175.0,0,0
JNE3487-KR-XXXL,18352.04,49,1169.0,570.0,0,0
JNE3488-KR-S,3587.76,10,3833.0,2967.0,1,0
JNE3488-KR-XS,2394.0,8,4608.0,3433.0,1,0
JNE3488-KR-XXL,882.76,3,6120.0,5335.5,0,0
JNE3489-KR-L,6449.0,12,2743.0,2615.5,0,0
JNE3489-KR-M,974.0,2,5985.5,5959.0,0,0
JNE3489-KR-S,974.0,2,5985.5,5959.0,0,0
JNE3489-KR-XL,1461.0,3,5410.5,5335.5,0,0
JNE3489-KR-XXL,1461.0,3,5410.5,5335.5,0,0
JNE3491-KR-L,3027.38,8,4159.0,3433.0,1,0
JNE3491-KR-M,724.0,2,6312.0,5959.0,0,0
JNE3491-KR-S,349.0,1,6967.0,6746.5,0,1
JNE3491-KR-XL,5964.38,16,2884.0,2039.0,0,0
JNE3491-KR-XS,1396.0,4,5472.0,4820.5,0,0
JNE3491-KR-XXL,2094.0,6,4818.5,4040.0,0,0
JNE3491-KR-XXXL,347.0,1,6969.0,6746.5,0,1
JNE3500-KR-L,2366.29,7,4622.0,3717.5,0,0
JNE3500-KR-M,3839.9,11,3714.0,2774.0,1,0
JNE3500-KR-S,7179.86,22,2555.0,1507.5,0,0
JNE3500-KR-XL,669.9,2,6380.0,5959.0,0,0
JNE3500-KR-XS,4911.0,13,3274.0,2460.0,0,0
JNE3500-KR-XXL,9896.43,27,2027.0,1190.5,0,0
JNE3500-KR-XXXL,1044.0,3,5858.5,5335.5,0,0
JNE3501-KR-L,9008.0,22,2175.0,1507.5,0,0
JNE3501-KR-M,6083.0,15,2849.0,2166.0,0,0
JNE3501-KR-S,4874.8,11,3287.0,2774.0,0,0
JNE3501-KR-XL,7191.0,18,2549.0,1819.5,0,0
JNE3501-KR-XS,3146.0,8,4087.0,3433.0,1,0
JNE3501-KR-XXL,6741.0,17,2656.5,1923.5,0,0
JNE3501-KR-XXXL,7169.0,20,2557.0,1651.5,0,0
JNE3503-KR-S,318.0,1,7053.5,6746.5,0,1
JNE3503-KR-XXL,636.0,1,6447.0,6746.5,0,0
JNE3503-KR-XXXL,2534.0,8,4498.0,3433.0,1,0
JNE3504-KR-L,10636.0,22,1917.0,1507.5,0,0
JNE3504-KR-M,2832.0,6,4291.0,4040.0,0,0
JNE3504-KR-S,1545.0,3,5318.0,5335.5,0,0
JNE3504-KR-XL,13673.8,29,1539.0,1109.0,0,0
JNE3504-KR-XS,3700.0,9,3779.5,3188.5,1,0
JNE3504-KR-XXL,3688.0,8,3782.0,3433.0,1,0
JNE3504-KR-XXXL,890.0,2,6105.0,5959.0,0,0
JNE3506-KR-L,14211.0,23,1491.0,1445.0,0,0
JNE3506-KR-M,8225.0,13,2327.0,2460.0,0,0
JNE3506-KR-S,6129.76,10,2828.0,2967.0,0,0
JNE3506-KR-XL,18496.0,30,1158.0,1061.0,0,0
JNE3506-KR-XS,4974.0,8,3247.5,3433.0,0,0
JNE3506-KR-XXL,8844.0,14,2205.0,2308.0,0,0
JNE3506-KR-XXXL,10689.0,17,1911.0,1923.5,0,0
JNE3507-KR-XXL,271.0,1,7157.5,6746.5,0,1
JNE3510-KR-L,50515.28,113,297.0,155.5,0,0
JNE3510-KR-M,58153.0,127,231.0,125.0,0,0
JNE3510-KR-S,63006.14,140,208.0,103.5,0,0
JNE3510-KR-XL,54617.95,118,258.0,142.0,0,0
JNE3510-KR-XS,4826.0,10,3304.0,2967.0,0,0
JNE3510-KR-XXL,37585.19,82,468.0,250.0,0,0
JNE3510-KR-XXXL,4668.0,10,3361.0,2967.0,0,0
JNE3515-KR-L,2449.0,5,4555.0,4401.5,0,0
JNE3515-KR-M,8717.14,19,2229.0,1731.0,0,0
JNE3515-KR-S,3237.0,7,4037.0,3717.5,0,0
JNE3515-KR-XL,9302.28,20,2132.0,1651.5,0,0
JNE3515-KR-XS,5215.0,11,3152.0,2774.0,0,0
JNE3515-KR-XXL,13910.28,30,1515.0,1061.0,0,0
JNE3515-KR-XXXL,6135.0,13,2826.0,2460.0,0,0
JNE3516-KR-E-L,4570.0,13,3400.0,2460.0,0,0
JNE3516-KR-E-M,5136.0,14,3182.5,2308.0,0,0
JNE3516-KR-E-S,2497.0,7,4517.0,3717.5,0,0
JNE3516-KR-E-XL,2828.0,8,4294.0,3433.0,1,0
JNE3516-KR-E-XS,690.0,2,6349.5,5959.0,0,0
JNE3516-KR-E-XXL,3902.0,9,3685.0,3188.5,1,0
JNE3516-KR-E-XXXL,345.0,1,6977.5,6746.5,0,1
JNE3517-KR-M,902.0,2,6079.0,5959.0,0,0
JNE3517-KR-XXL,451.0,1,6820.5,6746.5,0,1
JNE3518-KR-L,29125.19,62,675.0,393.5,0,0
JNE3518-KR-M,28583.0,61,697.0,402.5,0,0
JNE3518-KR-S,13262.81,27,1573.0,1190.5,0,0
JNE3518-KR-XL,28384.81,59,704.0,423.5,0,0
JNE3518-KR-XS,5904.0,12,2910.0,2615.5,0,0
JNE3518-KR-XXL,27364.62,57,745.0,447.0,0,0
JNE3518-KR-XXXL,6702.0,14,2671.0,2308.0,0,0
JNE3520-KR-M,419.0,1,6869.5,6746.5,0,1
JNE3520-KR-XS,419.0,1,6869.5,6746.5,0,1
JNE3520-KR-XXL,419.0,1,6869.5,6746.5,0,1
JNE3522-KR-L,18394.08,51,1166.0,540.5,0,0
JNE3522-KR-M,15033.24,42,1415.0,698.0,0,0
JNE3522-KR-S,6160.42,17,2818.0,1923.5,0,0
JNE3522-KR-XL,10975.71,33,1864.0,945.5,0,0
JNE3522-KR-XS,5224.71,15,3150.0,2166.0,0,0
JNE3522-KR-XXL,9962.24,29,2015.5,1109.0,0,0
JNE3522-KR-XXXL,7207.08,22,2543.0,1507.5,0,0
JNE3523-KR-S,752.0,3,6292.0,5335.5,0,0
JNE3523-KR-XL,752.0,2,6292.0,5959.0,0,0
JNE3523-KR-XS,1128.0,3,5767.0,5335.5,0,0
JNE3523-KR-XXL,376.0,1,6931.5,6746.5,0,1
JNE3524-KR-L,1085.0,2,5812.0,5959.0,0,0
JNE3524-KR-M,2706.0,5,4368.0,4401.5,0,0
JNE3524-KR-S,517.0,1,6712.5,6746.5,0,1
JNE3524-KR-XXL,1551.0,3,5311.0,5335.5,0,0
JNE3524-KR-XXXL,499.0,1,6732.0,6746.5,0,1
JNE3526-KR-XL,301.0,1,7101.5,6746.5,0,1
JNE3526-KR-XS,1204.0,4,5657.0,4820.5,0,0
JNE3526-KR-XXL,301.0,1,7101.5,6746.5,0,1
JNE3528-KR-L,1258.81,4,5599.0,4820.5,0,0
JNE3528-KR-M,319.0,1,7043.0,6746.5,0,1
JNE3528-KR-XL,638.0,3,6443.0,5335.5,0,0
JNE3528-KR-XS,620.0,2,6480.5,5959.0,0,0
JNE3528-KR-XXL,317.0,1,7061.0,6746.5,0,1
JNE3528-KR-XXXL,636.0,2,6447.0,5959.0,0,0
JNE3530-KR-S,1312.66,4,5549.0,4820.5,0,0
JNE3530-KR-XS,5343.33,15,3104.0,2166.0,0,0
JNE3530-KR-XXL,3265.0,9,4019.0,3188.5,1,0
JNE3530-KR-XXXL,1371.0,4,5488.5,4820.5,0,0
JNE3531-KR-L,987.0,3,5955.5,5335.5,0,0
JNE3531-KR-M,651.0,2,6410.0,5959.0,0,0
JNE3531-KR-S,1967.0,6,4930.0,4040.0,0,0
JNE3531-KR-XL,658.0,2,6398.5,5959.0,0,0
JNE3531-KR-XS,654.0,2,6407.5,5959.0,0,0
JNE3531-KR-XXL,644.0,2,6430.0,5959.0,0,0
JNE3531-KR-XXXL,1960.0,6,4933.0,4040.0,0,0
JNE3532-KR-S,359.0,1,6959.5,6746.5,0,1
JNE3532-KR-XXL,328.0,1,7021.5,6746.5,0,1
JNE3534-KR-L,654.0,2,6407.5,5959.0,0,0
JNE3534-KR-M,1015.0,3,5907.5,5335.5,0,0
JNE3534-KR-S,329.0,1,7011.0,6746.5,0,1
JNE3534-KR-XL,979.52,3,5964.0,5335.5,0,0
JNE3534-KR-XS,2189.0,5,4746.0,4401.5,0,0
JNE3534-KR-XXXL,2653.0,8,4411.0,3433.0,1,0
JNE3535-KR-L,419.0,1,6869.5,6746.5,0,1
JNE3535-KR-XL,2227.0,5,4717.0,4401.5,0,0
JNE3535-KR-XS,435.0,1,6839.5,6746.5,0,1
JNE3535-KR-XXXL,419.0,1,6869.5,6746.5,0,1
JNE3537-KR-M,1516.0,4,5342.5,4820.5,0,0
JNE3537-KR-S,1806.52,5,5053.0,4401.5,0,0
JNE3537-KR-XS,2203.0,6,4734.0,4040.0,0,0
JNE3538-KR-XS,536.0,2,6650.0,5959.0,0,0
JNE3539-KR-M,1314.0,4,5548.0,4820.5,0,0
JNE3539-KR-S,689.0,3,6357.0,5335.5,0,0
JNE3539-KR-XL,1300.29,4,5559.0,4820.5,0,0
JNE3539-KR-XS,3184.0,8,4073.0,3433.0,1,0
JNE3539-KR-XXL,1263.0,3,5595.5,5335.5,0,0
JNE3539-KR-XXXL,1623.0,4,5232.5,4820.5,0,0
JNE3541-KR-S,368.0,1,6939.0,6746.5,0,1
JNE3542-KR-L,988.0,3,5950.5,5335.5,0,0
JNE3542-KR-M,1647.0,5,5196.5,4401.5,0,0
JNE3542-KR-S,1596.0,4,5252.5,4820.5,0,0
JNE3542-KR-XL,2644.0,8,4416.0,3433.0,1,0
JNE3542-KR-XS,992.0,3,5943.0,5335.5,0,0
JNE3543-KR-L,6915.48,21,2614.0,1576.5,0,0
JNE3543-KR-M,14773.88,40,1437.0,740.0,0,0
JNE3543-KR-S,18207.92,48,1176.0,584.5,0,0
JNE3543-KR-XL,15701.44,43,1363.0,676.0,0,0
JNE3543-KR-XS,18016.88,47,1186.0,601.0,0,0
JNE3543-KR-XXL,8643.1,24,2247.0,1377.5,0,0
JNE3543-KR-XXXL,3288.48,9,4011.0,3188.5,1,0
JNE3544-KR-M,636.0,2,6447.0,5959.0,0,0
JNE3544-KR-S,1589.0,5,5265.5,4401.5,0,0
JNE3544-KR-XS,320.0,1,7038.0,6746.5,0,1
JNE3545-KR-M,630.0,2,6460.0,5959.0,0,0
JNE3545-KR-S,2584.0,8,4460.0,3433.0,1,0
JNE3546-KR-L,45321.61,99,358.0,189.5,0,0
JNE3546-KR-M,44698.43,98,365.0,192.5,0,0
JNE3546-KR-S,26998.19,57,759.0,447.0,0,0
JNE3546-KR-XL,42868.61,95,388.0,203.0,0,0
JNE3546-KR-XS,7194.81,15,2548.0,2166.0,0,0
JNE3546-KR-XXL,10599.62,22,1921.0,1507.5,0,0
JNE3546-KR-XXXL,12238.19,27,1702.0,1190.5,0,0
JNE3547-KR-L,510.0,1,6722.5,6746.5,0,1
JNE3547-KR-M,517.0,1,6712.5,6746.5,0,1
JNE3547-KR-XL,517.0,1,6712.5,6746.5,0,1
JNE3547-KR-XXL,510.0,1,6722.5,6746.5,0,1
JNE3547-KR-XXXL,2068.0,4,4847.0,4820.5,0,0
JNE3548-KR-L,5687.0,11,2981.0,2774.0,0,0
JNE3548-KR-M,4798.0,9,3314.5,3188.5,0,0
JNE3548-KR-S,1034.0,2,5889.0,5959.0,0,0
JNE3548-KR-XL,5170.0,10,3165.0,2967.0,0,0
JNE3548-KR-XS,517.0,1,6712.5,6746.5,0,1
JNE3548-KR-XXL,5656.0,13,2992.0,2460.0,0,0
JNE3548-KR-XXXL,7269.0,14,2528.5,2308.0,0,0
JNE3549-KR-L,2260.0,7,4695.0,3717.5,0,0
JNE3549-KR-M,960.33,4,6010.0,4820.5,0,0
JNE3549-KR-S,1316.0,4,5547.0,4820.5,0,0
JNE3549-KR-XL,3523.0,11,3875.5,2774.0,1,0
JNE3549-KR-XXL,4492.33,14,3427.0,2308.0,0,0
JNE3549-KR-XXXL,4479.86,13,3431.0,2460.0,0,0
JNE3550-KR-S,1171.0,3,5723.0,5335.5,0,0
JNE3550-KR-XS,867.0,3,6135.0,5335.5,0,0
JNE3553-KR-L,2156.0,4,4773.0,4820.5,0,0
JNE3553-KR-XL,3071.0,6,4128.0,4040.0,0,0
JNE3553-KR-XXL,517.0,1,6712.5,6746.5,0,1
JNE3553-KR-XXXL,1034.0,2,5889.0,5959.0,0,0
JNE3554-KR-L,6373.0,12,2767.0,2615.5,0,0
JNE3554-KR-M,8386.0,16,2291.0,2039.0,0,0
JNE3554-KR-S,4136.0,9,3568.0,3188.5,0,0
JNE3554-KR-XL,2585.0,5,4458.5,4401.5,0,0
JNE3554-KR-XXL,7717.0,15,2438.0,2166.0,0,0
JNE3555-KR-L,1461.0,3,5410.5,5335.5,0,0
JNE3555-KR-M,1461.0,3,5410.5,5335.5,0,0
JNE3555-KR-S,974.0,2,5985.5,5959.0,0,0
JNE3555-KR-XL,974.0,2,5985.5,5959.0,0,0
JNE3555-KR-XXXL,487.0,1,6766.0,6746.5,0,1
JNE3556-KR-L,1551.0,3,5311.0,5335.5,0,0
JNE3556-KR-M,1551.0,3,5311.0,5335.5,0,0
JNE3556-KR-S,1639.0,3,5208.0,5335.5,0,0
JNE3556-KR-XL,1027.0,2,5897.0,5959.0,0,0
JNE3556-KR-XXL,1034.0,2,5889.0,5959.0,0,0
JNE3557-KR-M,1034.0,2,5889.0,5959.0,0,0
JNE3557-KR-S,517.0,1,6712.5,6746.5,0,1
JNE3557-KR-XL,605.0,1,6512.5,6746.5,0,1
JNE3557-KR-XXL,517.0,1,6712.5,6746.5,0,1
JNE3558-KR-S,622.81,2,6473.0,5959.0,0,0
JNE3559-KR-L,2406.0,5,4598.5,4401.5,0,0
JNE3559-KR-M,487.0,1,6766.0,6746.5,0,1
JNE3559-KR-XL,1948.0,5,4946.5,4401.5,0,0
JNE3559-KR-XS,487.0,1,6766.0,6746.5,0,1
JNE3559-KR-XXL,2553.0,5,4483.0,4401.5,0,0
JNE3559-KR-XXXL,3011.0,6,4171.0,4040.0,0,0
JNE3560-KR-L,34777.81,68,528.0,337.0,0,0
JNE3560-KR-M,40297.34,79,422.0,266.0,0,0
JNE3560-KR-S,23436.81,45,908.0,637.0,0,0
JNE3560-KR-XL,29263.53,58,669.0,435.5,0,0
JNE3560-KR-XS,7524.43,15,2473.0,2166.0,0,0
JNE3560-KR-XXL,17587.91,36,1225.0,849.5,0,0
JNE3560-KR-XXXL,14628.62,32,1453.0,982.0,0,0
JNE3561-KR-XXXL,487.0,1,6766.0,6746.5,0,1
JNE3562-KR-L,3434.33,7,3931.0,3717.5,0,0
JNE3562-KR-M,5906.66,13,2909.0,2460.0,0,0
JNE3562-KR-S,2842.0,6,4282.0,4040.0,0,0
JNE3562-KR-XL,7255.0,15,2534.0,2166.0,0,0
JNE3562-KR-XXL,9546.0,19,2079.0,1731.0,0,0
JNE3563-KR-L,1873.33,4,5014.0,4820.5,0,0
JNE3563-KR-M,1407.0,3,5464.5,5335.5,0,0
JNE3563-KR-S,1903.0,5,4989.5,4401.5,0,0
JNE3563-KR-XL,1896.0,4,4996.0,4820.5,0,0
JNE3563-KR-XS,3725.34,8,3770.0,3433.0,1,0
JNE3563-KR-XXL,1399.0,3,5468.5,5335.5,0,0
JNE3563-KR-XXXL,455.0,1,6813.5,6746.5,0,1
JNE3564-KR-L,7110.0,14,2570.0,2308.0,0,0
JNE3564-KR-M,3465.0,8,3914.0,3433.0,1,0
JNE3564-KR-S,2916.0,6,4233.5,4040.0,0,0
JNE3564-KR-XL,5809.0,13,2941.0,2460.0,0,0
JNE3564-KR-XS,974.0,2,5985.5,5959.0,0,0
JNE3564-KR-XXL,4383.0,10,3467.5,2967.0,0,0
JNE3564-KR-XXXL,1924.81,5,4970.5,4401.5,0,0
JNE3565-KR-L,1305.0,4,5555.0,4820.5,0,0
JNE3565-KR-M,647.0,2,6420.5,5959.0,0,0
JNE3565-KR-S,3160.0,9,4082.0,3188.5,1,0
JNE3565-KR-XL,318.0,1,7053.5,6746.5,0,1
JNE3565-KR-XS,1919.0,6,4978.0,4040.0,0,0
JNE3565-KR-XXL,676.0,2,6372.5,5959.0,0,0
JNE3566-KR-L,5152.0,14,3174.5,2308.0,0,0
JNE3566-KR-M,2237.0,7,4713.0,3717.5,0,0
JNE3566-KR-S,4205.0,10,3544.5,2967.0,0,0
JNE3566-KR-XL,5640.0,16,3000.0,2039.0,0,0
JNE3566-KR-XXL,3352.0,10,3982.0,2967.0,1,0
JNE3567-KR-L,71565.62,180,162.0,62.5,0,0
JNE3567-KR-M,127526.0,316,47.0,18.0,0,0
JNE3567-KR-S,34058.0,82,544.0,250.0,0,0
JNE3567-KR-XL,70957.0,177,165.0,64.0,0,0
JNE3567-KR-XS,13253.0,30,1575.0,1061.0,0,0
JNE3567-KR-XXL,32358.0,79,581.5,266.0,0,0
JNE3567-KR-XXXL,10561.0,28,1926.0,1147.0,0,0
JNE3568-KR-L,30110.0,76,646.0,283.5,0,0
JNE3568-KR-M,39575.2,94,433.0,206.5,0,0
JNE3568-KR-S,13221.0,33,1581.0,945.5,0,0
JNE3568-KR-XL,44040.0,112,375.0,159.5,0,0
JNE3568-KR-XS,3864.0,9,3702.0,3188.5,1,0
JNE3568-KR-XXL,12670.0,35,1648.0,881.0,0,0
JNE3568-KR-XXXL,1668.0,4,5184.0,4820.5,0,0
JNE3570-KR-XS,328.0,1,7021.5,6746.5,0,1
JNE3571-KR-L,2922.0,6,4226.5,4040.0,0,0
JNE3571-KR-M,3078.81,6,4119.0,4040.0,0,0
JNE3571-KR-S,2955.0,7,4202.0,3717.5,0,0
JNE3571-KR-XL,3940.0,8,3664.0,3433.0,1,0
JNE3571-KR-XS,974.0,2,5985.5,5959.0,0,0
JNE3571-KR-XXL,4932.0,10,3268.0,2967.0,0,0
JNE3571-KR-XXXL,4604.0,8,3387.0,3433.0,0,0
JNE3573-KR-S,6823.86,18,2636.0,1819.5,0,0
JNE3573-KR-XS,4890.58,13,3282.0,2460.0,0,0
JNE3573-KR-XXL,2256.86,6,4699.0,4040.0,0,0
JNE3573-KR-XXXL,762.0,2,6277.0,5959.0,0,0
JNE3574-KR-L,5583.76,16,3025.0,2039.0,0,0
JNE3574-KR-S,2423.0,7,4578.5,3717.5,0,0
JNE3574-KR-XL,897.0,3,6093.5,5335.5,0,0
JNE3574-KR-XS,1236.0,4,5631.0,4820.5,0,0
JNE3574-KR-XXL,319.0,1,7043.0,6746.5,0,1
JNE3574-KR-XXXL,301.0,1,7101.5,6746.5,0,1
JNE3575-KR-L,3815.0,8,3726.0,3433.0,1,0
JNE3575-KR-M,1783.0,4,5080.0,4820.5,0,0
JNE3575-KR-S,913.0,2,6065.0,5959.0,0,0
JNE3575-KR-XL,1341.0,3,5518.0,5335.5,0,0
JNE3575-KR-XS,471.0,1,6795.0,6746.5,0,1
JNE3575-KR-XXL,1826.0,4,5045.0,4820.5,0,0
JNE3575-KR-XXXL,2283.0,5,4679.5,4401.5,0,0
JNE3576-KR-L,487.0,1,6766.0,6746.5,0,1
JNE3576-KR-M,974.0,2,5985.5,5959.0,0,0
JNE3576-KR-XL,2066.0,4,4851.0,4820.5,0,0
JNE3576-KR-XS,3040.0,6,4147.5,4040.0,0,0
JNE3576-KR-XXL,1461.0,3,5410.5,5335.5,0,0
JNE3576-KR-XXXL,3527.0,7,3872.0,3717.5,0,0
JNE3577-KR-L,1392.0,2,5473.0,5959.0,0,0
JNE3577-KR-M,4134.0,6,3570.5,4040.0,0,0
JNE3577-KR-S,1989.0,3,4909.0,5335.5,0,0
JNE3577-KR-XL,4168.0,6,3557.5,4040.0,0,0
JNE3577-KR-XS,654.0,1,6407.5,6746.5,0,0
JNE3577-KR-XXL,3464.0,5,3915.0,4401.5,0,0
JNE3577-KR-XXXL,4109.72,6,3582.0,4040.0,0,0
JNE3578-KR-L,3060.0,6,4135.5,4040.0,0,0
JNE3578-KR-M,4284.0,7,3515.0,3717.5,0,0
JNE3578-KR-S,4254.86,7,3527.0,3717.5,0,0
JNE3578-KR-XL,4221.0,8,3538.0,3433.0,0,0
JNE3578-KR-XS,612.0,1,6488.5,6746.5,0,0
JNE3578-KR-XXL,1818.0,3,5049.0,5335.5,0,0
JNE3579-KR-L,856.9,4,6155.0,4820.5,0,0
JNE3579-KR-M,7129.19,23,2564.0,1445.0,0,0
JNE3579-KR-S,4171.0,13,3556.0,2460.0,0,0
JNE3579-KR-XL,2928.0,11,4222.5,2774.0,1,0
JNE3579-KR-XS,1171.95,4,5722.0,4820.5,0,0
JNE3579-KR-XXL,295.0,1,7138.5,6746.5,0,1
JNE3579-KR-XXXL,11329.0,36,1810.0,849.5,0,0
JNE3581-KR-L,3810.0,6,3728.0,4040.0,0,0
JNE3581-KR-M,4966.0,8,3253.0,3433.0,0,0
JNE3581-KR-S,2540.0,4,4493.5,4820.5,0,0
JNE3581-KR-XL,2540.0,4,4493.5,4820.5,0,0
JNE3581-KR-XXL,2532.0,4,4500.0,4820.5,0,0
JNE3601-KR-L,8196.67,24,2329.0,1377.5,0,0
JNE3601-KR-M,6432.34,21,2747.0,1576.5,0,0
JNE3601-KR-S,1805.34,6,5055.0,4040.0,0,0
JNE3601-KR-XL,8231.34,24,2326.0,1377.5,0,0
JNE3601-KR-XS,3001.0,10,4176.0,2967.0,1,0
JNE3601-KR-XXL,3597.67,12,3824.0,2615.5,1,0
JNE3602-KR-L,2632.0,7,4422.5,3717.5,0,0
JNE3602-KR-M,2256.0,6,4701.0,4040.0,0,0
JNE3602-KR-S,2124.0,5,4796.0,4401.5,0,0
JNE3602-KR-XL,2930.0,7,4219.5,3717.5,0,0
JNE3602-KR-XS,981.0,2,5962.5,5959.0,0,0
JNE3602-KR-XXL,1733.0,4,5117.5,4820.5,0,0
JNE3602-KR-XXXL,3018.2,8,4162.0,3433.0,1,0
JNE3603-KR-L,7680.34,25,2448.0,1307.0,0,0
JNE3603-KR-M,4429.34,14,3448.0,2308.0,0,0
JNE3603-KR-S,1761.0,6,5099.0,4040.0,0,0
JNE3603-KR-XL,3492.0,12,3895.0,2615.5,1,0
JNE3603-KR-XXL,7353.68,23,2510.0,1445.0,0,0
JNE3605-KR-L,5655.0,12,2993.5,2615.5,0,0
JNE3605-KR-M,3954.0,8,3654.0,3433.0,1,0
JNE3605-KR-S,2495.0,5,4518.5,4401.5,0,0
JNE3605-KR-XL,4467.0,9,3436.0,3188.5,0,0
JNE3605-KR-XS,1004.0,2,5917.0,5959.0,0,0
JNE3605-KR-XXL,6592.0,13,2703.0,2460.0,0,0
JNE3605-KR-XXXL,6996.76,14,2595.0,2308.0,0,0
JNE3606-KR-L,7857.81,16,2405.0,2039.0,0,0
JNE3606-KR-M,1473.0,3,5389.0,5335.5,0,0
JNE3606-KR-S,5277.19,12,3130.0,2615.5,0,0
JNE3606-KR-XL,3866.81,8,3701.0,3433.0,1,0
JNE3606-KR-XS,2042.81,4,4873.0,4820.5,0,0
JNE3606-KR-XXL,5322.62,11,3118.0,2774.0,0,0
JNE3606-KR-XXXL,5939.1,12,2892.0,2615.5,0,0
JNE3607-KR-L,8584.58,18,2258.0,1819.5,0,0
JNE3607-KR-M,11120.29,23,1835.0,1445.0,0,0
JNE3607-KR-S,2338.57,5,4637.0,4401.5,0,0
JNE3607-KR-XL,12923.29,26,1622.0,1247.0,0,0
JNE3607-KR-XS,6988.86,14,2598.0,2308.0,0,0
JNE3607-KR-XXL,6087.0,13,2847.0,2460.0,0,0
JNE3607-KR-XXXL,10445.0,21,1945.0,1576.5,0,0
JNE3608-KR-L,11852.8,32,1751.0,982.0,0,0
JNE3608-KR-M,5039.0,13,3217.0,2460.0,0,0
JNE3608-KR-S,2019.0,5,4886.0,4401.5,0,0
JNE3608-KR-XL,3778.0,10,3739.5,2967.0,1,0
JNE3608-KR-XS,3105.0,7,4106.5,3717.5,0,0
JNE3608-KR-XXL,3409.0,9,3946.0,3188.5,1,0
JNE3608-KR-XXXL,358.0,1,6961.0,6746.5,0,1
JNE3609-KR-L,9601.9,15,2071.0,2166.0,0,0
JNE3609-KR-M,16423.95,29,1312.0,1109.0,0,0
JNE3609-KR-S,4530.0,8,3415.5,3433.0,0,0
JNE3609-KR-XL,14620.6,26,1454.0,1247.0,0,0
JNE3609-KR-XS,6278.0,10,2788.0,2967.0,0,0
JNE3609-KR-XXL,18756.9,32,1139.0,982.0,0,0
JNE3609-KR-XXXL,18225.9,32,1173.0,982.0,0,0
JNE3610-KR-L,582.0,2,6584.5,5959.0,0,0
JNE3610-KR-M,2097.0,6,4816.0,4040.0,0,0
JNE3610-KR-S,881.0,3,6123.0,5335.5,0,0
JNE3610-KR-XL,2685.0,7,4380.0,3717.5,0,0
JNE3610-KR-XS,1475.0,5,5384.0,4401.5,0,0
JNE3610-KR-XXL,582.0,2,6584.5,5959.0,0,0
JNE3610-KR-XXXL,1517.0,5,5339.5,4401.5,0,0
JNE3611-KR-L,24436.0,53,863.0,508.0,0,0
JNE3611-KR-M,12948.14,29,1617.0,1109.0,0,0
JNE3611-KR-S,11088.0,25,1847.0,1307.0,0,0
JNE3611-KR-XL,15655.0,33,1366.0,945.5,0,0
JNE3611-KR-XS,5640.28,12,2999.0,2615.5,0,0
JNE3611-KR-XXL,27368.14,59,744.0,423.5,0,0
JNE3611-KR-XXXL,24883.14,53,835.0,508.0,0,0
JNE3612-KR-L,5502.0,14,3056.0,2308.0,0,0
JNE3612-KR-M,3135.0,9,4091.0,3188.5,1,0
JNE3612-KR-S,4157.0,10,3562.5,2967.0,0,0
JNE3612-KR-XL,5845.0,15,2929.0,2166.0,0,0
JNE3612-KR-XS,380.0,1,6920.0,6746.5,0,1
JNE3612-KR-XXL,3309.0,8,4002.0,3433.0,1,0
JNE3612-KR-XXXL,785.0,2,6248.0,5959.0,0,0
JNE3613-KR-L,45593.0,113,353.0,155.5,0,0
JNE3613-KR-M,35771.0,85,498.0,236.5,0,0
JNE3613-KR-S,24651.0,57,847.0,447.0,0,0
JNE3613-KR-XL,51182.0,122,291.0,132.0,0,0
JNE3613-KR-XS,7384.0,18,2505.0,1819.5,0,0
JNE3613-KR-XXL,21794.0,52,974.0,526.5,0,0
JNE3613-KR-XXXL,21026.0,51,1006.0,540.5,0,0
JNE3614-KR-L,17806.0,40,1209.0,740.0,0,0
JNE3614-KR-M,17292.0,38,1254.0,786.5,0,0
JNE3614-KR-S,4075.0,9,3600.5,3188.5,1,0
JNE3614-KR-XL,22076.14,50,965.0,554.5,0,0
JNE3614-KR-XS,7434.0,16,2493.0,2039.0,0,0
JNE3614-KR-XXL,17873.0,37,1203.0,816.5,0,0
JNE3614-KR-XXXL,19643.0,45,1077.0,637.0,0,0
JNE3615-KR-L,2102.0,6,4813.0,4040.0,0,0
JNE3615-KR-M,919.0,3,6058.0,5335.5,0,0
JNE3615-KR-S,1816.0,6,5050.0,4040.0,0,0
JNE3615-KR-XL,1820.0,6,5048.0,4040.0,0,0
JNE3615-KR-XS,1238.0,4,5626.0,4820.5,0,0
JNE3615-KR-XXL,903.0,3,6075.0,5335.5,0,0
JNE3615-KR-XXXL,931.0,3,6043.0,5335.5,0,0
JNE3616-KR-L,2485.0,6,4527.0,4040.0,0,0
JNE3616-KR-M,3191.0,10,4064.5,2967.0,1,0
JNE3616-KR-XL,3832.0,12,3719.5,2615.5,1,0
JNE3616-KR-XS,1277.0,4,5588.0,4820.5,0,0
JNE3616-KR-XXL,1594.0,5,5257.0,4401.5,0,0
JNE3616-KR-XXXL,4045.42,12,3609.0,2615.5,1,0
JNE3617-KR-L,1181.76,4,5707.5,4820.5,0,0
JNE3617-KR-M,301.0,1,7101.5,6746.5,0,1
JNE3617-KR-S,2717.0,9,4362.0,3188.5,1,0
JNE3617-KR-XL,2441.0,8,4561.5,3433.0,1,0
JNE3617-KR-XS,1203.0,3,5661.5,5335.5,0,0
JNE3617-KR-XXL,3629.0,11,3809.0,2774.0,1,0
JNE3617-KR-XXXL,2104.0,6,4810.5,4040.0,0,0
JNE3618-KR-L,42075.01,106,397.0,172.5,0,0
JNE3618-KR-M,35663.0,93,503.0,209.0,0,0
JNE3618-KR-S,20712.28,51,1022.0,540.5,0,0
JNE3618-KR-XL,7629.0,19,2461.0,1731.0,0,0
JNE3618-KR-XS,11949.0,29,1742.0,1109.0,0,0
JNE3618-KR-XXL,39000.09,101,441.0,185.5,0,0
JNE3618-KR-XXXL,8538.0,21,2269.5,1576.5,0,0
JNE3619-KR-L,19247.35,62,1102.0,393.5,0,0
JNE3619-KR-M,18441.67,62,1162.0,393.5,0,0
JNE3619-KR-S,8756.53,28,2223.0,1147.0,0,0
JNE3619-KR-XL,14547.0,46,1461.0,616.0,0,0
JNE3619-KR-XS,6618.34,20,2693.0,1651.5,0,0
JNE3619-KR-XXL,19044.35,60,1114.0,411.5,0,0
JNE3620-KR-L,12359.85,37,1684.0,816.5,0,0
JNE3620-KR-M,17509.0,52,1235.0,526.5,0,0
JNE3620-KR-S,6117.66,18,2831.0,1819.5,0,0
JNE3620-KR-XL,10694.0,32,1908.0,982.0,0,0
JNE3620-KR-XS,7092.52,21,2574.0,1576.5,0,0
JNE3620-KR-XXL,4926.0,15,3271.0,2166.0,0,0
JNE3620-KR-XXXL,2838.34,8,4285.0,3433.0,1,0
JNE3621-KR-A-S,455.0,1,6813.5,6746.5,0,1
JNE3621-KR-A-XL,1033.0,2,5893.5,5959.0,0,0
JNE3621-KR-A-XXL,428.0,1,6851.0,6746.5,0,1
JNE3621-KR-A-XXXL,883.0,2,6119.0,5959.0,0,0
JNE3621-KR-L,2794.24,7,4310.0,3717.5,0,0
JNE3621-KR-M,2292.0,5,4676.0,4401.5,0,0
JNE3621-KR-S,1365.0,3,5494.5,5335.5,0,0
JNE3621-KR-XL,3660.24,8,3799.0,3433.0,1,0
JNE3621-KR-XXL,3640.0,8,3807.0,3433.0,1,0
JNE3622-KR-L,3575.0,10,3840.0,2967.0,1,0
JNE3622-KR-M,1086.48,3,5809.0,5335.5,0,0
JNE3622-KR-S,2039.0,5,4876.5,4401.5,0,0
JNE3622-KR-XL,1341.0,4,5518.0,4820.5,0,0
JNE3622-KR-XS,717.0,2,6321.5,5959.0,0,0
JNE3622-KR-XXL,3237.38,9,4036.0,3188.5,1,0
JNE3622-KR-XXXL,405.0,1,6880.5,6746.5,0,1
JNE3623-KR-L,1082.0,3,5815.0,5335.5,0,0
JNE3623-KR-M,2415.0,6,4589.5,4040.0,0,0
JNE3623-KR-S,362.0,1,6948.5,6746.5,0,1
JNE3623-KR-XS,1448.0,4,5432.0,4820.5,0,0
JNE3623-KR-XXXL,2512.76,7,4508.0,3717.5,0,0
JNE3624-KR-L,1455.0,3,5420.5,5335.5,0,0
JNE3624-KR-S,1461.0,3,5410.5,5335.5,0,0
JNE3624-KR-XL,481.0,1,6777.0,6746.5,0,1
JNE3625-DR-L,2239.09,5,4712.0,4401.5,0,0
JNE3625-DR-M,1755.0,4,5101.5,4820.5,0,0
JNE3625-DR-S,887.0,2,6110.0,5959.0,0,0
JNE3625-DR-XL,530.0,1,6660.0,6746.5,0,1
JNE3625-DR-XXL,868.0,2,6134.0,5959.0,0,0
JNE3625-DR-XXXL,2406.0,6,4598.5,4040.0,0,0
JNE3627-KR-L,6914.72,20,2615.0,1651.5,0,0
JNE3627-KR-M,3490.0,10,3899.0,2967.0,1,0
JNE3627-KR-S,987.0,3,5955.5,5335.5,0,0
JNE3627-KR-XL,5395.86,15,3086.0,2166.0,0,0
JNE3627-KR-XS,954.0,3,6016.0,5335.5,0,0
JNE3627-KR-XXXL,329.0,1,7011.0,6746.5,0,1
JNE3628-KR-L,1449.0,3,5427.5,5335.5,0,0
JNE3628-KR-XL,968.0,2,6000.5,5959.0,0,0
JNE3628-KR-XS,487.0,1,6766.0,6746.5,0,1
JNE3628-KR-XXL,487.0,1,6766.0,6746.5,0,1
JNE3628-KR-XXXL,5451.81,11,3072.0,2774.0,0,0
JNE3629-KR-M,1578.0,3,5278.5,5335.5,0,0
JNE3629-KR-S,1025.0,2,5899.0,5959.0,0,0
JNE3629-KR-XL,3586.0,7,3834.0,3717.5,0,0
JNE3629-KR-XS,998.0,2,5934.5,5959.0,0,0
JNE3629-KR-XXL,1709.0,3,5146.0,5335.5,0,0
JNE3629-KR-XXXL,998.0,1,5934.5,6746.5,0,0
JNE3630-KR-L,3415.62,8,3942.0,3433.0,1,0
JNE3630-KR-M,1670.71,4,5181.0,4820.5,0,0
JNE3630-KR-S,405.0,1,6880.5,6746.5,0,1
JNE3630-KR-XL,3460.71,8,3916.0,3433.0,1,0
JNE3630-KR-XS,810.0,2,6224.0,5959.0,0,0
JNE3630-KR-XXL,2887.81,7,4251.0,3717.5,0,0
JNE3630-KR-XXXL,3643.0,8,3805.5,3433.0,1,0
JNE3631-DR-M,499.0,1,6732.0,6746.5,0,1
JNE3631-DR-XL,974.24,2,5973.5,5959.0,0,0
JNE3631-DR-XS,2046.0,4,4869.5,4820.5,0,0
JNE3633-KR-L,10417.14,23,1948.0,1445.0,0,0
JNE3633-KR-M,11627.0,25,1777.0,1307.0,0,0
JNE3633-KR-S,9158.0,20,2154.0,1651.5,0,0
JNE3633-KR-XL,19206.0,41,1106.0,718.0,0,0
JNE3633-KR-XS,3359.0,7,3977.0,3717.5,0,0
JNE3633-KR-XXL,8205.1,19,2328.0,1731.0,0,0
JNE3633-KR-XXXL,10758.44,24,1897.0,1377.5,0,0
JNE3634-KR-L,39502.2,75,434.0,290.5,0,0
JNE3634-KR-M,38493.0,72,453.0,307.5,0,0
JNE3634-KR-S,21202.0,41,998.0,718.0,0,0
JNE3634-KR-XL,34685.0,67,531.0,345.0,0,0
JNE3634-KR-XS,15263.0,30,1399.0,1061.0,0,0
JNE3634-KR-XXL,30135.0,57,643.0,447.0,0,0
JNE3634-KR-XXXL,35134.0,68,520.0,337.0,0,0
JNE3635-KR-L,3375.0,10,3967.5,2967.0,1,0
JNE3635-KR-M,2010.0,6,4891.0,4040.0,0,0
JNE3635-KR-S,1335.0,4,5525.0,4820.5,0,0
JNE3635-KR-XL,2960.0,8,4199.0,3433.0,1,0
JNE3635-KR-XS,1955.0,5,4939.0,4401.5,0,0
JNE3635-KR-XXL,3375.0,10,3967.5,2967.0,1,0
JNE3635-KR-XXXL,2020.0,6,4884.5,4040.0,0,0
JNE3636-KR-L,9410.0,20,2114.0,1651.5,0,0
JNE3636-KR-M,8178.0,18,2334.0,1819.5,0,0
JNE3636-KR-S,4500.0,10,3421.0,2967.0,0,0
JNE3636-KR-XL,11900.0,26,1747.0,1247.0,0,0
JNE3636-KR-XS,2698.0,6,4369.0,4040.0,0,0
JNE3636-KR-XXL,7288.0,16,2523.0,2039.0,0,0
JNE3636-KR-XXXL,7720.0,17,2436.0,1923.5,0,0
JNE3637-KR-L,6096.9,13,2842.0,2460.0,0,0
JNE3637-KR-M,5147.0,10,3178.0,2967.0,0,0
JNE3637-KR-S,2183.0,4,4753.0,4820.5,0,0
JNE3637-KR-XL,2183.0,4,4753.0,4820.5,0,0
JNE3637-KR-XS,998.0,2,5934.5,5959.0,0,0
JNE3637-KR-XXL,3033.0,6,4156.0,4040.0,0,0
JNE3637-KR-XXXL,2979.0,6,4191.0,4040.0,0,0
JNE3638-KR-L,6173.0,13,2815.0,2460.0,0,0
JNE3638-KR-M,6610.0,13,2695.5,2460.0,0,0
JNE3638-KR-S,6186.0,12,2811.0,2615.5,0,0
JNE3638-KR-XL,11767.0,21,1763.0,1576.5,0,0
JNE3638-KR-XS,5290.38,10,3126.0,2967.0,0,0
JNE3638-KR-XXL,11238.38,22,1819.0,1507.5,0,0
JNE3638-KR-XXXL,7151.38,16,2561.0,2039.0,0,0
JNE3639-TP-N-L,18577.0,35,1151.0,881.0,0,0
JNE3639-TP-N-M,25044.0,46,831.0,616.0,0,0
JNE3639-TP-N-S,7044.0,13,2585.5,2460.0,0,0
JNE3639-TP-N-XL,11769.0,22,1762.0,1507.5,0,0
JNE3639-TP-N-XS,7746.0,14,2428.0,2308.0,0,0
JNE3639-TP-N-XXL,12044.33,24,1724.0,1377.5,0,0
JNE3640-TP-N-L,24181.81,41,875.0,718.0,0,0
JNE3640-TP-N-M,11242.0,20,1818.0,1651.5,0,0
JNE3640-TP-N-S,8681.9,18,2238.0,1819.5,0,0
JNE3640-TP-N-XL,24534.8,46,856.0,616.0,0,0
JNE3640-TP-N-XS,6576.0,12,2708.0,2615.5,0,0
JNE3640-TP-N-XXL,12026.24,23,1729.0,1445.0,0,0
JNE3641-TP-N-S,4627.0,13,3375.0,2460.0,0,0
JNE3641-TP-N-XS,4969.0,14,3251.0,2308.0,0,0
JNE3641-TP-N-XXL,1491.14,4,5361.0,4820.5,0,0
JNE3642-TP-L,1284.0,4,5575.0,4820.5,0,0
JNE3642-TP-S,1637.0,5,5214.0,4401.5,0,0
JNE3642-TP-XL,2192.71,6,4745.0,4040.0,0,0
JNE3642-TP-XS,2919.0,9,4231.0,3188.5,1,0
JNE3642-TP-XXL,4692.33,13,3353.0,2460.0,0,0
JNE3643-TP-N-L,2072.0,8,4838.0,3433.0,1,0
JNE3643-TP-N-S,518.0,3,6690.5,5335.5,0,0
JNE3643-TP-N-XL,2995.67,11,4184.0,2774.0,1,0
JNE3643-TP-N-XS,1337.0,5,5522.0,4401.5,0,0
JNE3643-TP-N-XXL,777.0,3,6252.5,5335.5,0,0
JNE3644-TP-N-L,315.0,1,7063.0,6746.5,0,1
JNE3644-TP-N-S,1872.0,6,5015.0,4040.0,0,0
JNE3644-TP-N-XL,3655.29,11,3801.0,2774.0,1,0
JNE3644-TP-N-XS,598.0,2,6558.5,5959.0,0,0
JNE3644-TP-N-XXL,3904.0,12,3684.0,2615.5,1,0
JNE3645-TP-N-L,32358.0,71,581.5,314.5,0,0
JNE3645-TP-N-M,31551.43,67,597.5,345.0,0,0
JNE3645-TP-N-S,25392.95,56,814.0,460.0,0,0
JNE3645-TP-N-XL,34094.43,69,543.0,328.5,0,0
JNE3645-TP-N-XS,24544.0,53,855.0,508.0,0,0
JNE3645-TP-N-XXL,21814.0,48,972.0,584.5,0,0
JNE3647-TP-N-XS,3854.0,10,3708.5,2967.0,1,0
JNE3647-TP-N-XXL,330.0,1,7000.0,6746.5,0,1
JNE3648-TP-N-L,12706.81,24,1644.0,1377.5,0,0
JNE3648-TP-N-M,16184.14,31,1327.0,1019.5,0,0
JNE3648-TP-N-S,14776.14,27,1436.0,1190.5,0,0
JNE3648-TP-N-XL,6155.81,15,2820.0,2166.0,0,0
JNE3648-TP-N-XS,8776.24,18,2217.0,1819.5,0,0
JNE3648-TP-N-XXL,10769.0,20,1896.0,1651.5,0,0
JNE3649-TP-N-XS,754.0,2,6289.0,5959.0,0,0
JNE3649-TP-N-XXL,377.0,1,6927.5,6746.5,0,1
JNE3651-TP-N-L,6889.33,15,2620.0,2166.0,0,0
JNE3651-TP-N-M,12925.0,24,1621.0,1377.5,0,0
JNE3651-TP-N-S,3077.0,6,4122.0,4040.0,0,0
JNE3651-TP-N-XL,8653.62,17,2246.0,1923.5,0,0
JNE3651-TP-N-XS,1017.0,3,5904.0,5335.5,0,0
JNE3651-TP-N-XXL,4960.0,9,3257.0,3188.5,0,0
JNE3652-TP-N-L,6422.0,21,2752.0,1576.5,0,0
JNE3652-TP-N-M,6432.0,19,2748.0,1731.0,0,0
JNE3652-TP-N-S,4728.0,14,3340.5,2308.0,0,0
JNE3652-TP-N-XL,5381.9,17,3092.0,1923.5,0,0
JNE3652-TP-N-XS,2369.0,7,4621.0,3717.5,0,0
JNE3652-TP-N-XXL,7631.62,22,2459.0,1507.5,0,0
JNE3653-TP-N-XL,2154.0,6,4775.0,4040.0,0,0
JNE3653-TP-N-XXL,1426.0,4,5451.0,4820.5,0,0
JNE3654-TP-L,30292.29,75,636.0,290.5,0,0
JNE3654-TP-M,40120.46,98,423.0,192.5,0,0
JNE3654-TP-S,1903.0,5,4989.5,4401.5,0,0
JNE3654-TP-XL,22282.0,53,955.0,508.0,0,0
JNE3654-TP-XS,3801.14,10,3731.0,2967.0,1,0
JNE3654-TP-XXL,8567.0,22,2262.0,1507.5,0,0
JNE3655-TP-L,1645.0,5,5198.5,4401.5,0,0
JNE3655-TP-M,2937.0,9,4217.0,3188.5,1,0
JNE3655-TP-S,642.33,2,6436.5,5959.0,0,0
JNE3655-TP-XL,1994.0,7,4905.0,3717.5,0,0
JNE3655-TP-XS,329.0,1,7011.0,6746.5,0,1
JNE3655-TP-XXL,1950.0,6,4941.0,4040.0,0,0
JNE3656-TP-N-L,2184.0,5,4751.0,4401.5,0,0
JNE3656-TP-N-M,7161.34,13,2559.0,2460.0,0,0
JNE3656-TP-N-S,2206.0,4,4732.5,4820.5,0,0
JNE3656-TP-N-XL,3958.29,7,3650.0,3717.5,0,0
JNE3656-TP-N-XXL,518.0,1,6690.5,6746.5,0,1
JNE3657-TP-XS,1005.0,3,5913.0,5335.5,0,0
JNE3657-TP-XXL,676.0,2,6372.5,5959.0,0,0
JNE3658-TP-L,4291.14,10,3510.0,2967.0,0,0
JNE3658-TP-M,3897.0,10,3686.5,2967.0,1,0
JNE3658-TP-S,2499.0,7,4516.0,3717.5,0,0
JNE3658-TP-XL,2602.0,7,4442.5,3717.5,0,0
JNE3658-TP-XS,2214.14,6,4724.0,4040.0,0,0
JNE3658-TP-XXL,2744.0,7,4350.0,3717.5,0,0
JNE3659-TP-N-L,29816.56,58,660.0,435.5,0,0
JNE3659-TP-N-M,22391.95,44,950.0,657.0,0,0
JNE3659-TP-N-S,2465.0,5,4543.0,4401.5,0,0
JNE3659-TP-N-XL,28690.94,59,692.0,423.5,0,0
JNE3659-TP-N-XS,9623.0,20,2067.0,1651.5,0,0
JNE3659-TP-N-XXL,26623.52,52,770.0,526.5,0,0
JNE3660-TP-N-L,9030.33,23,2173.0,1445.0,0,0
JNE3660-TP-N-M,4444.71,13,3444.0,2460.0,0,0
JNE3660-TP-N-S,5919.0,15,2903.0,2166.0,0,0
JNE3660-TP-N-XS,2637.0,7,4419.0,3717.5,0,0
JNE3660-TP-N-XXL,4552.0,13,3406.0,2460.0,0,0
JNE3661-TP-XL,1795.0,6,5072.0,4040.0,0,0
JNE3661-TP-XS,614.0,2,6484.0,5959.0,0,0
JNE3661-TP-XXL,2093.67,6,4820.0,4040.0,0,0
JNE3662-TP-M,605.0,1,6512.5,6746.5,0,1
JNE3662-TP-S,4932.57,12,3267.0,2615.5,0,0
JNE3662-TP-XS,4329.0,10,3493.0,2967.0,0,0
JNE3662-TP-XXL,1197.0,3,5680.0,5335.5,0,0
JNE3663-TP-L,446.0,1,6826.5,6746.5,0,1
JNE3663-TP-M,341.9,1,6987.0,6746.5,0,1
JNE3663-TP-S,354.0,1,6963.0,6746.5,0,1
JNE3665-TP-L,4242.0,10,3529.0,2967.0,0,0
JNE3665-TP-M,9286.0,17,2136.0,1923.5,0,0
JNE3665-TP-S,4015.0,8,3618.0,3433.0,1,0
JNE3665-TP-XL,10700.05,20,1907.0,1651.5,0,0
JNE3665-TP-XS,5740.0,11,2963.5,2774.0,0,0
JNE3665-TP-XXL,2837.0,4,4288.5,4820.5,0,0
JNE3666-TP-L,1196.0,4,5684.0,4820.5,0,0
JNE3666-TP-M,899.0,3,6086.0,5335.5,0,0
JNE3666-TP-S,1203.0,3,5661.5,5335.5,0,0
JNE3666-TP-XL,1200.0,4,5664.0,4820.5,0,0
JNE3666-TP-XS,1502.0,4,5350.5,4820.5,0,0
JNE3666-TP-XXL,899.0,3,6086.0,5335.5,0,0
JNE3667-TP-L,1294.62,4,5567.0,4820.5,0,0
JNE3667-TP-M,1645.0,5,5198.5,4401.5,0,0
JNE3667-TP-S,329.0,1,7011.0,6746.5,0,1
JNE3667-TP-XL,658.0,2,6398.5,5959.0,0,0
JNE3667-TP-XS,329.0,1,7011.0,6746.5,0,1
JNE3667-TP-XXL,981.0,3,5962.5,5335.5,0,0
JNE3668-TP-N-L,1017.0,2,5904.0,5959.0,0,0
JNE3668-TP-N-M,1554.0,3,5304.0,5335.5,0,0
JNE3668-TP-N-S,3319.0,6,3998.0,4040.0,0,0
JNE3668-TP-N-XL,2053.0,4,4860.5,4820.5,0,0
JNE3668-TP-N-XXL,998.0,2,5934.5,5959.0,0,0
JNE3669-TU-S,4580.0,8,3395.0,3433.0,0,0
JNE3669-TU-XL,625.0,1,6469.0,6746.5,0,0
JNE3669-TU-XXL,7655.67,13,2456.0,2460.0,0,0
JNE3669-TU-XXXL,1849.0,3,5027.5,5335.5,0,0
JNE3670-TU-L,2829.0,7,4292.0,3717.5,0,0
JNE3670-TU-M,1931.0,5,4964.5,4401.5,0,0
JNE3670-TU-S,3948.0,9,3660.0,3188.5,1,0
JNE3670-TU-XL,2491.52,7,4522.0,3717.5,0,0
JNE3670-TU-XS,7975.0,20,2384.5,1651.5,0,0
JNE3670-TU-XXL,3138.57,8,4090.0,3433.0,1,0
JNE3670-TU-XXXL,3403.19,8,3953.0,3433.0,1,0
JNE3671-TU-L,6773.0,12,2649.0,2615.5,0,0
JNE3671-TU-M,5997.0,8,2868.5,3433.0,0,0
JNE3671-TU-S,8509.0,15,2277.0,2166.0,0,0
JNE3671-TU-XL,5531.0,8,3042.0,3433.0,0,0
JNE3671-TU-XS,7932.0,13,2392.0,2460.0,0,0
JNE3671-TU-XXL,10368.0,16,1956.0,2039.0,0,0
JNE3671-TU-XXXL,10654.24,17,1916.0,1923.5,0,0
JNE3672-TU-L,2842.67,5,4281.0,4401.5,0,0
JNE3672-TU-M,4623.0,8,3377.5,3433.0,0,0
JNE3672-TU-S,1114.0,2,5785.0,5959.0,0,0
JNE3672-TU-XL,3094.0,5,4113.0,4401.5,0,0
JNE3672-TU-XS,1179.0,2,5714.0,5959.0,0,0
JNE3672-TU-XXL,1148.0,2,5745.0,5959.0,0,0
JNE3672-TU-XXXL,5228.0,10,3147.0,2967.0,0,0
JNE3673-TU-L,2995.0,5,4185.0,4401.5,0,0
JNE3673-TU-M,5391.0,7,3088.0,3717.5,0,0
JNE3673-TU-S,1198.0,3,5672.5,5335.5,0,0
JNE3673-TU-XL,2396.0,4,4605.5,4820.5,0,0
JNE3673-TU-XS,1797.0,3,5068.0,5335.5,0,0
JNE3673-TU-XXXL,1198.0,2,5672.5,5959.0,0,0
JNE3674-TU-L,14614.01,25,1456.0,1307.0,0,0
JNE3674-TU-M,5896.0,10,2913.5,2967.0,0,0
JNE3674-TU-S,4623.0,9,3377.5,3188.5,0,0
JNE3674-TU-XL,5672.0,10,2986.5,2967.0,0,0
JNE3674-TU-XS,1946.0,3,4950.5,5335.5,0,0
JNE3674-TU-XXL,8800.0,15,2211.5,2166.0,0,0
JNE3674-TU-XXXL,7493.0,14,2478.5,2308.0,0,0
JNE3675-TU-L,13969.0,25,1511.0,1307.0,0,0
JNE3675-TU-M,9606.0,17,2070.0,1923.5,0,0
JNE3675-TU-S,6537.0,12,2716.0,2615.5,0,0
JNE3675-TU-XL,5523.04,10,3044.0,2967.0,0,0
JNE3675-TU-XS,3313.0,6,3999.0,4040.0,0,0
JNE3675-TU-XXL,10803.05,19,1891.0,1731.0,0,0
JNE3675-TU-XXXL,7447.0,13,2488.0,2460.0,0,0
JNE3676-TU-L,2629.24,7,4424.0,3717.5,0,0
JNE3676-TU-M,752.0,2,6292.0,5959.0,0,0
JNE3676-TU-S,2127.0,5,4792.5,4401.5,0,0
JNE3676-TU-XL,1119.0,3,5781.0,5335.5,0,0
JNE3676-TU-XS,1183.0,3,5702.5,5335.5,0,0
JNE3676-TU-XXL,1143.0,3,5746.0,5335.5,0,0
JNE3676-TU-XXXL,770.0,2,6270.0,5959.0,0,0
JNE3678-TU-M,1063.0,2,5835.5,5959.0,0,0
JNE3678-TU-S,545.0,1,6638.5,6746.5,0,1
JNE3678-TU-XL,2598.0,5,4445.5,4401.5,0,0
JNE3678-TU-XS,545.0,1,6638.5,6746.5,0,1
JNE3678-TU-XXL,545.0,1,6638.5,6746.5,0,1
JNE3678-TU-XXXL,1581.0,3,5273.0,5335.5,0,0
JNE3679-TU-L,4726.33,11,3342.0,2774.0,0,0
JNE3679-TU-M,399.0,1,6888.0,6746.5,0,1
JNE3679-TU-S,837.0,2,6190.5,5959.0,0,0
JNE3680-TU-A-L,3069.0,5,4129.5,4401.5,0,0
JNE3680-TU-M,11193.67,19,1824.0,1731.0,0,0
JNE3680-TU-S,3444.0,6,3924.0,4040.0,0,0
JNE3680-TU-XL,4757.0,8,3327.0,3433.0,0,0
JNE3680-TU-XS,1688.0,4,5171.5,4820.5,0,0
JNE3680-TU-XXL,11003.0,18,1856.0,1819.5,0,0
JNE3680-TU-XXXL,5924.0,12,2900.0,2615.5,0,0
JNE3683-TU-S,1303.0,3,5557.5,5335.5,0,0
JNE3683-TU-XL,954.0,2,6016.0,5959.0,0,0
JNE3683-TU-XS,1037.0,3,5864.0,5335.5,0,0
JNE3684-TU-L,1583.0,5,5270.0,4401.5,0,0
JNE3684-TU-M,1561.34,5,5295.0,4401.5,0,0
JNE3684-TU-S,921.0,3,6051.5,5335.5,0,0
JNE3684-TU-XL,630.0,2,6460.0,5959.0,0,0
JNE3684-TU-XS,3391.0,10,3958.0,2967.0,1,0
JNE3684-TU-XXXL,917.0,3,6062.0,5335.5,0,0
JNE3686-TU-L,2169.0,5,4766.0,4401.5,0,0
JNE3686-TU-M,1715.0,5,5141.0,4401.5,0,0
JNE3686-TU-S,425.0,1,6855.0,6746.5,0,1
JNE3686-TU-XL,4950.0,12,3260.0,2615.5,0,0
JNE3686-TU-XS,3038.0,7,4149.0,3717.5,0,0
JNE3686-TU-XXL,2654.43,6,4410.0,4040.0,0,0
JNE3686-TU-XXXL,1714.0,4,5142.0,4820.5,0,0
JNE3687-TU-L,3819.0,7,3724.5,3717.5,0,0
JNE3687-TU-M,2180.0,5,4758.5,4401.5,0,0
JNE3687-TU-S,2433.05,4,4569.0,4820.5,0,0
JNE3687-TU-XL,3819.0,7,3724.5,3717.5,0,0
JNE3687-TU-XS,1695.0,3,5161.0,5335.5,0,0
JNE3687-TU-XXL,3226.1,7,4040.0,3717.5,0,0
JNE3687-TU-XXXL,1064.05,2,5834.0,5959.0,0,0
JNE3688-TU-L,5333.96,9,3109.0,3188.5,0,0
JNE3688-TU-M,2034.0,3,4879.5,5335.5,0,0
JNE3688-TU-S,563.0,1,6617.5,6746.5,0,1
JNE3688-TU-XL,5029.0,8,3225.5,3433.0,0,0
JNE3688-TU-XS,6674.44,11,2680.0,2774.0,0,0
JNE3688-TU-XXL,4798.0,8,3314.5,3433.0,0,0
JNE3688-TU-XXXL,1734.19,3,5115.0,5335.5,0,0
JNE3689-TU-L,9058.09,20,2170.0,1651.5,0,0
JNE3689-TU-M,8127.0,19,2344.0,1731.0,0,0
JNE3689-TU-S,6016.0,13,2862.0,2460.0,0,0
JNE3689-TU-XL,5962.33,13,2887.0,2460.0,0,0
JNE3689-TU-XS,3503.33,8,3886.0,3433.0,1,0
JNE3689-TU-XXL,6370.33,15,2768.0,2166.0,0,0
JNE3689-TU-XXXL,5333.0,12,3110.0,2615.5,0,0
JNE3690-TU-L,15296.0,30,1397.0,1061.0,0,0
JNE3690-TU-M,22837.85,43,935.0,676.0,0,0
JNE3690-TU-S,19008.0,38,1120.0,786.5,0,0
JNE3690-TU-XL,24080.0,46,879.0,616.0,0,0
JNE3690-TU-XS,10071.0,20,2000.0,1651.5,0,0
JNE3690-TU-XXL,12557.0,23,1659.0,1445.0,0,0
JNE3690-TU-XXXL,13474.66,25,1554.0,1307.0,0,0
JNE3691-TU-L,25871.52,38,805.0,786.5,0,0
JNE3691-TU-M,22149.0,34,959.0,912.5,0,0
JNE3691-TU-S,16418.0,25,1314.0,1307.0,0,0
JNE3691-TU-XL,27710.14,39,729.0,761.5,0,0
JNE3691-TU-XS,7345.0,11,2511.0,2774.0,0,0
JNE3691-TU-XXL,9673.0,15,2061.0,2166.0,0,0
JNE3691-TU-XXXL,8291.0,11,2314.0,2774.0,0,0
JNE3693-KR-M,1591.0,5,5262.5,4401.5,0,0
JNE3693-KR-S,1544.0,4,5319.5,4820.5,0,0
JNE3693-KR-XXL,1274.0,4,5590.0,4820.5,0,0
JNE3694-KR-L,295.0,1,7138.5,6746.5,0,1
JNE3694-KR-M,891.0,3,6101.5,5335.5,0,0
JNE3694-KR-S,900.0,2,6080.5,5959.0,0,0
JNE3694-KR-XL,590.0,2,6566.0,5959.0,0,0
JNE3694-KR-XXL,888.67,3,6106.5,5335.5,0,0
JNE3695-KR-M,2056.95,7,4856.0,3717.5,0,0
JNE3695-KR-S,596.0,2,6562.0,5959.0,0,0
JNE3695-KR-XL,602.0,2,6542.5,5959.0,0,0
JNE3697-KR-L,40300.62,82,421.0,250.0,0,0
JNE3697-KR-M,26414.15,54,777.0,489.5,0,0
JNE3697-KR-S,23880.34,49,890.0,570.0,0,0
JNE3697-KR-XL,37959.57,79,462.0,266.0,0,0
JNE3697-KR-XXL,31534.24,66,599.0,354.5,0,0
JNE3698-KR-L,2558.0,6,4479.0,4040.0,0,0
JNE3698-KR-M,2277.0,5,4685.0,4401.5,0,0
JNE3698-KR-S,5564.0,12,3030.0,2615.5,0,0
JNE3698-KR-XL,3943.0,9,3662.0,3188.5,1,0
JNE3698-KR-XXL,13161.0,32,1590.0,982.0,0,0
JNE3700-KR-L,299.0,1,7130.0,6746.5,0,1
JNE3700-KR-M,318.0,1,7053.5,6746.5,0,1
JNE3700-KR-S,1196.0,4,5684.0,4820.5,0,0
JNE3700-KR-XS,583.76,2,6574.0,5959.0,0,0
JNE3700-KR-XXL,598.0,2,6558.5,5959.0,0,0
JNE3700-KR-XXXL,299.0,1,7130.0,6746.5,0,1
JNE3701-KR-L,3251.0,10,4027.5,2967.0,1,0
JNE3701-KR-M,3828.62,10,3722.0,2967.0,1,0
JNE3701-KR-S,1332.0,4,5532.0,4820.5,0,0
JNE3701-KR-XL,4715.0,13,3347.0,2460.0,0,0
JNE3701-KR-XS,1797.0,5,5068.0,4401.5,0,0
JNE3701-KR-XXL,2577.14,7,4465.0,3717.5,0,0
JNE3701-KR-XXXL,3416.14,10,3939.0,2967.0,1,0
JNE3702-KR-L,6323.0,18,2777.0,1819.5,0,0
JNE3702-KR-M,4545.0,12,3412.0,2615.5,0,0
JNE3702-KR-S,3844.0,10,3713.0,2967.0,1,0
JNE3702-KR-XL,5242.23,15,3141.0,2166.0,0,0
JNE3702-KR-XS,2315.0,7,4653.5,3717.5,0,0
JNE3702-KR-XXL,4898.0,14,3277.0,2308.0,0,0
JNE3702-KR-XXXL,5650.0,16,2995.0,2039.0,0,0
JNE3703-KR-L,23673.9,75,904.0,290.5,0,0
JNE3703-KR-M,30074.15,92,648.0,211.0,0,0
JNE3703-KR-S,26559.21,85,772.0,236.5,0,0
JNE3703-KR-XL,17000.0,56,1273.0,460.0,0,0
JNE3703-KR-XS,5216.0,14,3151.0,2308.0,0,0
JNE3703-KR-XXL,16700.2,54,1296.0,489.5,0,0
JNE3703-KR-XXXL,329.0,1,7011.0,6746.5,0,1
JNE3704-KR-L,5469.0,11,3066.0,2774.0,0,0
JNE3704-KR-M,4471.81,10,3434.0,2967.0,0,0
JNE3704-KR-S,3409.0,7,3946.0,3717.5,0,0
JNE3704-KR-XL,2423.0,5,4578.5,4401.5,0,0
JNE3704-KR-XS,3397.0,7,3955.0,3717.5,0,0
JNE3704-KR-XXL,2066.0,4,4851.0,4820.5,0,0
JNE3704-KR-XXXL,3896.0,8,3688.0,3433.0,1,0
JNE3706-DR-L,16728.9,38,1294.0,786.5,0,0
JNE3706-DR-M,7749.33,20,2425.0,1651.5,0,0
JNE3706-DR-S,4785.66,11,3319.0,2774.0,0,0
JNE3706-DR-XL,7467.0,17,2485.0,1923.5,0,0
JNE3706-DR-XS,4110.9,10,3580.0,2967.0,0,0
JNE3706-DR-XXL,8804.9,20,2210.0,1651.5,0,0
JNE3706-DR-XXXL,5387.0,14,3089.0,2308.0,0,0
JNE3707-DR-L,9233.0,19,2144.5,1731.0,0,0
JNE3707-DR-M,6390.38,13,2762.0,2460.0,0,0
JNE3707-DR-S,3339.0,7,3987.0,3717.5,0,0
JNE3707-DR-XL,5778.0,12,2950.0,2615.5,0,0
JNE3707-DR-XS,1921.0,4,4975.0,4820.5,0,0
JNE3707-DR-XXL,6966.0,15,2603.0,2166.0,0,0
JNE3707-DR-XXXL,6890.38,14,2619.0,2308.0,0,0
JNE3708-TU-L,3523.0,5,3875.5,4401.5,0,0
JNE3708-TU-M,4406.14,6,3457.0,4040.0,0,0
JNE3708-TU-S,6099.0,9,2841.0,3188.5,0,0
JNE3708-TU-XL,10095.14,15,1996.0,2166.0,0,0
JNE3708-TU-XS,9331.0,12,2130.0,2615.5,0,0
JNE3708-TU-XXL,11727.0,15,1770.0,2166.0,0,0
JNE3708-TU-XXXL,5697.0,7,2978.0,3717.5,0,0
JNE3709-DR-L,6418.0,8,2754.5,3433.0,0,0
JNE3709-DR-M,6418.0,8,2754.5,3433.0,0,0
JNE3709-DR-S,23799.87,29,896.0,1109.0,0,0
JNE3709-DR-XL,6459.0,8,2738.0,3433.0,0,0
JNE3709-DR-XS,8185.29,10,2332.0,2967.0,0,0
JNE3709-DR-XXL,10948.29,14,1867.0,2308.0,0,0
JNE3709-DR-XXXL,8730.0,11,2228.0,2774.0,0,0
JNE3710-DR-L,38524.42,56,451.0,460.0,0,0
JNE3710-DR-M,24113.14,36,877.0,849.5,0,0
JNE3710-DR-S,27689.7,40,731.0,740.0,0,0
JNE3710-DR-XL,28737.42,41,691.0,718.0,0,0
JNE3710-DR-XS,17382.0,25,1245.0,1307.0,0,0
JNE3710-DR-XXL,23976.0,35,887.0,881.0,0,0
JNE3710-DR-XXXL,38522.71,55,452.0,474.0,0,0
JNE3712-TP-N-L,4355.0,8,3482.5,3433.0,0,0
JNE3712-TP-N-M,10819.0,20,1887.0,1651.5,0,0
JNE3712-TP-N-S,6340.33,12,2774.0,2615.5,0,0
JNE3712-TP-N-XL,9371.0,16,2121.0,2039.0,0,0
JNE3712-TP-N-XS,2041.0,4,4874.5,4820.5,0,0
JNE3712-TP-N-XXL,4810.33,9,3309.0,3188.5,0,0
JNE3713-TP-N-S,1077.0,3,5821.5,5335.5,0,0
JNE3713-TP-N-XL,2416.0,7,4587.5,3717.5,0,0
JNE3713-TP-N-XS,8150.0,23,2338.0,1445.0,0,0
JNE3713-TP-N-XXL,5994.14,17,2872.0,1923.5,0,0
JNE3714-KR-L,10925.95,26,1871.0,1247.0,0,0
JNE3714-KR-M,10223.0,22,1978.0,1507.5,0,0
JNE3714-KR-S,5357.0,11,3097.0,2774.0,0,0
JNE3714-KR-XL,8659.0,19,2245.0,1731.0,0,0
JNE3714-KR-XS,4209.43,10,3542.0,2967.0,0,0
JNE3714-KR-XXL,6643.0,14,2684.0,2308.0,0,0
JNE3714-KR-XXXL,15716.81,32,1359.0,982.0,0,0
JNE3715-KR-L,1702.52,6,5155.0,4040.0,0,0
JNE3715-KR-M,835.52,4,6193.0,4820.5,0,0
JNE3715-KR-S,2580.0,8,4463.0,3433.0,1,0
JNE3715-KR-XL,2300.0,8,4667.0,3433.0,1,0
JNE3715-KR-XS,888.0,2,6108.5,5959.0,0,0
JNE3715-KR-XXL,5507.52,16,3054.0,2039.0,0,0
JNE3715-KR-XXXL,843.0,3,6179.0,5335.5,0,0
JNE3716-KR-L,14242.1,34,1488.0,912.5,0,0
JNE3716-KR-M,8742.0,22,2225.0,1507.5,0,0
JNE3716-KR-S,6490.0,15,2725.5,2166.0,0,0
JNE3716-KR-XL,9822.67,25,2037.0,1307.0,0,0
JNE3716-KR-XS,1695.0,4,5161.0,4820.5,0,0
JNE3716-KR-XXL,16449.66,39,1309.0,761.5,0,0
JNE3716-KR-XXXL,10349.0,24,1964.0,1377.5,0,0
JNE3717-KR-L,1448.0,4,5432.0,4820.5,0,0
JNE3717-KR-M,1129.67,4,5764.0,4820.5,0,0
JNE3717-KR-S,271.0,1,7157.5,6746.5,0,1
JNE3717-KR-XL,542.0,2,6643.5,5959.0,0,0
JNE3717-KR-XXL,843.0,3,6179.0,5335.5,0,0
JNE3718-KR-L,24828.0,55,839.0,474.0,0,0
JNE3718-KR-M,24123.0,52,876.0,526.5,0,0
JNE3718-KR-S,16442.0,38,1310.0,786.5,0,0
JNE3718-KR-XL,24466.0,54,862.0,489.5,0,0
JNE3718-KR-XS,9992.0,22,2010.0,1507.5,0,0
JNE3718-KR-XXL,19379.67,43,1095.0,676.0,0,0
JNE3718-KR-XXXL,38753.0,85,446.0,236.5,0,0
JNE3719-KR-L,1596.0,4,5252.5,4820.5,0,0
JNE3719-KR-M,798.0,2,6237.5,5959.0,0,0
JNE3719-KR-S,798.0,2,6237.5,5959.0,0,0
JNE3719-KR-XL,399.0,1,6888.0,6746.5,0,1
JNE3719-KR-XS,1004.0,2,5917.0,5959.0,0,0
JNE3719-KR-XXL,1197.0,4,5680.0,4820.5,0,0
JNE3720-KR-L,5084.86,10,3209.0,2967.0,0,0
JNE3720-KR-M,6578.76,13,2707.0,2460.0,0,0
JNE3720-KR-S,4138.86,8,3566.0,3433.0,0,0
JNE3720-KR-XL,12303.14,24,1695.0,1377.5,0,0
JNE3720-KR-XS,6753.38,13,2654.0,2460.0,0,0
JNE3720-KR-XXL,4603.76,9,3388.0,3188.5,0,0
JNE3720-KR-XXXL,9270.0,18,2139.0,1819.5,0,0
JNE3721-KR-L,44929.0,139,364.0,106.5,0,0
JNE3721-KR-M,45176.74,139,360.0,106.5,0,0
JNE3721-KR-S,27648.77,82,733.0,250.0,0,0
JNE3721-KR-XL,49493.18,156,308.0,83.0,0,0
JNE3721-KR-XS,21814.77,66,971.0,354.5,0,0
JNE3721-KR-XXL,35339.98,107,517.0,170.5,0,0
JNE3721-KR-XXXL,1225.0,4,5638.0,4820.5,0,0
JNE3722-KR-L,8516.0,26,2276.0,1247.0,0,0
JNE3722-KR-M,3210.67,11,4049.0,2774.0,1,0
JNE3722-KR-S,4425.0,15,3449.0,2166.0,0,0
JNE3722-KR-XL,10213.2,32,1981.0,982.0,0,0
JNE3722-KR-XS,280.0,1,7148.0,6746.5,0,1
JNE3722-KR-XXL,7671.67,25,2451.0,1307.0,0,0
JNE3724-KR-L,13435.24,27,1556.0,1190.5,0,0
JNE3724-KR-M,10802.48,22,1892.0,1507.5,0,0
JNE3724-KR-S,4487.0,9,3429.0,3188.5,0,0
JNE3724-KR-XL,11086.91,22,1848.0,1507.5,0,0
JNE3724-KR-XS,1489.0,3,5364.0,5335.5,0,0
JNE3724-KR-XXL,4083.0,7,3596.0,3717.5,0,0
JNE3725-KR-L,1332.0,3,5532.0,5335.5,0,0
JNE3725-KR-M,442.0,1,6831.5,6746.5,0,1
JNE3725-KR-S,2548.0,5,4488.5,4401.5,0,0
JNE3725-KR-XL,1326.0,3,5539.0,5335.5,0,0
JNE3725-KR-XXL,3072.95,7,4126.0,3717.5,0,0
JNE3726-KR-L,1365.0,4,5494.5,4820.5,0,0
JNE3726-KR-M,1695.0,5,5161.0,4401.5,0,0
JNE3726-KR-S,1335.0,4,5525.0,4820.5,0,0
JNE3726-KR-XL,1940.0,5,4958.0,4401.5,0,0
JNE3726-KR-XS,345.0,1,6977.5,6746.5,0,1
JNE3726-KR-XXL,1005.0,4,5913.0,4820.5,0,0
JNE3726-KR-XXXL,2713.0,8,4365.0,3433.0,1,0
JNE3727-KR-L,4411.0,8,3455.0,3433.0,0,0
JNE3727-KR-M,2721.0,5,4359.0,4401.5,0,0
JNE3727-KR-S,1074.0,2,5824.0,5959.0,0,0
JNE3727-KR-XL,549.0,1,6631.0,6746.5,0,1
JNE3727-KR-XS,1098.0,2,5799.0,5959.0,0,0
JNE3727-KR-XXL,3907.0,7,3682.0,3717.5,0,0
JNE3727-KR-XXXL,3446.0,6,3923.0,4040.0,0,0
JNE3728-KR-L,1643.0,5,5200.5,4401.5,0,0
JNE3728-KR-M,656.0,2,6404.5,5959.0,0,0
JNE3728-KR-S,3599.0,9,3821.5,3188.5,1,0
JNE3728-KR-XL,2039.0,6,4876.5,4040.0,0,0
JNE3728-KR-XXL,988.0,3,5950.5,5335.5,0,0
JNE3729-KR-S,681.0,2,6365.0,5959.0,0,0
JNE3729-KR-XL,1416.0,4,5460.0,4820.5,0,0
JNE3729-KR-XS,693.0,2,6341.0,5959.0,0,0
JNE3729-KR-XXL,999.0,4,5926.0,4820.5,0,0
JNE3729-KR-XXXL,1044.0,3,5858.5,5335.5,0,0
JNE3730-KR-L,3596.52,11,3825.0,2774.0,1,0
JNE3730-KR-M,4797.66,14,3316.0,2308.0,0,0
JNE3730-KR-S,4818.0,14,3306.0,2308.0,0,0
JNE3730-KR-XL,6595.76,22,2701.0,1507.5,0,0
JNE3730-KR-XS,1783.67,6,5079.0,4040.0,0,0
JNE3730-KR-XXL,3598.0,12,3823.0,2615.5,1,0
JNE3732-KR-L,4126.0,9,3576.0,3188.5,0,0
JNE3732-KR-M,2672.0,6,4391.0,4040.0,0,0
JNE3732-KR-S,1122.0,2,5777.0,5959.0,0,0
JNE3732-KR-XL,3051.0,7,4143.0,3717.5,0,0
JNE3732-KR-XS,1465.0,3,5399.5,5335.5,0,0
JNE3732-KR-XXL,4801.0,12,3311.5,2615.5,0,0
JNE3732-KR-XXXL,5567.0,12,3029.0,2615.5,0,0
JNE3733-KR-L,3246.0,6,4031.5,4040.0,0,0
JNE3733-KR-M,2872.0,5,4264.0,4401.5,0,0
JNE3733-KR-S,2124.0,4,4796.0,4820.5,0,0
JNE3733-KR-XL,1623.0,3,5232.5,5335.5,0,0
JNE3733-KR-XS,1623.0,3,5232.5,5335.5,0,0
JNE3733-KR-XXL,3723.0,7,3771.0,3717.5,0,0
JNE3733-KR-XXXL,2673.0,5,4390.0,4401.5,0,0
JNE3734-KR-L,3781.0,10,3737.5,2967.0,1,0
JNE3734-KR-M,2059.0,4,4855.0,4820.5,0,0
JNE3734-KR-S,2659.0,6,4404.5,4040.0,0,0
JNE3734-KR-XL,5507.0,12,3055.0,2615.5,0,0
JNE3734-KR-XS,1467.0,3,5396.5,5335.5,0,0
JNE3734-KR-XXL,3596.0,8,3827.5,3433.0,1,0
JNE3734-KR-XXXL,5520.0,13,3045.5,2460.0,0,0
JNE3735-KR-L,7189.9,19,2551.0,1731.0,0,0
JNE3735-KR-M,4853.0,13,3294.0,2460.0,0,0
JNE3735-KR-S,5997.0,15,2868.5,2166.0,0,0
JNE3735-KR-XL,5169.0,13,3167.0,2460.0,0,0
JNE3735-KR-XS,2916.0,7,4233.5,3717.5,0,0
JNE3735-KR-XXL,2748.62,8,4345.0,3433.0,1,0
JNE3735-KR-XXXL,10421.9,27,1946.0,1190.5,0,0
JNE3736-KR-L,421.0,2,6862.5,5959.0,0,0
JNE3736-KR-M,1219.0,4,5642.0,4820.5,0,0
JNE3736-KR-XL,1263.0,3,5595.5,5335.5,0,0
JNE3736-KR-XS,421.0,1,6862.5,6746.5,0,1
JNE3736-KR-XXL,1197.0,3,5680.0,5335.5,0,0
JNE3736-KR-XXXL,2404.0,6,4600.0,4040.0,0,0
JNE3738-KR-L,12905.14,33,1626.0,945.5,0,0
JNE3738-KR-M,4959.0,14,3258.0,2308.0,0,0
JNE3738-KR-S,4187.0,10,3552.0,2967.0,0,0
JNE3738-KR-XL,7417.14,19,2498.0,1731.0,0,0
JNE3738-KR-XS,3766.28,9,3751.0,3188.5,1,0
JNE3738-KR-XXL,11755.0,30,1766.0,1061.0,0,0
JNE3738-KR-XXXL,4486.0,10,3430.0,2967.0,0,0
JNE3739-KR-L,48474.26,105,318.0,175.0,0,0
JNE3739-KR-M,14614.9,31,1455.0,1019.5,0,0
JNE3739-KR-S,10485.28,21,1934.0,1576.5,0,0
JNE3739-KR-XL,36625.0,79,487.0,266.0,0,0
JNE3739-KR-XS,8191.14,17,2331.0,1923.5,0,0
JNE3739-KR-XXL,26090.0,57,792.0,447.0,0,0
JNE3739-KR-XXXL,24830.96,54,838.0,489.5,0,0
JNE3740-KR-L,919.0,3,6058.0,5335.5,0,0
JNE3740-KR-M,1544.0,4,5319.5,4820.5,0,0
JNE3740-KR-S,939.0,3,6036.5,5335.5,0,0
JNE3740-KR-XS,319.0,1,7043.0,6746.5,0,1
JNE3740-KR-XXL,2467.81,7,4542.0,3717.5,0,0
JNE3740-KR-XXXL,2730.0,8,4355.0,3433.0,1,0
JNE3741-KR-L,7675.0,18,2449.0,1819.5,0,0
JNE3741-KR-M,6303.0,14,2779.5,2308.0,0,0
JNE3741-KR-S,4408.0,9,3456.0,3188.5,0,0
JNE3741-KR-XL,6077.0,14,2851.0,2308.0,0,0
JNE3741-KR-XS,2486.0,6,4524.5,4040.0,0,0
JNE3741-KR-XXL,7296.0,17,2521.0,1923.5,0,0
JNE3741-KR-XXXL,8292.0,19,2313.0,1731.0,0,0
JNE3742-KR-L,6916.43,15,2613.0,2166.0,0,0
JNE3742-KR-M,2972.0,8,4196.0,3433.0,1,0
JNE3742-KR-S,3888.0,9,3691.0,3188.5,1,0
JNE3742-KR-XL,6109.0,13,2838.0,2460.0,0,0
JNE3742-KR-XS,1296.0,3,5563.5,5335.5,0,0
JNE3742-KR-XXL,5137.43,13,3180.0,2460.0,0,0
JNE3742-KR-XXXL,4294.0,10,3508.0,2967.0,0,0
JNE3743-TP-L,1376.0,4,5485.0,4820.5,0,0
JNE3743-TP-M,385.0,1,6906.0,6746.5,0,1
JNE3743-TP-S,329.0,1,7011.0,6746.5,0,1
JNE3743-TP-XL,646.0,2,6425.5,5959.0,0,0
JNE3743-TP-XS,329.0,2,7011.0,5959.0,0,0
JNE3743-TP-XXL,987.0,3,5955.5,5335.5,0,0
JNE3744-TU-L,2875.0,5,4260.0,4401.5,0,0
JNE3744-TU-M,4989.0,7,3239.0,3717.5,0,0
JNE3744-TU-S,6985.0,10,2600.0,2967.0,0,0
JNE3744-TU-XL,8965.0,14,2183.0,2308.0,0,0
JNE3744-TU-XS,7440.0,11,2491.0,2774.0,0,0
JNE3744-TU-XXL,3990.0,6,3634.0,4040.0,0,0
JNE3744-TU-XXXL,1380.0,2,5478.5,5959.0,0,0
JNE3745-KR-L,3666.0,11,3792.0,2774.0,1,0
JNE3745-KR-M,3076.0,10,4123.0,2967.0,1,0
JNE3745-KR-S,4065.0,12,3604.0,2615.5,1,0
JNE3745-KR-XL,1836.0,6,5036.0,4040.0,0,0
JNE3745-KR-XS,301.0,2,7101.5,5959.0,0,0
JNE3745-KR-XXL,3672.0,12,3786.5,2615.5,1,0
JNE3745-KR-XXXL,1857.0,6,5021.0,4040.0,0,0
JNE3748-KR-L,4557.0,10,3405.0,2967.0,0,0
JNE3748-KR-M,1467.0,3,5396.5,5335.5,0,0
JNE3748-KR-S,0.0,1,7187.5,6746.5,0,1
JNE3748-KR-XL,3017.0,7,4164.5,3717.5,0,0
JNE3748-KR-XS,935.0,2,6041.0,5959.0,0,0
JNE3748-KR-XXL,2659.0,7,4404.5,3717.5,0,0
JNE3748-KR-XXXL,5861.0,13,2925.0,2460.0,0,0
JNE3749-KR-L,9458.82,21,2102.0,1576.5,0,0
JNE3749-KR-M,2802.0,6,4306.0,4040.0,0,0
JNE3749-KR-S,5599.29,13,3015.0,2460.0,0,0
JNE3749-KR-XL,9534.0,21,2084.0,1576.5,0,0
JNE3749-KR-XS,12720.0,26,1641.0,1247.0,0,0
JNE3749-KR-XXL,19786.48,43,1067.0,676.0,0,0
JNE3749-KR-XXXL,12990.29,27,1610.0,1190.5,0,0
JNE3750-KR-L,2176.0,4,4761.5,4820.5,0,0
JNE3750-KR-S,544.0,1,6641.5,6746.5,0,1
JNE3750-KR-XL,1088.0,2,5808.0,5959.0,0,0
JNE3750-KR-XS,1632.0,3,5220.5,5335.5,0,0
JNE3750-KR-XXXL,1627.0,3,5226.0,5335.5,0,0
JNE3751-KR-L,2942.0,8,4213.5,3433.0,1,0
JNE3751-KR-M,1840.0,5,5029.0,4401.5,0,0
JNE3751-KR-S,2811.0,8,4301.0,3433.0,1,0
JNE3751-KR-XL,2756.0,8,4338.5,3433.0,1,0
JNE3751-KR-XS,6562.0,15,2711.0,2166.0,0,0
JNE3751-KR-XXL,5616.76,17,3007.0,1923.5,0,0
JNE3751-KR-XXXL,9889.86,27,2029.0,1190.5,0,0
JNE3752-KR-L,2803.0,8,4304.5,3433.0,1,0
JNE3752-KR-M,3056.76,8,4139.0,3433.0,1,0
JNE3752-KR-S,950.0,3,6024.0,5335.5,0,0
JNE3752-KR-XL,1448.0,4,5432.0,4820.5,0,0
JNE3752-KR-XS,680.0,2,6366.5,5959.0,0,0
JNE3752-KR-XXL,2002.57,5,4894.5,4401.5,0,0
JNE3752-KR-XXXL,2449.57,7,4554.0,3717.5,0,0
JNE3753-KR-L,6447.0,13,2744.0,2460.0,0,0
JNE3753-KR-M,1972.0,4,4924.0,4820.5,0,0
JNE3753-KR-S,3325.0,7,3993.5,3717.5,0,0
JNE3753-KR-XL,1900.0,4,4993.0,4820.5,0,0
JNE3753-KR-XS,950.0,2,6024.0,5959.0,0,0
JNE3753-KR-XXL,2423.0,5,4578.5,4401.5,0,0
JNE3753-KR-XXXL,7198.38,15,2546.0,2166.0,0,0
JNE3756-KR-L,5774.0,12,2951.5,2615.5,0,0
JNE3756-KR-M,4383.0,8,3467.5,3433.0,0,0
JNE3756-KR-S,1924.81,4,4970.5,4820.5,0,0
JNE3756-KR-XL,5933.0,12,2897.0,2615.5,0,0
JNE3756-KR-XS,4132.0,8,3572.0,3433.0,0,0
JNE3756-KR-XXL,6273.0,13,2790.0,2460.0,0,0
JNE3756-KR-XXXL,4353.81,10,3485.0,2967.0,0,0
JNE3757-KR-L,11827.0,24,1756.0,1377.5,0,0
JNE3757-KR-M,7324.0,15,2517.0,2166.0,0,0
JNE3757-KR-S,5875.0,12,2922.0,2615.5,0,0
JNE3757-KR-XL,11620.43,23,1779.0,1445.0,0,0
JNE3757-KR-XS,2898.81,6,4247.0,4040.0,0,0
JNE3757-KR-XXL,13144.81,27,1591.0,1190.5,0,0
JNE3757-KR-XXXL,1942.0,4,4955.5,4820.5,0,0
JNE3758-KR-L,7730.0,20,2434.0,1651.5,0,0
JNE3758-KR-M,6681.0,17,2678.0,1923.5,0,0
JNE3758-KR-S,4373.0,12,3476.0,2615.5,0,0
JNE3758-KR-XL,6120.0,16,2830.0,2039.0,0,0
JNE3758-KR-XS,1086.0,3,5810.0,5335.5,0,0
JNE3758-KR-XXL,5462.0,15,3067.0,2166.0,0,0
JNE3758-KR-XXXL,2157.0,6,4772.0,4040.0,0,0
JNE3759-KR-L,2131.0,5,4790.0,4401.5,0,0
JNE3759-KR-M,4395.0,8,3461.0,3433.0,0,0
JNE3759-KR-S,6689.9,12,2676.0,2615.5,0,0
JNE3759-KR-XL,9497.95,17,2092.0,1923.5,0,0
JNE3759-KR-XXL,2105.1,6,4808.0,4040.0,0,0
JNE3760-KR-L,2592.0,6,4451.0,4040.0,0,0
JNE3760-KR-M,2744.43,6,4349.0,4040.0,0,0
JNE3760-KR-S,2592.0,6,4451.0,4040.0,0,0
JNE3760-KR-XL,2139.43,6,4786.0,4040.0,0,0
JNE3760-KR-XS,864.0,2,6141.5,5959.0,0,0
JNE3760-KR-XXL,864.0,2,6141.5,5959.0,0,0
JNE3760-KR-XXXL,1308.0,3,5552.5,5335.5,0,0
JNE3761-KR-L,10506.0,31,1932.0,1019.5,0,0
JNE3761-KR-M,9300.0,28,2133.0,1147.0,0,0
JNE3761-KR-S,5974.67,19,2880.0,1731.0,0,0
JNE3761-KR-XL,13691.14,43,1536.0,676.0,0,0
JNE3761-KR-XS,1776.0,6,5086.5,4040.0,0,0
JNE3761-KR-XXL,18782.09,53,1137.0,508.0,0,0
JNE3761-KR-XXXL,906.0,2,6069.0,5959.0,0,0
JNE3762-KR-L,1930.0,6,4966.5,4040.0,0,0
JNE3762-KR-M,329.0,1,7011.0,6746.5,0,1
JNE3762-KR-S,976.0,3,5969.0,5335.5,0,0
JNE3762-KR-XL,658.0,2,6398.5,5959.0,0,0
JNE3762-KR-XS,318.0,1,7053.5,6746.5,0,1
JNE3762-KR-XXL,329.0,1,7011.0,6746.5,0,1
JNE3762-KR-XXXL,987.0,3,5955.5,5335.5,0,0
JNE3763-KR-L,5865.43,13,2923.0,2460.0,0,0
JNE3763-KR-M,3557.0,8,3851.0,3433.0,1,0
JNE3763-KR-S,891.0,2,6101.5,5959.0,0,0
JNE3763-KR-XL,5491.0,12,3059.5,2615.5,0,0
JNE3763-KR-XS,2790.0,6,4314.0,4040.0,0,0
JNE3763-KR-XXL,2143.91,6,4779.0,4040.0,0,0
JNE3763-KR-XXXL,5010.48,11,3231.0,2774.0,0,0
JNE3764-KR-L,15002.0,37,1418.0,816.5,0,0
JNE3764-KR-M,15615.62,36,1369.0,849.5,0,0
JNE3764-KR-S,9082.0,23,2165.0,1445.0,0,0
JNE3764-KR-XL,19201.0,45,1107.0,637.0,0,0
JNE3764-KR-XS,2863.0,8,4266.0,3433.0,1,0
JNE3764-KR-XXL,16639.57,36,1302.0,849.5,0,0
JNE3764-KR-XXXL,13066.81,30,1605.0,1061.0,0,0
JNE3765-KR-L,2218.0,4,4722.0,4820.5,0,0
JNE3765-KR-M,2684.38,5,4381.0,4401.5,0,0
JNE3765-KR-S,517.0,1,6712.5,6746.5,0,1
JNE3765-KR-XL,1639.0,3,5208.0,5335.5,0,0
JNE3765-KR-XS,3839.0,7,3715.0,3717.5,0,0
JNE3765-KR-XXL,2131.38,4,4789.0,4820.5,0,0
JNE3765-KR-XXXL,1613.0,3,5238.5,5335.5,0,0
JNE3766-KR-L,3619.0,7,3813.5,3717.5,0,0
JNE3766-KR-M,7337.38,14,2514.0,2308.0,0,0
JNE3766-KR-S,1533.0,4,5328.0,4820.5,0,0
JNE3766-KR-XL,2585.0,5,4458.5,4401.5,0,0
JNE3766-KR-XS,1016.0,2,5906.0,5959.0,0,0
JNE3766-KR-XXL,3619.0,8,3813.5,3433.0,1,0
JNE3766-KR-XXXL,4050.76,8,3607.0,3433.0,1,0
JNE3767-KR-L,974.0,2,5985.5,5959.0,0,0
JNE3767-KR-M,1455.0,3,5420.5,5335.5,0,0
JNE3767-KR-XL,974.0,2,5985.5,5959.0,0,0
JNE3767-KR-XS,487.0,1,6766.0,6746.5,0,1
JNE3767-KR-XXL,974.0,2,5985.5,5959.0,0,0
JNE3767-KR-XXXL,974.0,2,5985.5,5959.0,0,0
JNE3768-KR-L,2553.0,5,4483.0,4401.5,0,0
JNE3768-KR-M,4415.81,10,3452.0,2967.0,0,0
JNE3768-KR-S,4014.0,8,3620.0,3433.0,1,0
JNE3768-KR-XL,1461.0,3,5410.5,5335.5,0,0
JNE3768-KR-XS,4227.0,8,3535.5,3433.0,0,0
JNE3768-KR-XXL,4377.0,9,3474.0,3188.5,0,0
JNE3768-KR-XXXL,974.0,2,5985.5,5959.0,0,0
JNE3769-KR-L,2553.0,4,4483.0,4820.5,0,0
JNE3769-KR-M,4076.0,8,3598.0,3433.0,1,0
JNE3769-KR-S,968.0,2,6000.5,5959.0,0,0
JNE3769-KR-XL,2978.0,6,4192.5,4040.0,0,0
JNE3769-KR-XS,3040.0,6,4147.5,4040.0,0,0
JNE3769-KR-XXL,2435.0,5,4565.5,4401.5,0,0
JNE3769-KR-XXXL,2916.0,6,4233.5,4040.0,0,0
JNE3770-KR-L,1351.0,3,5511.5,5335.5,0,0
JNE3770-KR-M,974.0,2,5985.5,5959.0,0,0
JNE3770-KR-S,1893.0,4,4997.0,4820.5,0,0
JNE3770-KR-XL,1838.0,4,5032.5,4820.5,0,0
JNE3770-KR-XS,1461.0,3,5410.5,5335.5,0,0
JNE3770-KR-XXL,1948.0,4,4946.5,4820.5,0,0
JNE3770-KR-XXXL,1838.0,4,5032.5,4820.5,0,0
JNE3771-KR-L,4630.0,12,3374.0,2615.5,0,0
JNE3771-KR-M,2920.0,8,4229.5,3433.0,1,0
JNE3771-KR-S,692.0,2,6342.0,5959.0,0,0
JNE3771-KR-XL,1364.0,4,5497.5,4820.5,0,0
JNE3771-KR-XS,2066.0,6,4851.0,4040.0,0,0
JNE3771-KR-XXL,3353.0,9,3980.5,3188.5,1,0
JNE3771-KR-XXXL,2915.0,8,4237.0,3433.0,1,0
JNE3773-KR-L,1695.0,7,5161.0,3717.5,0,0
JNE3773-KR-M,3224.0,11,4043.0,2774.0,1,0
JNE3773-KR-S,1159.0,4,5736.0,4820.5,0,0
JNE3773-KR-XL,1717.67,6,5140.0,4040.0,0,0
JNE3773-KR-XS,560.0,2,6625.0,5959.0,0,0
JNE3773-KR-XXL,2351.67,7,4629.0,3717.5,0,0
JNE3773-KR-XXXL,1168.67,4,5725.0,4820.5,0,0
JNE3774-KR-M,2426.0,5,4573.5,4401.5,0,0
JNE3774-KR-S,2719.0,6,4360.0,4040.0,0,0
JNE3774-KR-XL,1778.24,4,5081.0,4820.5,0,0
JNE3774-KR-XS,1977.0,4,4918.5,4820.5,0,0
JNE3774-KR-XXL,1871.0,4,5016.0,4820.5,0,0
JNE3774-KR-XXXL,3121.62,7,4099.0,3717.5,0,0
JNE3775-KR-L,3250.14,10,4029.0,2967.0,1,0
JNE3775-KR-M,4499.14,15,3423.0,2166.0,0,0
JNE3775-KR-S,2943.0,9,4212.0,3188.5,1,0
JNE3775-KR-XL,6208.34,21,2803.0,1576.5,0,0
JNE3775-KR-XS,1776.0,6,5086.5,4040.0,0,0
JNE3775-KR-XXL,4443.67,14,3445.0,2308.0,0,0
JNE3775-KR-XXXL,7187.0,22,2552.5,1507.5,0,0
JNE3776-KR-L,3451.67,13,3920.0,2460.0,1,0
JNE3776-KR-M,3244.34,10,4034.0,2967.0,1,0
JNE3776-KR-S,2636.34,9,4420.0,3188.5,1,0
JNE3776-KR-XL,5382.0,16,3091.0,2039.0,0,0
JNE3776-KR-XS,1698.0,6,5157.0,4040.0,0,0
JNE3776-KR-XXL,1437.67,5,5442.0,4401.5,0,0
JNE3776-KR-XXXL,837.0,3,6190.5,5335.5,0,0
JNE3777-KR-L,1770.0,5,5093.0,4401.5,0,0
JNE3777-KR-M,1047.0,3,5853.5,5335.5,0,0
JNE3777-KR-S,324.0,1,7026.5,6746.5,0,1
JNE3777-KR-XL,3543.0,9,3861.0,3188.5,1,0
JNE3777-KR-XS,324.0,1,7026.5,6746.5,0,1
JNE3777-KR-XXL,2375.0,6,4613.0,4040.0,0,0
JNE3777-KR-XXXL,2084.0,6,4827.0,4040.0,0,0
JNE3778-KR-L,4993.0,11,3238.0,2774.0,0,0
JNE3778-KR-M,6706.0,14,2668.5,2308.0,0,0
JNE3778-KR-S,5133.0,11,3184.0,2774.0,0,0
JNE3778-KR-XL,5021.0,11,3230.0,2774.0,0,0
JNE3778-KR-XS,2726.0,6,4358.0,4040.0,0,0
JNE3778-KR-XXL,5440.0,12,3075.5,2615.5,0,0
JNE3778-KR-XXXL,9063.0,20,2168.0,1651.5,0,0
JNE3779-KR-L,3353.0,9,3980.5,3188.5,1,0
JNE3779-KR-M,1443.52,4,5435.0,4820.5,0,0
JNE3779-KR-S,1465.0,4,5399.5,4820.5,0,0
JNE3779-KR-XL,2853.0,8,4273.0,3433.0,1,0
JNE3779-KR-XXL,1551.0,4,5311.0,4820.5,0,0
JNE3779-KR-XXXL,1979.0,5,4917.0,4401.5,0,0
JNE3780-KR-L,1615.0,5,5237.0,4401.5,0,0
JNE3780-KR-M,325.0,1,7023.5,6746.5,0,1
JNE3780-KR-S,325.0,1,7023.5,6746.5,0,1
JNE3780-KR-XL,1290.0,4,5570.0,4820.5,0,0
JNE3780-KR-XS,605.0,1,6512.5,6746.5,0,1
JNE3780-KR-XXL,3177.0,8,4077.0,3433.0,1,0
JNE3780-KR-XXXL,2510.0,6,4509.5,4040.0,0,0
JNE3781-KR-L,35821.85,87,496.0,226.5,0,0
JNE3781-KR-M,33565.0,78,557.0,271.0,0,0
JNE3781-KR-S,19783.0,48,1068.0,584.5,0,0
JNE3781-KR-XL,46912.1,114,338.0,152.5,0,0
JNE3781-KR-XS,6470.0,15,2735.0,2166.0,0,0
JNE3781-KR-XXL,37519.0,89,471.0,219.0,0,0
JNE3781-KR-XXXL,46861.1,109,341.0,167.0,0,0
JNE3782-KR-L,5609.0,11,3011.5,2774.0,0,0
JNE3782-KR-M,2119.0,4,4800.0,4820.5,0,0
JNE3782-KR-S,3108.0,6,4104.0,4040.0,0,0
JNE3782-KR-XL,10017.1,20,2006.0,1651.5,0,0
JNE3782-KR-XS,1603.0,3,5243.0,5335.5,0,0
JNE3782-KR-XXL,7443.0,14,2490.0,2308.0,0,0
JNE3782-KR-XXXL,12283.62,24,1697.0,1377.5,0,0
JNE3783-KR-L,7114.0,14,2568.0,2308.0,0,0
JNE3783-KR-M,3124.0,6,4098.0,4040.0,0,0
JNE3783-KR-S,3426.0,7,3935.0,3717.5,0,0
JNE3783-KR-XL,5625.0,11,3002.5,2774.0,0,0
JNE3783-KR-XS,0.0,1,7187.5,6746.5,0,1
JNE3783-KR-XXL,5994.0,12,2873.5,2615.5,0,0
JNE3783-KR-XXXL,11964.48,24,1739.0,1377.5,0,0
JNE3784-KR-L,68775.9,143,178.0,99.5,0,0
JNE3784-KR-M,69342.38,149,175.0,90.5,0,0
JNE3784-KR-S,26220.38,64,787.0,374.0,0,0
JNE3784-KR-XL,58715.39,120,225.0,137.0,0,0
JNE3784-KR-XS,23077.57,56,927.0,460.0,0,0
JNE3784-KR-XXL,56148.86,112,245.0,159.5,0,0
JNE3784-KR-XXXL,37561.76,77,469.0,277.0,0,0
JNE3785-KR-L,12991.76,40,1609.0,740.0,0,0
JNE3785-KR-M,8314.0,24,2307.0,1377.5,0,0
JNE3785-KR-S,6238.0,18,2800.0,1819.5,0,0
JNE3785-KR-XL,14283.0,41,1484.0,718.0,0,0
JNE3785-KR-XS,3664.0,9,3795.0,3188.5,1,0
JNE3785-KR-XXL,12203.71,34,1706.0,912.5,0,0
JNE3785-KR-XXXL,12442.0,35,1675.0,881.0,0,0
JNE3786-KR-L,2322.0,6,4647.5,4040.0,0,0
JNE3786-KR-M,717.0,2,6321.5,5959.0,0,0
JNE3786-KR-S,3566.0,10,3847.0,2967.0,1,0
JNE3786-KR-XL,3150.0,9,4084.0,3188.5,1,0
JNE3786-KR-XS,3416.0,9,3940.5,3188.5,1,0
JNE3786-KR-XXL,5605.0,15,3013.0,2166.0,0,0
JNE3786-KR-XXXL,9758.76,28,2042.0,1147.0,0,0
JNE3787-KR-L,8315.62,17,2306.0,1923.5,0,0
JNE3787-KR-M,12623.43,26,1653.0,1247.0,0,0
JNE3787-KR-S,25269.84,53,820.0,508.0,0,0
JNE3787-KR-XL,10240.43,21,1976.0,1576.5,0,0
JNE3787-KR-XS,12020.43,25,1731.0,1307.0,0,0
JNE3787-KR-XXL,22181.43,46,958.0,616.0,0,0
JNE3787-KR-XXXL,8451.0,19,2284.0,1731.0,0,0
JNE3788-KR-L,605.0,2,6512.5,5959.0,0,0
JNE3788-KR-M,1948.0,4,4946.5,4820.5,0,0
JNE3788-KR-S,2066.0,4,4851.0,4820.5,0,0
JNE3788-KR-XL,487.0,2,6766.0,5959.0,0,0
JNE3788-KR-XS,487.0,1,6766.0,6746.5,0,1
JNE3788-KR-XXL,487.0,1,6766.0,6746.5,0,1
JNE3788-KR-XXXL,1437.81,3,5441.0,5335.5,0,0
JNE3789-KR-L,487.0,1,6766.0,6746.5,0,1
JNE3789-KR-M,2181.0,5,4756.5,4401.5,0,0
JNE3789-KR-S,3390.0,8,3959.5,3433.0,1,0
JNE3789-KR-XL,383.0,1,6912.0,6746.5,0,1
JNE3789-KR-XS,3272.0,8,4013.0,3433.0,1,0
JNE3789-KR-XXL,766.0,2,6273.0,5959.0,0,0
JNE3789-KR-XXXL,3552.0,9,3854.0,3188.5,1,0
JNE3790-KR-L,6763.0,21,2652.0,1576.5,0,0
JNE3790-KR-M,4626.67,14,3376.0,2308.0,0,0
JNE3790-KR-S,1833.0,6,5040.5,4040.0,0,0
JNE3790-KR-XL,6127.95,18,2829.0,1819.5,0,0
JNE3790-KR-XS,2128.0,7,4791.0,3717.5,0,0
JNE3790-KR-XXL,7314.0,22,2520.0,1507.5,0,0
JNE3790-KR-XXXL,7100.38,22,2573.0,1507.5,0,0
JNE3791-DR-L,3579.0,9,3838.0,3188.5,1,0
JNE3791-DR-M,1684.0,4,5173.0,4820.5,0,0
JNE3791-DR-S,1197.0,4,5680.0,4820.5,0,0
JNE3791-DR-XL,3466.0,9,3913.0,3188.5,1,0
JNE3791-DR-XS,2201.0,5,4737.0,4401.5,0,0
JNE3791-DR-XXL,5355.0,14,3098.5,2308.0,0,0
JNE3791-DR-XXXL,4332.0,10,3491.0,2967.0,0,0
JNE3792-KR-L,2333.0,5,4641.0,4401.5,0,0
JNE3792-KR-M,1728.0,4,5121.5,4820.5,0,0
JNE3792-KR-S,1728.0,5,5121.5,4401.5,0,0
JNE3792-KR-XL,1795.0,4,5072.0,4820.5,0,0
JNE3792-KR-XS,838.0,2,6186.5,5959.0,0,0
JNE3792-KR-XXL,1795.0,4,5072.0,4820.5,0,0
JNE3792-KR-XXXL,3883.0,9,3694.0,3188.5,1,0
JNE3793-KR-L,8467.0,21,2282.0,1576.5,0,0
JNE3793-KR-M,8129.38,23,2343.0,1445.0,0,0
JNE3793-KR-S,10316.38,27,1968.0,1190.5,0,0
JNE3793-KR-XL,16483.58,43,1307.0,676.0,0,0
JNE3793-KR-XS,5242.0,15,3142.0,2166.0,0,0
JNE3793-KR-XXL,9196.38,26,2148.0,1247.0,0,0
JNE3793-KR-XXXL,19466.26,54,1086.0,489.5,0,0
JNE3794-KR-L,30865.38,60,616.0,411.5,0,0
JNE3794-KR-M,29976.52,59,651.0,423.5,0,0
JNE3794-KR-S,11211.24,24,1822.0,1377.5,0,0
JNE3794-KR-XL,31320.14,62,606.0,393.5,0,0
JNE3794-KR-XS,12153.62,25,1709.0,1307.0,0,0
JNE3794-KR-XXL,40411.76,77,419.0,277.0,0,0
JNE3794-KR-XXXL,35905.38,71,495.0,314.5,0,0
JNE3795-KR-L,18614.14,36,1148.0,849.5,0,0
JNE3795-KR-M,8280.24,16,2317.0,2039.0,0,0
JNE3795-KR-S,23790.38,45,897.0,637.0,0,0
JNE3795-KR-XL,24307.0,47,872.0,601.0,0,0
JNE3795-KR-XS,17021.0,33,1269.0,945.5,0,0
JNE3795-KR-XXL,10396.38,20,1953.0,1651.5,0,0
JNE3795-KR-XXXL,17141.76,33,1258.0,945.5,0,0
JNE3796-KR-L,2415.0,9,4589.5,3188.5,1,0
JNE3796-KR-M,690.0,2,6349.5,5959.0,0,0
JNE3796-KR-S,1380.0,4,5478.5,4820.5,0,0
JNE3796-KR-XL,690.0,3,6349.5,5335.5,0,0
JNE3796-KR-XXL,1968.57,5,4929.0,4401.5,0,0
JNE3796-KR-XXXL,3690.14,10,3781.0,2967.0,1,0
JNE3797-KR-A-L,54501.65,77,260.0,277.0,0,0
JNE3797-KR-A-M,119192.59,160,56.0,79.0,0,0
JNE3797-KR-A-S,86753.64,119,115.0,139.5,0,0
JNE3797-KR-A-XL,46081.96,66,350.0,354.5,0,0
JNE3797-KR-A-XS,20987.87,31,1010.0,1019.5,0,0
JNE3797-KR-A-XXL,24856.01,34,837.0,912.5,0,0
JNE3797-KR-A-XXXL,26784.16,34,765.0,912.5,0,0
JNE3797-KR-L,554712.01,772,1.0,1.0,0,0
JNE3797-KR-M,474574.16,655,4.0,2.0,0,0
JNE3797-KR-S,427111.57,586,5.0,3.0,0,0
JNE3797-KR-XL,349095.24,474,6.0,6.0,0,0
JNE3797-KR-XS,318136.7,431,8.0,9.0,0,0
JNE3797-KR-XXL,282621.88,395,12.0,10.0,0,0
JNE3797-KR-XXXL,283635.8,386,11.0,13.0,0,0
JNE3798-KR-A-L,14179.0,20,1493.0,1651.5,0,0
JNE3798-KR-A-M,15969.58,21,1348.0,1576.5,0,0
JNE3798-KR-A-S,8985.29,13,2177.0,2460.0,0,0
JNE3798-KR-A-XL,11366.48,16,1808.0,2039.0,0,0
JNE3798-KR-A-XS,7572.58,10,2469.0,2967.0,0,0
JNE3798-KR-A-XXL,10674.58,14,1914.0,2308.0,0,0
JNE3798-KR-A-XXXL,9188.0,12,2150.0,2615.5,0,0
JNE3798-KR-L,80706.4,115,130.0,150.5,0,0
JNE3798-KR-M,88480.43,123,109.0,129.5,0,0
JNE3798-KR-S,49934.26,66,306.0,354.5,0,0
JNE3798-KR-XL,120543.81,165,54.0,73.5,0,0
JNE3798-KR-XS,48240.77,65,323.0,364.0,0,0
JNE3798-KR-XXL,83622.38,116,121.0,149.0,0,0
JNE3798-KR-XXXL,66057.92,90,194.0,216.0,0,0
JNE3799-KR-L,20813.29,33,1021.0,945.5,0,0
JNE3799-KR-M,22115.29,35,962.0,881.0,0,0
JNE3799-KR-S,9667.29,18,2062.0,1819.5,0,0
JNE3799-KR-XL,22655.93,36,943.0,849.5,0,0
JNE3799-KR-XS,17320.0,27,1251.0,1190.5,0,0
JNE3799-KR-XXL,24410.38,38,865.0,786.5,0,0
JNE3799-KR-XXXL,16703.0,26,1295.0,1247.0,0,0
JNE3800-KR-A-L,32725.0,45,576.0,637.0,0,0
JNE3800-KR-A-M,30704.31,44,619.0,657.0,0,0
JNE3800-KR-A-S,26110.69,37,790.0,816.5,0,0
JNE3800-KR-A-XL,26078.31,36,794.0,849.5,0,0
JNE3800-KR-A-XS,12313.31,17,1693.0,1923.5,0,0
JNE3800-KR-A-XXL,18990.03,25,1122.0,1307.0,0,0
JNE3800-KR-A-XXXL,24313.83,33,871.0,945.5,0,0
JNE3800-KR-L,131293.1,181,45.0,60.0,0,0
JNE3800-KR-M,112862.48,156,65.0,83.0,0,0
JNE3800-KR-S,76278.83,107,144.0,170.5,0,0
JNE3800-KR-XL,85301.3,117,117.0,146.0,0,0
JNE3800-KR-XS,27878.29,39,716.0,761.5,0,0
JNE3800-KR-XXL,79247.16,108,135.0,169.0,0,0
JNE3800-KR-XXXL,65317.16,88,196.0,222.0,0,0
JNE3801-KR-L,101255.58,138,81.0,110.5,0,0
JNE3801-KR-M,121951.48,169,53.0,70.0,0,0
JNE3801-KR-S,71712.83,102,159.0,182.0,0,0
JNE3801-KR-XL,83626.12,117,120.0,146.0,0,0
JNE3801-KR-XS,34264.91,49,539.0,570.0,0,0
JNE3801-KR-XXL,104107.48,140,77.0,103.5,0,0
JNE3801-KR-XXXL,60342.45,82,215.0,250.0,0,0
JNE3802-KR-L,18425.28,43,1164.0,676.0,0,0
JNE3802-KR-M,28321.94,62,706.0,393.5,0,0
JNE3802-KR-S,17112.0,37,1262.0,816.5,0,0
JNE3802-KR-XL,13184.95,31,1584.0,1019.5,0,0
JNE3802-KR-XS,11563.0,25,1787.5,1307.0,0,0
JNE3802-KR-XXL,4774.0,10,3323.0,2967.0,0,0
JNE3802-KR-XXXL,3527.0,7,3872.0,3717.5,0,0
JNE3803-KR-L,7978.0,18,2383.0,1819.5,0,0
JNE3803-KR-M,27759.95,60,723.0,411.5,0,0
JNE3803-KR-S,25896.0,54,804.0,489.5,0,0
JNE3803-KR-XL,6716.81,14,2664.0,2308.0,0,0
JNE3803-KR-XS,4191.81,9,3550.0,3188.5,0,0
JNE3803-KR-XXL,1920.0,4,4976.5,4820.5,0,0
JNE3803-KR-XXXL,1948.0,4,4946.5,4820.5,0,0
JNE3804-KR-L,4321.0,9,3496.5,3188.5,0,0
JNE3804-KR-M,10743.28,25,1901.0,1307.0,0,0
JNE3804-KR-S,6628.28,15,2688.0,2166.0,0,0
JNE3804-KR-XL,13031.23,27,1606.0,1190.5,0,0
JNE3804-KR-XS,3684.28,8,3783.0,3433.0,1,0
JNE3804-KR-XXL,6089.0,14,2845.0,2308.0,0,0
JNE3804-KR-XXXL,1864.0,5,5018.0,4401.5,0,0
JNE3805-KR-L,27935.23,58,715.0,435.5,0,0
JNE3805-KR-M,19024.7,41,1119.0,718.0,0,0
JNE3805-KR-S,14312.12,32,1480.0,982.0,0,0
JNE3805-KR-XL,22857.56,50,933.0,554.5,0,0
JNE3805-KR-XS,5492.42,12,3058.0,2615.5,0,0
JNE3805-KR-XXL,13891.7,31,1517.0,1019.5,0,0
JNE3805-KR-XXXL,13486.0,28,1553.0,1147.0,0,0
JNE3806-KR-L,10206.19,20,1983.0,1651.5,0,0
JNE3806-KR-M,10338.19,19,1966.0,1731.0,0,0
JNE3806-KR-S,3222.0,7,4044.0,3717.5,0,0
JNE3806-KR-XL,10360.86,20,1959.0,1651.5,0,0
JNE3806-KR-XS,1611.0,3,5240.0,5335.5,0,0
JNE3806-KR-XXL,13981.19,26,1510.0,1247.0,0,0
JNE3806-KR-XXXL,11288.05,21,1813.0,1576.5,0,0
JNE3807-KR-L,14924.0,22,1423.0,1507.5,0,0
JNE3807-KR-M,6395.95,9,2759.0,3188.5,0,0
JNE3807-KR-S,18004.61,27,1189.0,1190.5,0,0
JNE3807-KR-XL,10480.95,15,1936.0,2166.0,0,0
JNE3807-KR-XS,12637.14,17,1651.0,1923.5,0,0
JNE3807-KR-XXL,14121.0,21,1498.0,1576.5,0,0
JNE3807-KR-XXXL,15877.0,23,1353.0,1445.0,0,0
JNE3810-KR-L,19447.0,33,1090.0,945.5,0,0
JNE3810-KR-M,21695.7,38,977.0,786.5,0,0
JNE3810-KR-S,9683.0,16,2057.0,2039.0,0,0
JNE3810-KR-XL,23818.9,40,893.0,740.0,0,0
JNE3810-KR-XS,8476.86,14,2280.0,2308.0,0,0
JNE3810-KR-XXL,14877.0,28,1425.0,1147.0,0,0
JNE3810-KR-XXXL,14325.0,25,1479.0,1307.0,0,0
JNE3811-KR-L,4238.0,9,3530.0,3188.5,0,0
JNE3811-KR-M,2938.0,7,4216.0,3717.5,0,0
JNE3811-KR-S,2314.0,5,4655.0,4401.5,0,0
JNE3811-KR-XL,7252.1,15,2535.0,2166.0,0,0
JNE3811-KR-XS,2422.0,5,4581.0,4401.5,0,0
JNE3811-KR-XXL,4938.1,10,3263.0,2967.0,0,0
JNE3811-KR-XXXL,3172.0,6,4078.0,4040.0,0,0
JNE3813-KR-L,627.0,1,6464.0,6746.5,0,0
JNE3813-KR-M,2532.0,4,4500.0,4820.5,0,0
JNE3813-KR-S,3161.0,5,4081.0,4401.5,0,0
JNE3813-KR-XL,2486.0,4,4524.5,4820.5,0,0
JNE3813-KR-XS,1867.0,3,5017.0,5335.5,0,0
JNE3813-KR-XXL,4421.0,7,3450.0,3717.5,0,0
JNE3813-KR-XXXL,5669.0,8,2989.0,3433.0,0,0
JNE3816-KR-L,2112.0,4,4805.5,4820.5,0,0
JNE3816-KR-M,1042.0,2,5860.5,5959.0,0,0
JNE3816-KR-S,1042.0,2,5860.5,5959.0,0,0
JNE3816-KR-XL,2633.0,5,4421.0,4401.5,0,0
JNE3816-KR-XS,1126.0,2,5772.0,5959.0,0,0
JNE3816-KR-XXL,5182.05,9,3160.0,3188.5,0,0
JNE3816-KR-XXXL,1098.0,1,5799.0,6746.5,0,0
JNE3817-KR-L,4247.0,9,3528.0,3188.5,0,0
JNE3817-KR-M,3670.62,8,3789.0,3433.0,1,0
JNE3817-KR-S,6791.24,15,2647.0,2166.0,0,0
JNE3817-KR-XL,7903.62,17,2396.0,1923.5,0,0
JNE3817-KR-XS,6620.62,14,2690.0,2308.0,0,0
JNE3817-KR-XXL,7269.0,16,2528.5,2039.0,0,0
JNE3817-KR-XXXL,1547.0,3,5316.0,5335.5,0,0
JNE3818-KR-L,7714.48,16,2440.0,2039.0,0,0
JNE3818-KR-M,12226.62,25,1704.0,1307.0,0,0
JNE3818-KR-S,4371.0,9,3477.0,3188.5,0,0
JNE3818-KR-XL,9096.0,18,2162.0,1819.5,0,0
JNE3818-KR-XS,2423.0,5,4578.5,4401.5,0,0
JNE3818-KR-XXL,6696.0,14,2673.0,2308.0,0,0
JNE3818-KR-XXXL,5888.0,12,2919.0,2615.5,0,0
JNE3819-KR-L,2946.0,6,4208.5,4040.0,0,0
JNE3819-KR-M,2447.0,6,4557.0,4040.0,0,0
JNE3819-KR-S,974.0,2,5985.5,5959.0,0,0
JNE3819-KR-XL,1449.0,3,5427.5,5335.5,0,0
JNE3819-KR-XS,475.0,1,6787.0,6746.5,0,1
JNE3819-KR-XXL,1910.0,4,4981.0,4820.5,0,0
JNE3819-KR-XXXL,2471.0,5,4539.0,4401.5,0,0
JNE3820-KR-L,2048.0,4,4866.0,4820.5,0,0
JNE3820-KR-M,974.0,2,5985.5,5959.0,0,0
JNE3820-KR-S,4872.0,10,3289.5,2967.0,0,0
JNE3820-KR-XL,2948.0,6,4206.0,4040.0,0,0
JNE3820-KR-XS,1473.0,3,5389.0,5335.5,0,0
JNE3820-KR-XXL,475.0,1,6787.0,6746.5,0,1
JNE3820-KR-XXXL,475.0,1,6787.0,6746.5,0,1
JNE3821-KR-L,499.0,1,6732.0,6746.5,0,1
JNE3821-KR-M,2050.0,4,4865.0,4820.5,0,0
JNE3821-KR-S,3660.0,7,3800.0,3717.5,0,0
JNE3821-KR-XL,1567.0,3,5288.0,5335.5,0,0
JNE3821-KR-XS,2982.24,6,4189.0,4040.0,0,0
JNE3821-KR-XXL,3591.0,7,3831.0,3717.5,0,0
JNE3821-KR-XXXL,998.0,2,5934.5,5959.0,0,0
JNE3822-KR-L,16691.24,40,1297.0,740.0,0,0
JNE3822-KR-M,16973.0,37,1274.0,816.5,0,0
JNE3822-KR-S,6084.0,14,2848.0,2308.0,0,0
JNE3822-KR-XL,20592.48,48,1028.0,584.5,0,0
JNE3822-KR-XS,1821.0,4,5047.0,4820.5,0,0
JNE3822-KR-XXL,24469.43,54,861.0,489.5,0,0
JNE3822-KR-XXXL,3268.0,7,4017.0,3717.5,0,0
JNE3823-KR-L,1948.48,4,4942.0,4820.5,0,0
JNE3823-KR-M,2104.0,4,4810.5,4820.5,0,0
JNE3823-KR-S,4138.0,8,3567.0,3433.0,0,0
JNE3823-KR-XL,526.0,1,6665.5,6746.5,0,1
JNE3823-KR-XS,2581.0,5,4462.0,4401.5,0,0
JNE3823-KR-XXL,3018.0,6,4163.0,4040.0,0,0
JNE3823-KR-XXXL,499.0,1,6732.0,6746.5,0,1
JNE3825-KR-L,427.62,1,6852.0,6746.5,0,1
JNE3825-KR-M,1971.0,4,4926.5,4820.5,0,0
JNE3825-KR-S,2257.0,6,4697.5,4040.0,0,0
JNE3825-KR-XS,4571.0,9,3398.0,3188.5,0,0
JNE3825-KR-XXL,1334.0,3,5528.0,5335.5,0,0
JNE3825-KR-XXXL,898.0,2,6091.5,5959.0,0,0
JNE3833-KR-L,4476.0,8,3433.0,3433.0,0,0
JNE3833-KR-M,1563.0,3,5293.0,5335.5,0,0
JNE3833-KR-S,521.0,1,6671.0,6746.5,0,1
JNE3833-KR-XL,1726.19,3,5124.0,5335.5,0,0
JNE3833-KR-XS,1708.0,3,5147.5,5335.5,0,0
JNE3833-KR-XXL,4283.19,9,3517.0,3188.5,0,0
JNE3833-KR-XXXL,3675.0,7,3785.0,3717.5,0,0
JNE3834-KR-L,3299.0,6,4003.5,4040.0,0,0
JNE3834-KR-M,5575.86,10,3027.0,2967.0,0,0
JNE3834-KR-S,3299.0,6,4003.5,4040.0,0,0
JNE3834-KR-XL,3737.34,7,3763.0,3717.5,0,0
JNE3834-KR-XS,3759.0,7,3752.0,3717.5,0,0
JNE3834-KR-XXL,9465.19,18,2100.0,1819.5,0,0
JNE3834-KR-XXXL,666.0,1,6385.0,6746.5,0,0
JNE3835-KR-L,4166.0,7,3559.0,3717.5,0,0
JNE3835-KR-M,5470.0,9,3065.0,3188.5,0,0
JNE3835-KR-S,6730.38,13,2661.0,2460.0,0,0
JNE3835-KR-XL,5519.0,9,3047.0,3188.5,0,0
JNE3835-KR-XS,2806.0,5,4302.0,4401.5,0,0
JNE3835-KR-XXL,3521.0,6,3878.0,4040.0,0,0
JNE3835-KR-XXXL,1853.0,3,5024.0,5335.5,0,0
JNE3836-KR-L,8926.0,14,2196.0,2308.0,0,0
JNE3836-KR-M,10792.0,17,1895.0,1923.5,0,0
JNE3836-KR-S,8446.0,13,2286.0,2460.0,0,0
JNE3836-KR-XL,7063.14,11,2580.0,2774.0,0,0
JNE3836-KR-XS,3885.0,6,3692.0,4040.0,0,0
JNE3836-KR-XXL,17605.39,28,1223.0,1147.0,0,0
JNE3836-KR-XXXL,8463.29,13,2283.0,2460.0,0,0
JNE3837-KR-L,18926.24,35,1127.0,881.0,0,0
JNE3837-KR-M,24571.0,45,852.0,637.0,0,0
JNE3837-KR-S,13511.62,25,1551.0,1307.0,0,0
JNE3837-KR-XL,18856.38,35,1131.0,881.0,0,0
JNE3837-KR-XS,7187.0,13,2552.5,2460.0,0,0
JNE3837-KR-XXL,15991.0,29,1346.5,1109.0,0,0
JNE3837-KR-XXXL,16847.0,31,1288.0,1019.5,0,0
JNE3838-KR-L,22074.62,55,966.0,474.0,0,0
JNE3838-KR-M,14746.57,37,1440.0,816.5,0,0
JNE3838-KR-S,8975.81,21,2180.0,1576.5,0,0
JNE3838-KR-XL,20313.72,50,1042.0,554.5,0,0
JNE3838-KR-XS,5363.0,13,3095.0,2460.0,0,0
JNE3838-KR-XXL,18664.58,47,1145.0,601.0,0,0
JNE3838-KR-XXXL,14251.0,34,1486.0,912.5,0,0
JNE3856-KR-L,10830.0,17,1885.0,1923.5,0,0
JNE3856-KR-M,3330.0,7,3991.0,3717.5,0,0
JNE3856-KR-S,666.0,1,6385.0,6746.5,0,0
JNE3856-KR-XL,11019.0,19,1854.0,1731.0,0,0
JNE3856-KR-XS,1332.0,2,5532.0,5959.0,0,0
JNE3856-KR-XXL,10412.0,17,1950.0,1923.5,0,0
JNE3856-KR-XXXL,9630.29,15,2066.0,2166.0,0,0
JNE3860-DR-L,14926.0,24,1422.0,1377.5,0,0
JNE3860-DR-M,12441.62,20,1676.0,1651.5,0,0
JNE3860-DR-S,3034.0,5,4154.5,4401.5,0,0
JNE3860-DR-XL,14712.62,24,1445.0,1377.5,0,0
JNE3860-DR-XS,2456.0,4,4549.5,4820.5,0,0
JNE3860-DR-XXL,12905.76,21,1625.0,1576.5,0,0
JNE3860-DR-XXXL,22831.52,36,936.0,849.5,0,0
JNE3861-DR-L,50830.99,63,294.0,384.0,0,0
JNE3861-DR-M,24422.85,30,864.0,1061.0,0,0
JNE3861-DR-S,23292.0,31,912.0,1019.5,0,0
JNE3861-DR-XL,47980.8,58,328.0,435.5,0,0
JNE3861-DR-XS,16081.0,22,1335.0,1507.5,0,0
JNE3861-DR-XXL,44462.95,53,368.0,508.0,0,0
JNE3861-DR-XXXL,22693.0,27,940.0,1190.5,0,0
JNE3862-TU-L,6464.0,10,2736.0,2967.0,0,0
JNE3862-TU-M,3963.0,6,3649.0,4040.0,0,0
JNE3862-TU-S,4193.0,7,3548.0,3717.5,0,0
JNE3862-TU-XL,4595.0,7,3391.0,3717.5,0,0
JNE3862-TU-XS,563.0,1,6617.5,6746.5,0,1
JNE3862-TU-XXL,1162.0,2,5735.0,5959.0,0,0
JNE3862-TU-XXXL,7116.0,12,2567.0,2615.5,0,0
JNE3863-TU-L,10084.96,17,1998.0,1923.5,0,0
JNE3863-TU-M,15439.67,26,1380.0,1247.0,0,0
JNE3863-TU-S,10610.0,19,1918.0,1731.0,0,0
JNE3863-TU-XL,14836.67,25,1431.0,1307.0,0,0
JNE3863-TU-XS,2901.0,5,4242.0,4401.5,0,0
JNE3863-TU-XXL,13864.0,23,1520.0,1445.0,0,0
JNE3863-TU-XXXL,5740.0,10,2963.5,2967.0,0,0
JNE3864-TU-L,5029.0,9,3225.5,3188.5,0,0
JNE3864-TU-M,5397.0,9,3085.0,3188.5,0,0
JNE3864-TU-S,1198.0,2,5672.5,5959.0,0,0
JNE3864-TU-XL,5035.0,8,3220.0,3433.0,0,0
JNE3864-TU-XS,1198.0,2,5672.5,5959.0,0,0
JNE3864-TU-XXL,6487.0,11,2727.0,2774.0,0,0
JNE3864-TU-XXXL,5266.0,8,3132.5,3433.0,0,0
JNE3865-TP-L,25314.35,47,818.0,601.0,0,0
JNE3865-TP-M,8809.29,18,2209.0,1819.5,0,0
JNE3865-TP-S,13287.0,25,1572.0,1307.0,0,0
JNE3865-TP-XL,12481.48,23,1670.0,1445.0,0,0
JNE3865-TP-XS,3917.0,7,3679.5,3717.5,0,0
JNE3865-TP-XXL,20517.05,37,1033.0,816.5,0,0
JNE3865-TP-XXXL,17074.05,29,1264.0,1109.0,0,0
JNE3866-KR-L,5360.0,7,3096.0,3717.5,0,0
JNE3866-KR-M,5912.0,7,2907.0,3717.5,0,0
JNE3866-KR-S,1641.0,2,5203.5,5959.0,0,0
JNE3866-KR-XL,6113.0,8,2835.0,3433.0,0,0
JNE3866-KR-XS,1483.0,2,5374.5,5959.0,0,0
JNE3866-KR-XXL,4035.0,5,3612.0,4401.5,0,0
JNE3866-KR-XXXL,2213.0,3,4727.5,5335.5,0,0
JNE3869-DR-L,21919.71,29,968.0,1109.0,0,0
JNE3869-DR-M,57774.2,75,232.0,290.5,0,0
JNE3869-DR-S,33768.12,45,551.0,637.0,0,0
JNE3869-DR-XL,35228.35,48,519.0,584.5,0,0
JNE3869-DR-XS,17327.0,23,1249.0,1445.0,0,0
JNE3869-DR-XXL,24009.0,32,884.0,982.0,0,0
JNE3869-DR-XXXL,26259.53,36,783.0,849.5,0,0
JNE3870-DR-L,14662.67,20,1448.0,1651.5,0,0
JNE3870-DR-M,23182.67,31,921.0,1019.5,0,0
JNE3870-DR-S,19768.67,27,1069.0,1190.5,0,0
JNE3870-DR-XL,16959.91,24,1275.0,1377.5,0,0
JNE3870-DR-XS,12467.34,17,1672.0,1923.5,0,0
JNE3870-DR-XXL,35609.64,48,505.0,584.5,0,0
JNE3870-DR-XXXL,26256.23,36,784.0,849.5,0,0
JNE3871-KR-S,771.0,1,6266.0,6746.5,0,0
JNE3872-KR-L,1450.0,2,5424.0,5959.0,0,0
JNE3872-KR-M,1496.0,2,5359.0,5959.0,0,0
JNE3872-KR-XL,1874.0,2,5013.0,5959.0,0,0
JNE3872-KR-XXL,1542.0,2,5324.0,5959.0,0,0
JNE3872-KR-XXXL,2267.0,3,4691.5,5335.5,0,0
JNE3875-KR-L,3924.0,6,3676.0,4040.0,0,0
JNE3875-KR-M,1198.0,2,5672.5,5959.0,0,0
JNE3875-KR-S,1198.0,2,5672.5,5959.0,0,0
JNE3875-KR-XL,2396.0,4,4605.5,4820.5,0,0
JNE3875-KR-XXL,4127.0,7,3574.5,3717.5,0,0
JNE3875-KR-XXXL,6559.0,11,2712.0,2774.0,0,0
JNE3878-KR-L,11985.0,29,1737.0,1109.0,0,0
JNE3878-KR-M,6591.0,15,2704.0,2166.0,0,0
JNE3878-KR-S,2774.0,7,4327.5,3717.5,0,0
JNE3878-KR-XL,13363.57,33,1564.0,945.5,0,0
JNE3878-KR-XS,1584.0,4,5269.0,4820.5,0,0
JNE3878-KR-XXL,13527.0,33,1549.0,945.5,0,0
JNE3878-KR-XXXL,17324.0,42,1250.0,698.0,0,0
JNE3879-DR-L,12626.0,18,1652.0,1819.5,0,0
JNE3879-DR-M,8867.0,13,2203.0,2460.0,0,0
JNE3879-DR-S,3432.0,5,3933.0,4401.5,0,0
JNE3879-DR-XL,12711.52,19,1642.0,1731.0,0,0
JNE3879-DR-XS,1452.0,2,5423.0,5959.0,0,0
JNE3879-DR-XXL,10691.0,16,1910.0,2039.0,0,0
JNE3879-DR-XXXL,20657.0,30,1027.0,1061.0,0,0
JNE3880-DR-L,7737.0,13,2431.0,2460.0,0,0
JNE3880-DR-M,7459.0,12,2487.0,2615.5,0,0
JNE3880-DR-S,5328.0,9,3112.0,3188.5,0,0
JNE3880-DR-XL,6946.0,12,2607.0,2615.5,0,0
JNE3880-DR-XS,3191.0,5,4064.5,4401.5,0,0
JNE3880-DR-XXL,3082.0,5,4117.0,4401.5,0,0
JNE3880-DR-XXXL,12971.0,21,1612.0,1576.5,0,0
JNE3881-DR-L,9723.42,12,2050.0,2615.5,0,0
JNE3881-DR-M,4076.0,5,3598.0,4401.5,0,0
JNE3881-DR-S,3251.0,4,4027.5,4820.5,0,0
JNE3881-DR-XL,8152.0,10,2337.0,2967.0,0,0
JNE3881-DR-XS,2426.0,3,4573.5,5335.5,0,0
JNE3881-DR-XXL,9542.71,12,2082.0,2615.5,0,0
JNE3881-DR-XXXL,9601.42,13,2072.0,2460.0,0,0
JNE3885-KR-L,1626.0,3,5228.0,5335.5,0,0
JNE3885-KR-M,1546.0,3,5317.0,5335.5,0,0
JNE3885-KR-S,1195.0,2,5686.0,5959.0,0,0
JNE3885-KR-XL,5834.0,11,2934.0,2774.0,0,0
JNE3885-KR-XS,526.0,1,6665.5,6746.5,0,1
JNE3885-KR-XXL,2162.0,4,4769.0,4820.5,0,0
JNE3885-KR-XXXL,4676.95,9,3359.0,3188.5,0,0
JNE3886-KR-L,2693.0,5,4373.0,4401.5,0,0
JNE3886-KR-M,526.0,1,6665.5,6746.5,0,1
JNE3886-KR-XL,1052.0,2,5842.5,5959.0,0,0
JNE3886-KR-XXL,2088.0,4,4825.0,4820.5,0,0
JNE3886-KR-XXXL,1052.0,2,5842.5,5959.0,0,0
JNE3887-KR-L,17187.95,32,1257.0,982.0,0,0
JNE3887-KR-M,11992.95,23,1734.0,1445.0,0,0
JNE3887-KR-S,9068.0,17,2167.0,1923.5,0,0
JNE3887-KR-XL,14360.0,28,1475.0,1147.0,0,0
JNE3887-KR-XS,8876.85,17,2200.0,1923.5,0,0
JNE3887-KR-XXL,8900.71,17,2198.0,1923.5,0,0
JNE3887-KR-XXXL,12064.67,23,1721.0,1445.0,0,0
JNE3888-KR-L,4085.0,6,3594.5,4040.0,0,0
JNE3888-KR-M,3446.86,5,3922.0,4401.5,0,0
JNE3888-KR-S,6047.0,9,2855.0,3188.5,0,0
JNE3888-KR-XL,8577.86,12,2259.0,2615.5,0,0
JNE3888-KR-XS,696.0,1,6339.5,6746.5,0,0
JNE3888-KR-XXL,7467.72,11,2484.0,2774.0,0,0
JNE3888-KR-XXXL,6146.86,9,2824.0,3188.5,0,0
JNE3889-KR-M,736.0,1,6307.5,6746.5,0,0
JNE3889-KR-S,736.0,1,6307.5,6746.5,0,0
JNE3889-KR-XXL,779.0,1,6250.0,6746.5,0,0
JNE3890-TP-L,1204.0,2,5657.0,5959.0,0,0
JNE3890-TP-M,621.0,1,6476.5,6746.5,0,0
JNE3890-TP-S,1863.0,3,5019.5,5335.5,0,0
JNE3890-TP-XL,1242.0,2,5618.0,5959.0,0,0
JNE3890-TP-XXL,2549.0,4,4486.0,4820.5,0,0
JNE3890-TP-XXXL,1242.0,2,5618.0,5959.0,0,0
JNE3891-TP-L,621.0,1,6476.5,6746.5,0,0
JNE3891-TP-M,621.0,1,6476.5,6746.5,0,0
JNE3891-TP-XXL,605.0,1,6512.5,6746.5,0,1
JNE3891-TP-XXXL,1242.0,2,5618.0,5959.0,0,0
JNE3892-TP-L,5184.0,8,3158.5,3433.0,0,0
JNE3892-TP-M,5108.0,8,3196.0,3433.0,0,0
JNE3892-TP-S,2592.0,4,4451.0,4820.5,0,0
JNE3892-TP-XL,6017.0,10,2861.0,2967.0,0,0
JNE3892-TP-XS,648.0,1,6414.5,6746.5,0,0
JNE3892-TP-XXL,9907.0,15,2026.0,2166.0,0,0
JNE3892-TP-XXXL,10049.0,15,2004.0,2166.0,0,0
JNE3893-TP-L,3086.0,5,4115.0,4401.5,0,0
JNE3893-TP-M,1242.0,2,5618.0,5959.0,0,0
JNE3893-TP-S,621.0,1,6476.5,6746.5,0,0
JNE3893-TP-XL,2255.0,3,4703.0,5335.5,0,0
JNE3893-TP-XS,1204.0,2,5657.0,5959.0,0,0
JNE3893-TP-XXL,2484.0,4,4529.0,4820.5,0,0
JNE3893-TP-XXXL,2645.0,4,4414.5,4820.5,0,0
JNE3894-TP-L,5535.0,7,3040.0,3717.5,0,0
JNE3894-TP-M,2249.0,3,4706.0,5335.5,0,0
JNE3894-TP-S,4453.0,6,3442.0,4040.0,0,0
JNE3894-TP-XL,6191.52,8,2809.0,3433.0,0,0
JNE3894-TP-XXL,9947.0,13,2019.0,2460.0,0,0
JNE3894-TP-XXXL,5249.0,7,3139.0,3717.5,0,0
JNE3895-TP-L,2335.0,3,4640.0,5335.5,0,0
JNE3895-TP-M,2758.0,4,4336.0,4820.5,0,0
JNE3895-TP-XL,2554.0,4,4480.5,4820.5,0,0
JNE3895-TP-XXL,3953.0,6,3655.0,4040.0,0,0
JNE3895-TP-XXXL,5314.14,8,3119.0,3433.0,0,0
JNE3896-KR-A-L,547.0,1,6633.0,6746.5,0,1
JNE3896-KR-A-XL,547.0,2,6633.0,5959.0,0,0
JNE3896-KR-A-XXXL,582.0,1,6584.5,6746.5,0,1
JNE3896-KR-XL,582.0,1,6584.5,6746.5,0,1
JNE3896-KR-XXL,1187.0,2,5695.0,5959.0,0,0
JNE3896-KR-XXXL,3147.0,5,4086.0,4401.5,0,0
JNE3897-KR-M,605.0,1,6512.5,6746.5,0,1
JNE3897-KR-S,1712.0,3,5144.5,5335.5,0,0
JNE3897-KR-XL,582.0,1,6584.5,6746.5,0,1
JNE3897-KR-XXXL,565.0,1,6612.0,6746.5,0,1
JNE3898-KR-L,582.0,1,6584.5,6746.5,0,1
JNE3898-KR-M,2311.0,4,4659.5,4820.5,0,0
JNE3898-KR-S,1164.0,2,5731.5,5959.0,0,0
JNE3898-KR-XL,2351.0,4,4630.0,4820.5,0,0
JNE3898-KR-XXXL,582.0,1,6584.5,6746.5,0,1
JNE3899-KR-A-M,1094.0,2,5805.0,5959.0,0,0
JNE3899-KR-A-S,547.0,1,6633.0,6746.5,0,1
JNE3899-KR-A-XL,582.0,1,6584.5,6746.5,0,1
JNE3899-KR-L,565.0,1,6612.0,6746.5,0,1
JNE3899-KR-S,582.0,1,6584.5,6746.5,0,1
JNE3899-KR-XXL,1164.0,2,5731.5,5959.0,0,0
JNE3900-KR-A-L,582.0,1,6584.5,6746.5,0,1
JNE3900-KR-A-XXL,1164.0,2,5731.5,5959.0,0,0
JNE3900-KR-A-XXXL,582.0,1,6584.5,6746.5,0,1
JNE3902-KR-L,2330.0,4,4642.0,4820.5,0,0
JNE3902-KR-M,599.0,1,6553.0,6746.5,0,1
JNE3902-KR-S,1198.0,2,5672.5,5959.0,0,0
JNE3902-KR-XL,3244.76,5,4033.0,4401.5,0,0
JNE3902-KR-XS,563.0,1,6617.5,6746.5,0,1
JNE3902-KR-XXL,4205.0,7,3544.5,3717.5,0,0
JNE3902-KR-XXXL,4157.0,7,3562.5,3717.5,0,0
JNE3903-KR-L,1244.0,3,5615.0,5335.5,0,0
JNE3903-KR-M,432.0,1,6843.0,6746.5,0,1
JNE3903-KR-XL,838.0,2,6186.5,5959.0,0,0
JNE3903-KR-XS,1337.0,3,5522.0,5335.5,0,0
JNE3903-KR-XXL,1655.43,5,5190.0,4401.5,0,0
JNE3903-KR-XXXL,1296.0,3,5563.5,5335.5,0,0
JNE3904-DR-L,13005.48,22,1607.0,1507.5,0,0
JNE3904-DR-M,12037.0,20,1726.0,1651.5,0,0
JNE3904-DR-S,6476.0,10,2732.0,2967.0,0,0
JNE3904-DR-XL,21341.92,36,993.0,849.5,0,0
JNE3904-DR-XS,4964.48,8,3255.0,3433.0,0,0
JNE3904-DR-XXL,6239.0,11,2798.5,2774.0,0,0
JNE3904-DR-XXXL,16190.48,26,1326.0,1247.0,0,0
JNE3905-DR-L,34490.0,55,536.0,474.0,0,0
JNE3905-DR-M,27716.24,43,728.0,676.0,0,0
JNE3905-DR-S,4970.0,7,3250.0,3717.5,0,0
JNE3905-DR-XL,27729.24,44,727.0,657.0,0,0
JNE3905-DR-XS,8312.0,13,2308.0,2460.0,0,0
JNE3905-DR-XXL,25611.72,41,810.0,718.0,0,0
JNE3905-DR-XXXL,25009.34,39,833.0,761.5,0,0
JNE3906-KR-L,3110.0,4,4103.0,4820.5,0,0
JNE3906-KR-M,1653.0,2,5191.0,5959.0,0,0
JNE3906-KR-XL,1704.0,2,5153.0,5959.0,0,0
JNE3906-KR-XXXL,2258.0,3,4696.0,5335.5,0,0
JNE3907-KR-L,736.0,1,6307.5,6746.5,0,0
JNE3907-KR-S,819.0,1,6216.5,6746.5,0,0
JNE3907-KR-XS,819.0,1,6216.5,6746.5,0,0
JNE3908-KR-L,2076.0,3,4832.5,5335.5,0,0
JNE3908-KR-M,3504.0,5,3885.0,4401.5,0,0
JNE3908-KR-S,1428.0,2,5448.0,5959.0,0,0
JNE3908-KR-XL,2120.0,3,4798.5,5335.5,0,0
JNE3908-KR-XS,1428.0,2,5448.0,5959.0,0,0
JNE3908-KR-XXL,1428.0,2,5448.0,5959.0,0,0
JNE3909-KR-L,605.0,1,6512.5,6746.5,0,1
JNE3909-KR-M,4058.86,6,3605.0,4040.0,0,0
JNE3909-KR-S,1350.0,2,5513.5,5959.0,0,0
JNE3909-KR-XL,1308.0,2,5552.5,5959.0,0,0
JNE3909-KR-XXL,696.0,1,6339.5,6746.5,0,0
JNE3910-KR-L,4292.95,6,3509.0,4040.0,0,0
JNE3910-KR-M,0.0,1,7187.5,6746.5,0,1
JNE3910-KR-S,5624.0,8,3004.0,3433.0,0,0
JNE3910-KR-XL,1428.0,2,5448.0,5959.0,0,0
JNE3910-KR-XS,2900.0,4,4244.5,4820.5,0,0
JNE3910-KR-XXL,1555.0,2,5299.5,5959.0,0,0
JNE3910-KR-XXXL,1989.0,3,4909.0,5335.5,0,0
JNE3924-TU-L,625.0,1,6469.0,6746.5,0,0
JNE3924-TU-M,625.0,1,6469.0,6746.5,0,0
JNE3924-TU-XS,588.0,1,6568.0,6746.5,0,1
JNE3927-KR-M,801.0,1,6229.5,6746.5,0,0
JNE3927-KR-XL,852.0,1,6160.5,6746.5,0,0
JNE3927-KR-XS,801.0,1,6229.5,6746.5,0,0
JNE3928-KR-L,2840.0,5,4283.0,4401.5,0,0
JNE3928-KR-M,3374.0,6,3970.0,4040.0,0,0
JNE3928-KR-S,4655.0,8,3367.0,3433.0,0,0
JNE3928-KR-XL,5087.95,9,3208.0,3188.5,0,0
JNE3928-KR-XS,3880.95,7,3696.0,3717.5,0,0
JNE3928-KR-XXL,3848.57,7,3711.0,3717.5,0,0
JNE3928-KR-XXXL,3942.0,7,3663.0,3717.5,0,0
MEN5001-KR-L,11371.0,20,1807.0,1651.5,0,0
MEN5001-KR-M,11310.72,20,1811.0,1651.5,0,0
MEN5001-KR-S,1809.0,3,5052.0,5335.5,0,0
MEN5001-KR-XL,7339.24,13,2513.0,2460.0,0,0
MEN5001-KR-XXL,3484.0,7,3904.0,3717.5,0,0
MEN5001-KR-XXXL,3148.24,6,4085.0,4040.0,0,0
MEN5002-KR-L,38213.24,65,455.0,364.0,0,0
MEN5002-KR-M,35685.0,60,502.0,411.5,0,0
MEN5002-KR-S,6145.24,12,2825.0,2615.5,0,0
MEN5002-KR-XL,28147.24,47,709.0,601.0,0,0
MEN5002-KR-XXL,13226.0,23,1580.0,1445.0,0,0
MEN5002-KR-XXXL,12981.91,22,1611.0,1507.5,0,0
MEN5003-KR-L,5117.24,13,3193.0,2460.0,0,0
MEN5003-KR-M,5838.62,11,2932.0,2774.0,0,0
MEN5003-KR-S,3266.0,6,4018.0,4040.0,0,0
MEN5003-KR-XL,11122.86,21,1834.0,1576.5,0,0
MEN5003-KR-XXL,7014.86,13,2590.0,2460.0,0,0
MEN5003-KR-XXXL,7503.29,14,2477.0,2308.0,0,0
MEN5004-KR-L,33208.38,66,567.0,354.5,0,0
MEN5004-KR-M,31468.19,62,602.0,393.5,0,0
MEN5004-KR-S,23811.9,41,894.0,718.0,0,0
MEN5004-KR-XL,37305.14,70,474.0,321.5,0,0
MEN5004-KR-XXL,37137.18,67,480.0,345.0,0,0
MEN5004-KR-XXXL,40018.06,67,425.0,345.0,0,0
MEN5005-KR-L,1063.0,2,5835.5,5959.0,0,0
MEN5005-KR-M,625.0,1,6469.0,6746.5,0,0
MEN5005-KR-XL,1077.0,2,5821.5,5959.0,0,0
MEN5005-KR-XXL,10897.0,22,1876.0,1507.5,0,0
MEN5005-KR-XXXL,15852.0,30,1354.0,1061.0,0,0
MEN5006-KR-L,15710.71,27,1361.0,1190.5,0,0
MEN5006-KR-M,11082.38,20,1849.0,1651.5,0,0
MEN5006-KR-S,1140.0,2,5750.0,5959.0,0,0
MEN5006-KR-XL,11829.76,23,1755.0,1445.0,0,0
MEN5006-KR-XXL,9647.38,17,2065.0,1923.5,0,0
MEN5006-KR-XXXL,7920.0,14,2394.0,2308.0,0,0
MEN5007-KR-L,5327.0,11,3114.5,2774.0,0,0
MEN5007-KR-M,11925.0,22,1743.0,1507.5,0,0
MEN5007-KR-S,1595.0,4,5255.5,4820.5,0,0
MEN5007-KR-XL,5917.0,12,2904.0,2615.5,0,0
MEN5007-KR-XXL,6607.0,13,2698.0,2460.0,0,0
MEN5007-KR-XXXL,4275.0,9,3520.0,3188.5,0,0
MEN5008-KR-L,36331.91,58,489.0,435.5,0,0
MEN5008-KR-M,20576.0,39,1030.0,761.5,0,0
MEN5008-KR-S,7102.0,14,2571.5,2308.0,0,0
MEN5008-KR-XL,19483.72,32,1085.0,982.0,0,0
MEN5008-KR-XXL,15081.24,27,1412.0,1190.5,0,0
MEN5008-KR-XXXL,6015.0,10,2863.5,2967.0,0,0
MEN5009-KR-L,37397.86,75,473.0,290.5,0,0
MEN5009-KR-M,47162.0,87,336.0,226.5,0,0
MEN5009-KR-S,18213.42,39,1174.0,761.5,0,0
MEN5009-KR-XL,33430.14,64,563.0,374.0,0,0
MEN5009-KR-XXL,14525.24,29,1464.0,1109.0,0,0
MEN5009-KR-XXXL,20475.24,35,1035.0,881.0,0,0
MEN5010-KR-L,3530.0,5,3870.0,4401.5,0,0
MEN5010-KR-M,5000.48,8,3233.0,3433.0,0,0
MEN5010-KR-XL,4564.0,8,3401.0,3433.0,0,0
MEN5010-KR-XXL,3213.0,6,4048.0,4040.0,0,0
MEN5010-KR-XXXL,4958.0,9,3259.0,3188.5,0,0
MEN5011-KR-L,30591.48,55,625.0,474.0,0,0
MEN5011-KR-M,21237.43,43,995.0,676.0,0,0
MEN5011-KR-S,6943.24,13,2609.0,2460.0,0,0
MEN5011-KR-XL,22086.48,40,964.0,740.0,0,0
MEN5011-KR-XXL,11746.24,21,1768.0,1576.5,0,0
MEN5011-KR-XXXL,2677.43,5,4386.0,4401.5,0,0
MEN5012-KR-L,9746.0,17,2044.0,1923.5,0,0
MEN5012-KR-M,5169.81,9,3166.0,3188.5,0,0
MEN5012-KR-S,1154.0,2,5738.0,5959.0,0,0
MEN5012-KR-XL,4540.48,8,3413.0,3433.0,0,0
MEN5012-KR-XXXL,4598.0,8,3390.0,3433.0,0,0
MEN5013-KR-L,16029.48,28,1339.0,1147.0,0,0
MEN5013-KR-M,12966.43,25,1613.0,1307.0,0,0
MEN5013-KR-S,4104.0,7,3583.5,3717.5,0,0
MEN5013-KR-XL,9700.48,17,2054.0,1923.5,0,0
MEN5013-KR-XXL,8104.0,12,2350.0,2615.5,0,0
MEN5013-KR-XXXL,6809.0,11,2642.0,2774.0,0,0
MEN5014-KR-L,11447.0,19,1800.0,1731.0,0,0
MEN5014-KR-M,7735.0,14,2432.0,2308.0,0,0
MEN5014-KR-S,3290.24,7,4010.0,3717.5,0,0
MEN5014-KR-XL,5792.43,11,2944.0,2774.0,0,0
MEN5014-KR-XXL,9998.0,16,2009.0,2039.0,0,0
MEN5014-KR-XXXL,10003.57,17,2008.0,1923.5,0,0
MEN5015-KR-L,17330.0,32,1248.0,982.0,0,0
MEN5015-KR-M,15107.38,26,1410.0,1247.0,0,0
MEN5015-KR-S,605.0,3,6512.5,5335.5,0,0
MEN5015-KR-XL,19886.0,35,1064.0,881.0,0,0
MEN5015-KR-XXL,10468.33,18,1938.0,1819.5,0,0
MEN5016-KR-M,1592.38,3,5261.0,5335.5,0,0
MEN5016-KR-S,1445.0,3,5434.0,5335.5,0,0
MEN5016-KR-XXL,1298.33,2,5561.0,5959.0,0,0
MEN5016-KR-XXXL,4704.76,10,3352.0,2967.0,0,0
MEN5017-KR-L,6843.86,12,2629.0,2615.5,0,0
MEN5017-KR-M,6617.86,12,2694.0,2615.5,0,0
MEN5017-KR-S,6262.0,9,2794.0,3188.5,0,0
MEN5017-KR-XL,10908.0,19,1875.0,1731.0,0,0
MEN5018-KR-L,15325.0,27,1393.0,1190.5,0,0
MEN5018-KR-M,4618.0,8,3381.0,3433.0,0,0
MEN5018-KR-S,2441.0,4,4561.5,4820.5,0,0
MEN5018-KR-XL,8242.0,14,2324.0,2308.0,0,0
MEN5018-KR-XXL,4900.0,8,3276.0,3433.0,0,0
MEN5018-KR-XXXL,7656.0,12,2454.0,2615.5,0,0
MEN5019-KR-L,2665.33,5,4396.0,4401.5,0,0
MEN5019-KR-M,18008.14,31,1188.0,1019.5,0,0
MEN5019-KR-S,3328.0,7,3992.0,3717.5,0,0
MEN5019-KR-XL,18520.0,36,1156.0,849.5,0,0
MEN5019-KR-XXL,11152.33,21,1832.0,1576.5,0,0
MEN5019-KR-XXXL,10062.66,20,2002.0,1651.5,0,0
MEN5020-KR-S,3604.0,7,3820.0,3717.5,0,0
MEN5020-KR-XXXL,9251.0,18,2140.0,1819.5,0,0
MEN5021-KR-L,26079.0,38,793.0,786.5,0,0
MEN5021-KR-M,20985.24,36,1011.0,849.5,0,0
MEN5021-KR-S,6659.86,10,2681.0,2967.0,0,0
MEN5021-KR-XL,28070.24,46,710.0,616.0,0,0
MEN5021-KR-XXL,12043.62,21,1725.0,1576.5,0,0
MEN5021-KR-XXXL,12231.0,19,1703.0,1731.0,0,0
MEN5022-KR-L,30597.76,51,624.0,540.5,0,0
MEN5022-KR-M,15711.86,28,1360.0,1147.0,0,0
MEN5022-KR-S,14477.0,23,1465.0,1445.0,0,0
MEN5022-KR-XL,26683.0,42,767.0,698.0,0,0
MEN5022-KR-XXL,34393.62,56,538.0,460.0,0,0
MEN5022-KR-XXXL,24101.72,40,878.0,740.0,0,0
MEN5023-KR-L,22247.0,37,957.0,816.5,0,0
MEN5023-KR-M,26151.58,42,789.0,698.0,0,0
MEN5023-KR-S,10365.0,16,1958.0,2039.0,0,0
MEN5023-KR-XL,34584.67,55,535.0,474.0,0,0
MEN5023-KR-XXL,20004.0,30,1057.0,1061.0,0,0
MEN5023-KR-XXXL,14305.0,25,1482.0,1307.0,0,0
MEN5024-KR-L,22092.38,37,963.0,816.5,0,0
MEN5024-KR-M,19867.38,34,1065.0,912.5,0,0
MEN5024-KR-S,8182.38,15,2333.0,2166.0,0,0
MEN5024-KR-XL,7812.14,15,2412.0,2166.0,0,0
MEN5024-KR-XXL,9074.76,16,2166.0,2039.0,0,0
MEN5024-KR-XXXL,10449.29,18,1943.0,1819.5,0,0
MEN5025-KR-L,16089.0,27,1334.0,1190.5,0,0
MEN5025-KR-M,21696.62,36,976.0,849.5,0,0
MEN5025-KR-S,20050.86,35,1054.0,881.0,0,0
MEN5025-KR-XL,29461.0,52,666.0,526.5,0,0
MEN5025-KR-XXL,24347.72,41,867.0,718.0,0,0
MEN5025-KR-XXXL,26933.11,46,761.0,616.0,0,0
MEN5026-KR-L,8708.96,17,2230.0,1923.5,0,0
MEN5026-KR-M,9440.48,16,2107.0,2039.0,0,0
MEN5026-KR-S,2946.48,6,4207.0,4040.0,0,0
MEN5026-KR-XL,14738.24,25,1442.0,1307.0,0,0
MEN5026-KR-XXL,5533.0,9,3041.0,3188.5,0,0
MEN5026-KR-XXXL,7123.0,11,2566.0,2774.0,0,0
MEN5027-KR-L,14985.38,27,1419.0,1190.5,0,0
MEN5027-KR-M,15792.9,30,1356.0,1061.0,0,0
MEN5027-KR-S,3775.0,7,3743.0,3717.5,0,0
MEN5027-KR-XL,14326.0,25,1478.0,1307.0,0,0
MEN5027-KR-XXL,11296.0,20,1812.0,1651.5,0,0
MEN5027-KR-XXXL,2051.0,4,4864.0,4820.5,0,0
MEN5028-KR-L,11614.0,20,1780.0,1651.5,0,0
MEN5028-KR-M,14734.24,25,1443.0,1307.0,0,0
MEN5028-KR-S,2464.72,4,4544.0,4820.5,0,0
MEN5028-KR-XL,12923.24,24,1623.0,1377.5,0,0
MEN5028-KR-XXL,9896.0,16,2028.0,2039.0,0,0
MEN5028-KR-XXXL,8641.0,14,2248.5,2308.0,0,0
MEN5029-KR-L,13421.38,25,1562.0,1307.0,0,0
MEN5029-KR-M,15328.0,28,1391.0,1147.0,0,0
MEN5029-KR-S,3906.0,9,3683.0,3188.5,1,0
MEN5029-KR-XL,8736.0,17,2226.0,1923.5,0,0
MEN5029-KR-XXL,8529.0,15,2273.0,2166.0,0,0
MEN5029-KR-XXXL,1220.24,2,5640.5,5959.0,0,0
MEN5030-KR-L,590.0,1,6566.0,6746.5,0,1
MEN5030-KR-M,1946.0,4,4950.5,4820.5,0,0
MEN5030-KR-S,900.0,2,6080.5,5959.0,0,0
MEN5030-KR-XL,1632.0,3,5220.5,5335.5,0,0
MEN5030-KR-XXL,2532.0,5,4500.0,4401.5,0,0
MEN5030-KR-XXXL,4718.0,9,3345.0,3188.5,0,0
MEN5031-KR-L,7405.0,12,2502.0,2615.5,0,0
MEN5031-KR-M,7704.72,13,2441.0,2460.0,0,0
MEN5031-KR-S,3768.0,6,3750.0,4040.0,0,0
MEN5031-KR-XL,9521.86,15,2089.0,2166.0,0,0
MEN5031-KR-XXL,8663.86,15,2243.0,2166.0,0,0
MEN5031-KR-XXXL,8907.58,15,2197.0,2166.0,0,0
MEN5032-KR-L,24409.24,40,866.0,740.0,0,0
MEN5032-KR-M,16046.38,26,1338.0,1247.0,0,0
MEN5032-KR-S,30247.71,45,637.0,637.0,0,0
MEN5032-KR-XL,29944.53,47,654.0,601.0,0,0
MEN5032-KR-XXL,33195.48,45,568.0,637.0,0,0
MEN5032-KR-XXXL,12723.85,21,1640.0,1576.5,0,0
NW001-TP-PJ-L,8325.0,16,2302.0,2039.0,0,0
NW001-TP-PJ-M,10100.0,18,1995.0,1819.5,0,0
NW001-TP-PJ-S,7718.0,14,2437.0,2308.0,0,0
NW001-TP-PJ-XL,8120.33,16,2346.0,2039.0,0,0
NW001-TP-PJ-XS,2180.0,4,4758.5,4820.5,0,0
NW001-TP-PJ-XXL,8786.0,17,2215.0,1923.5,0,0
NW001-TP-PJ-XXXL,6203.38,11,2804.0,2774.0,0,0
NW002-TP-PJ-L,5982.0,13,2877.0,2460.0,0,0
NW002-TP-PJ-M,3735.0,8,3765.5,3433.0,1,0
NW002-TP-PJ-S,1384.0,3,5475.0,5335.5,0,0
NW002-TP-PJ-XL,3195.0,7,4060.0,3717.5,0,0
NW002-TP-PJ-XS,1079.0,2,5819.0,5959.0,0,0
NW002-TP-PJ-XXL,892.43,2,6096.0,5959.0,0,0
NW002-TP-PJ-XXXL,4192.0,9,3549.0,3188.5,0,0
NW003-TP-PJ-L,8961.0,18,2184.0,1819.5,0,0
NW003-TP-PJ-M,7434.43,16,2492.0,2039.0,0,0
NW003-TP-PJ-S,3459.0,8,3917.0,3433.0,1,0
NW003-TP-PJ-XL,6593.0,13,2702.0,2460.0,0,0
NW003-TP-PJ-XS,5250.29,10,3138.0,2967.0,0,0
NW003-TP-PJ-XXL,6625.0,13,2689.0,2460.0,0,0
NW003-TP-PJ-XXXL,5102.0,10,3200.0,2967.0,0,0
NW004-TP-PJ-L,8623.0,19,2251.0,1731.0,0,0
NW004-TP-PJ-M,8244.38,17,2323.0,1923.5,0,0
NW004-TP-PJ-S,3489.0,7,3900.0,3717.5,0,0
NW004-TP-PJ-XL,5784.0,12,2948.0,2615.5,0,0
NW004-TP-PJ-XS,1886.0,4,5004.0,4820.5,0,0
NW004-TP-PJ-XXL,6839.0,14,2630.0,2308.0,0,0
NW004-TP-PJ-XXXL,16879.28,36,1286.0,849.5,0,0
NW005-ST-PJ-L,12026.48,21,1728.0,1576.5,0,0
NW005-ST-PJ-M,14445.43,25,1468.0,1307.0,0,0
NW005-ST-PJ-S,8238.0,14,2325.0,2308.0,0,0
NW005-ST-PJ-XL,19455.0,35,1089.0,881.0,0,0
NW005-ST-PJ-XS,6417.24,11,2756.0,2774.0,0,0
NW005-ST-PJ-XXL,14365.48,25,1474.0,1307.0,0,0
NW005-ST-PJ-XXXL,12072.48,22,1720.0,1507.5,0,0
NW006-ST-SR-L,1101.0,2,5793.0,5959.0,0,0
NW006-ST-SR-M,962.0,2,6007.5,5959.0,0,0
NW006-ST-SR-S,2594.0,5,4448.0,4401.5,0,0
NW006-ST-SR-XL,1473.0,3,5389.0,5335.5,0,0
NW006-ST-SR-XS,496.0,1,6748.5,6746.5,0,1
NW006-ST-SR-XXXL,1503.43,3,5349.0,5335.5,0,0
NW007-ST-CP-L,1657.0,3,5188.0,5335.5,0,0
NW007-ST-CP-XL,560.0,1,6625.0,6746.5,0,1
NW007-ST-CP-XXL,2777.0,5,4322.0,4401.5,0,0
NW007-ST-CP-XXXL,4034.0,7,3613.5,3717.5,0,0
NW008-ST-CP-L,4573.0,8,3397.0,3433.0,0,0
NW008-ST-CP-M,2838.0,5,4286.5,4401.5,0,0
NW008-ST-CP-S,3386.0,6,3962.0,4040.0,0,0
NW008-ST-CP-XL,3403.0,6,3954.0,4040.0,0,0
NW008-ST-CP-XS,1164.0,2,5731.5,5959.0,0,0
NW008-ST-CP-XXL,5824.0,10,2937.0,2967.0,0,0
NW008-ST-CP-XXXL,7539.0,13,2472.0,2460.0,0,0
NW009-ST-CP-L,7869.14,14,2403.0,2308.0,0,0
NW009-ST-CP-M,3920.0,7,3678.0,3717.5,0,0
NW009-ST-CP-S,1706.0,3,5150.0,5335.5,0,0
NW009-ST-CP-XL,3976.0,7,3641.0,3717.5,0,0
NW009-ST-CP-XS,2240.0,4,4711.0,4820.5,0,0
NW009-ST-CP-XXL,5118.0,9,3191.0,3188.5,0,0
NW009-ST-CP-XXXL,4076.0,7,3598.0,3717.5,0,0
NW012-TP-PJ-L,14459.84,29,1467.0,1109.0,0,0
NW012-TP-PJ-M,26496.57,50,773.0,554.5,0,0
NW012-TP-PJ-S,5384.0,11,3090.0,2774.0,0,0
NW012-TP-PJ-XL,22142.0,41,960.0,718.0,0,0
NW012-TP-PJ-XS,19026.0,35,1117.5,881.0,0,0
NW012-TP-PJ-XXL,23521.33,45,906.0,637.0,0,0
NW012-TP-PJ-XXXL,19211.43,37,1104.0,816.5,0,0
NW013-ST-SR-L,8145.0,17,2339.0,1923.5,0,0
NW013-ST-SR-M,9172.0,19,2152.0,1731.0,0,0
NW013-ST-SR-S,5728.0,12,2969.0,2615.5,0,0
NW013-ST-SR-XL,1942.0,5,4955.5,4401.5,0,0
NW013-ST-SR-XS,2881.0,6,4254.5,4040.0,0,0
NW013-ST-SR-XXL,7177.24,15,2556.0,2166.0,0,0
NW013-ST-SR-XXXL,12507.0,26,1666.5,1247.0,0,0
NW014-ST-SR-L,10197.19,19,1984.0,1731.0,0,0
NW014-ST-SR-M,8698.0,17,2233.0,1923.5,0,0
NW014-ST-SR-S,7744.0,14,2429.0,2308.0,0,0
NW014-ST-SR-XL,5407.0,10,3083.0,2967.0,0,0
NW014-ST-SR-XS,2753.0,5,4341.0,4401.5,0,0
NW014-ST-SR-XXL,6199.0,11,2805.0,2774.0,0,0
NW014-ST-SR-XXXL,8827.0,16,2206.0,2039.0,0,0
NW015-TP-PJ-L,1034.0,2,5889.0,5959.0,0,0
NW015-TP-PJ-M,11189.0,21,1825.0,1576.5,0,0
NW015-TP-PJ-S,7631.28,15,2460.0,2166.0,0,0
NW015-TP-PJ-XL,3707.0,7,3776.0,3717.5,0,0
NW015-TP-PJ-XS,2096.0,4,4817.0,4820.5,0,0
NW015-TP-PJ-XXL,14595.0,29,1458.0,1109.0,0,0
NW015-TP-PJ-XXXL,1034.0,2,5889.0,5959.0,0,0
NW016-ST-SR-L,9147.19,18,2155.0,1819.5,0,0
NW016-ST-SR-M,10420.43,20,1947.0,1651.5,0,0
NW016-ST-SR-S,17863.81,33,1204.0,945.5,0,0
NW016-ST-SR-XL,10722.76,19,1903.0,1731.0,0,0
NW016-ST-SR-XS,11833.81,22,1753.0,1507.5,0,0
NW016-ST-SR-XXL,4361.43,8,3481.0,3433.0,0,0
NW016-ST-SR-XXXL,5902.42,11,2911.0,2774.0,0,0
NW020-ST-SR-L,14077.76,27,1502.0,1190.5,0,0
NW020-ST-SR-S,5484.0,10,3063.0,2967.0,0,0
NW020-ST-SR-XL,8789.14,17,2214.0,1923.5,0,0
NW020-ST-SR-XS,10354.0,19,1962.0,1731.0,0,0
NW020-ST-SR-XXL,9118.0,17,2158.0,1923.5,0,0
NW020-ST-SR-XXXL,10380.0,20,1955.0,1651.5,0,0
NW022-TP-PJ-L,1180.0,3,5711.0,5335.5,0,0
NW022-TP-PJ-M,2360.0,4,4626.5,4820.5,0,0
NW022-TP-PJ-S,744.0,1,6298.0,6746.5,0,0
NW022-TP-PJ-XL,4720.0,8,3344.0,3433.0,0,0
NW022-TP-PJ-XS,7839.0,13,2407.5,2460.0,0,0
NW022-TP-PJ-XXL,6502.0,11,2722.0,2774.0,0,0
NW022-TP-PJ-XXXL,2903.9,5,4241.0,4401.5,0,0
NW023-ST-SR-L,517.0,1,6712.5,6746.5,0,1
NW023-ST-SR-XL,699.0,1,6333.5,6746.5,0,0
NW024-TP-PJ-L,1120.0,2,5779.5,5959.0,0,0
NW024-TP-PJ-M,2265.33,5,4693.0,4401.5,0,0
NW024-TP-PJ-S,5677.33,10,2983.0,2967.0,0,0
NW024-TP-PJ-XL,4610.0,8,3383.0,3433.0,0,0
NW024-TP-PJ-XS,3421.0,6,3936.0,4040.0,0,0
NW024-TP-PJ-XXL,7979.1,14,2380.0,2308.0,0,0
NW024-TP-PJ-XXXL,2755.66,5,4340.0,4401.5,0,0
NW027-TP-PJ-M,1839.0,3,5030.5,5335.5,0,0
NW027-TP-PJ-S,4291.0,7,3511.5,3717.5,0,0
NW027-TP-PJ-XL,613.0,1,6486.0,6746.5,0,0
NW027-TP-PJ-XS,2434.0,4,4568.0,4820.5,0,0
NW027-TP-PJ-XXL,5517.0,9,3048.0,3188.5,0,0
NW027-TP-PJ-XXXL,4291.0,7,3511.5,3717.5,0,0
NW028-TP-PJ-L,1102.0,2,5791.5,5959.0,0,0
NW028-TP-PJ-M,1689.0,3,5169.5,5335.5,0,0
NW028-TP-PJ-S,539.0,1,6648.0,6746.5,0,1
NW028-TP-PJ-XL,1641.0,3,5203.5,5335.5,0,0
NW028-TP-PJ-XS,539.0,1,6648.0,6746.5,0,1
NW028-TP-PJ-XXL,2222.0,4,4720.0,4820.5,0,0
NW028-TP-PJ-XXXL,1126.0,2,5772.0,5959.0,0,0
NW029-ST-SR-L,8641.0,18,2248.5,1819.5,0,0
NW029-ST-SR-M,7731.43,16,2433.0,2039.0,0,0
NW029-ST-SR-S,9416.0,21,2112.5,1576.5,0,0
NW029-ST-SR-XL,4633.0,10,3371.0,2967.0,0,0
NW029-ST-SR-XS,6587.0,14,2705.0,2308.0,0,0
NW029-ST-SR-XXL,6486.0,14,2728.0,2308.0,0,0
NW029-ST-SR-XXXL,7292.33,17,2522.0,1923.5,0,0
NW030-TP-PJ-L,16874.1,29,1287.0,1109.0,0,0
NW030-TP-PJ-M,15212.29,27,1402.0,1190.5,0,0
NW030-TP-PJ-S,12653.39,22,1649.0,1507.5,0,0
NW030-TP-PJ-XL,19995.16,35,1058.0,881.0,0,0
NW030-TP-PJ-XS,13850.0,23,1522.0,1445.0,0,0
NW030-TP-PJ-XXL,18672.16,32,1142.0,982.0,0,0
NW030-TP-PJ-XXXL,4656.0,8,3366.0,3433.0,0,0
NW031-TP-PJ-L,2978.0,5,4192.5,4401.5,0,0
NW031-TP-PJ-M,10141.39,17,1991.0,1923.5,0,0
NW031-TP-PJ-S,3526.0,6,3874.0,4040.0,0,0
NW031-TP-PJ-XL,1746.0,3,5110.5,5335.5,0,0
NW031-TP-PJ-XS,3543.0,6,3861.0,4040.0,0,0
NW031-TP-PJ-XXL,5825.48,10,2936.0,2967.0,0,0
NW031-TP-PJ-XXXL,4667.48,8,3363.0,3433.0,0,0
NW032-ST-CP-L,3493.0,7,3893.0,3717.5,0,0
NW032-ST-CP-M,2601.0,5,4444.0,4401.5,0,0
NW032-ST-CP-S,496.0,1,6748.5,6746.5,0,1
NW032-ST-CP-XL,3478.0,7,3908.0,3717.5,0,0
NW032-ST-CP-XS,496.0,1,6748.5,6746.5,0,1
NW032-ST-CP-XXL,3493.0,7,3893.0,3717.5,0,0
NW032-ST-CP-XXXL,2461.38,4,4546.0,4820.5,0,0
NW033-ST-CP-L,1099.0,2,5795.5,5959.0,0,0
NW033-ST-CP-M,582.0,2,6584.5,5959.0,0,0
NW033-ST-CP-S,1164.0,2,5731.5,5959.0,0,0
NW033-ST-CP-XL,541.0,1,6645.5,6746.5,0,1
NW033-ST-CP-XS,3396.0,6,3956.5,4040.0,0,0
NW033-ST-CP-XXL,2280.0,4,4683.0,4820.5,0,0
NW033-ST-CP-XXXL,3385.0,6,3963.0,4040.0,0,0
NW034-TP-PJ-L,8617.0,13,2253.0,2460.0,0,0
NW034-TP-PJ-M,8538.0,14,2269.5,2308.0,0,0
NW034-TP-PJ-S,1226.0,3,5636.5,5335.5,0,0
NW034-TP-PJ-XL,17012.0,27,1270.5,1190.5,0,0
NW034-TP-PJ-XS,8689.0,14,2236.0,2308.0,0,0
NW034-TP-PJ-XXL,16749.0,28,1293.0,1147.0,0,0
NW034-TP-PJ-XXXL,16899.72,28,1282.0,1147.0,0,0
NW035-ST-CP-L,2311.0,5,4659.5,4401.5,0,0
NW035-ST-CP-M,4125.0,7,3578.0,3717.5,0,0
NW035-ST-CP-S,2345.0,5,4634.0,4401.5,0,0
NW035-ST-CP-XL,582.0,1,6584.5,6746.5,0,1
NW035-ST-CP-XS,4125.0,7,3578.0,3717.5,0,0
NW035-ST-CP-XXL,2961.0,5,4198.0,4401.5,0,0
NW035-ST-CP-XXXL,4873.0,8,3288.0,3433.0,0,0
NW036-ST-SR-L,539.0,1,6648.0,6746.5,0,1
NW036-ST-SR-M,2761.0,5,4332.0,4401.5,0,0
NW036-ST-SR-S,3757.0,8,3754.0,3433.0,1,0
NW036-ST-SR-XS,1617.0,3,5236.0,5335.5,0,0
NW036-ST-SR-XXL,1683.0,3,5174.0,5335.5,0,0
NW036-ST-SR-XXXL,1102.0,2,5791.5,5959.0,0,0
NW037-TP-SR-L,10455.0,22,1942.0,1507.5,0,0
NW037-TP-SR-M,6257.0,14,2795.0,2308.0,0,0
NW037-TP-SR-S,5101.0,13,3201.0,2460.0,0,0
NW037-TP-SR-XL,6292.0,15,2783.5,2166.0,0,0
NW037-TP-SR-XS,4470.0,10,3435.0,2967.0,0,0
NW037-TP-SR-XXL,8058.62,18,2357.0,1819.5,0,0
NW037-TP-SR-XXXL,3570.0,8,3845.0,3433.0,1,0
NW038-ST-SR-L,2657.0,5,4406.0,4401.5,0,0
NW038-ST-SR-M,2018.76,4,4887.0,4820.5,0,0
NW038-ST-SR-XL,5266.0,10,3132.5,2967.0,0,0
NW038-ST-SR-XS,517.0,1,6712.5,6746.5,0,1
NW038-ST-SR-XXL,4168.0,8,3557.5,3433.0,0,0
NW038-ST-SR-XXXL,1551.0,3,5311.0,5335.5,0,0
NW038-TP-SR-L,541.0,1,6645.5,6746.5,0,1
NW039-TP-SR-L,5529.0,11,3043.0,2774.0,0,0
NW039-TP-SR-M,6424.0,13,2750.5,2460.0,0,0
NW039-TP-SR-S,5449.0,11,3073.0,2774.0,0,0
NW039-TP-SR-XL,5457.0,11,3070.0,2774.0,0,0
NW039-TP-SR-XS,2475.0,5,4537.0,4401.5,0,0
NW039-TP-SR-XXL,3949.0,8,3657.0,3433.0,1,0
NW039-TP-SR-XXXL,5940.0,12,2891.0,2615.5,0,0
PJ0096-KR-N-4XL,6284.25,6,2786.0,4040.0,0,0
PJ0096-KR-N-5XL,15392.0,17,1384.0,1923.5,0,0
PJ0096-KR-N-6XL,8480.0,10,2279.0,2967.0,0,0
PJNE1906-KR-N-4XL,9468.38,11,2099.0,2774.0,0,0
PJNE1906-KR-N-5XL,6706.0,9,2668.5,3188.5,0,0
PJNE1906-KR-N-6XL,2860.0,4,4270.0,4820.5,0,0
PJNE2014-KR-N-4XL,12138.0,20,1713.0,1651.5,0,0
PJNE2014-KR-N-5XL,17632.0,26,1222.0,1247.0,0,0
PJNE2014-KR-N-6XL,30120.0,43,645.0,676.0,0,0
PJNE2100-KR-N-4XL,9929.0,15,2022.0,2166.0,0,0
PJNE2100-KR-N-5XL,23124.0,37,926.0,816.5,0,0
PJNE2100-KR-N-6XL,29146.29,49,674.0,570.0,0,0
PJNE2171-KR-N-4XL,12089.0,11,1716.0,2774.0,0,0
PJNE2171-KR-N-5XL,27745.96,27,725.0,1190.5,0,0
PJNE2171-KR-N-6XL,35818.0,35,497.0,881.0,0,0
PJNE2199-KR-N-4XL,32013.0,53,588.0,508.0,0,0
PJNE2199-KR-N-5XL,30529.0,49,628.0,570.0,0,0
PJNE2199-KR-N-6XL,53874.0,80,266.0,260.5,0,0
PJNE2270-KR-N-4XL,6379.0,7,2765.5,3717.5,0,0
PJNE2270-KR-N-5XL,7926.0,9,2393.0,3188.5,0,0
PJNE2270-KR-N-6XL,6462.0,6,2737.0,4040.0,0,0
PJNE3068-KR-4XL,54124.38,57,263.0,447.0,0,0
PJNE3068-KR-5XL,27112.0,26,755.0,1247.0,0,0
PJNE3068-KR-6XL,50857.1,54,293.0,489.5,0,0
PJNE3252-KR-N-4XL,18929.0,24,1126.0,1377.5,0,0
PJNE3252-KR-N-5XL,27432.0,31,743.0,1019.5,0,0
PJNE3252-KR-N-6XL,55930.0,68,248.0,337.0,0,0
PJNE3291-KR-4XL,13557.24,16,1546.0,2039.0,0,0
PJNE3291-KR-5XL,18929.8,25,1125.0,1307.0,0,0
PJNE3291-KR-6XL,27014.62,34,758.0,912.5,0,0
PJNE3363-KR-N-4XL,3938.48,6,3665.0,4040.0,0,0
PJNE3363-KR-N-5XL,18026.05,24,1185.0,1377.5,0,0
PJNE3363-KR-N-6XL,5916.62,8,2905.0,3433.0,0,0
PJNE3364-KR-4XL,2124.0,3,4796.0,5335.5,0,0
PJNE3364-KR-5XL,9402.48,13,2116.0,2460.0,0,0
PJNE3364-KR-6XL,12817.38,18,1634.0,1819.5,0,0
PJNE3368-KR-4XL,11022.0,14,1853.0,2308.0,0,0
PJNE3368-KR-5XL,17393.62,23,1244.0,1445.0,0,0
PJNE3368-KR-6XL,18913.06,25,1128.0,1307.0,0,0
PJNE3373-KR-N-4XL,22827.0,30,937.0,1061.0,0,0
PJNE3373-KR-N-5XL,10916.58,14,1873.0,2308.0,0,0
PJNE3373-KR-N-6XL,51398.0,67,285.0,345.0,0,0
PJNE3399-KR-N-4XL,25718.67,39,808.0,761.5,0,0
PJNE3399-KR-N-5XL,34649.0,51,532.0,540.5,0,0
PJNE3399-KR-N-6XL,49392.0,70,309.0,321.5,0,0
PJNE3404-KR-N-4XL,4098.0,6,3587.0,4040.0,0,0
PJNE3404-KR-N-5XL,2155.0,3,4774.0,5335.5,0,0
PJNE3404-KR-N-6XL,3550.29,6,3856.0,4040.0,0,0
PJNE3405-KR-N-4XL,962.0,2,6007.5,5959.0,0,0
PJNE3405-KR-N-5XL,8427.0,14,2288.0,2308.0,0,0
PJNE3405-KR-N-6XL,2207.0,4,4731.0,4820.5,0,0
PJNE3421-KR-N-4XL,7685.0,9,2444.5,3188.5,0,0
PJNE3421-KR-N-5XL,6475.0,8,2733.0,3433.0,0,0
PJNE3421-KR-N-6XL,9085.0,10,2164.0,2967.0,0,0
PJNE3423-KR-N-4XL,6453.0,9,2742.0,3188.5,0,0
PJNE3423-KR-N-5XL,10883.0,16,1879.0,2039.0,0,0
PJNE3423-KR-N-6XL,5295.0,7,3123.5,3717.5,0,0
PJNE3439-KR-N-4XL,2775.0,3,4325.0,5335.5,0,0
PJNE3439-KR-N-5XL,925.0,2,6047.0,5959.0,0,0
PJNE3439-KR-N-6XL,0.0,1,7187.5,6746.5,0,1
PJNE3440-KR-N-4XL,11018.0,17,1855.0,1923.5,0,0
PJNE3440-KR-N-5XL,21375.85,31,992.0,1019.5,0,0
PJNE3440-KR-N-6XL,16344.9,22,1318.0,1507.5,0,0
PJNE3445-KR-N-4XL,1530.0,2,5330.0,5959.0,0,0
PJNE3445-KR-N-5XL,4460.0,5,3440.0,4401.5,0,0
PJNE3445-KR-N-6XL,3700.0,4,3779.5,4820.5,0,0
PJNE3568-KR-N-4XL,7612.0,11,2465.5,2774.0,0,0
PJNE3568-KR-N-5XL,10463.29,14,1939.0,2308.0,0,0
PJNE3568-KR-N-6XL,10169.0,16,1987.0,2039.0,0,0
PJNE3607-KR-4XL,3617.0,6,3815.0,4040.0,0,0
PJNE3607-KR-5XL,11487.0,15,1797.0,2166.0,0,0
PJNE3607-KR-6XL,10484.0,14,1935.0,2308.0,0,0
PSET043-KR-NP-4XL,3785.0,3,3735.0,5335.5,0,0
PSET043-KR-NP-5XL,6999.0,6,2593.5,4040.0,0,0
PSET043-KR-NP-6XL,9125.0,6,2157.0,4040.0,0,0
PSET058-KR-NP-4XL,4846.0,5,3298.0,4401.5,0,0
PSET058-KR-NP-5XL,1476.0,2,5382.5,5959.0,0,0
PSET058-KR-NP-6XL,1216.07,1,5643.0,6746.5,0,0
PSET264-KR-NP-4XL,27732.0,23,726.0,1445.0,0,0
PSET264-KR-NP-5XL,32237.0,27,585.0,1190.5,0,0
PSET264-KR-NP-6XL,52859.0,48,273.0,584.5,0,0
PSET268-KR-NP-4XL,21554.24,17,980.0,1923.5,0,0
PSET268-KR-NP-5XL,27837.0,24,720.0,1377.5,0,0
PSET268-KR-NP-6XL,32058.0,26,586.0,1247.0,0,0
SAR023,790.0,1,6244.0,6746.5,0,0
SAR024,1580.0,2,5275.5,5959.0,0,0
SAR025,772.0,1,6262.0,6746.5,0,0
SAR026,790.0,1,6244.0,6746.5,0,0
SAR027,1977.0,3,4918.5,5335.5,0,0
SAR028,659.0,1,6392.0,6746.5,0,0
SAR029,2571.0,4,4468.0,4820.5,0,0
SAR030,898.0,1,6091.5,6746.5,0,0
SAR032,772.0,1,6262.0,6746.5,0,0
SAR034,1562.0,2,5294.0,5959.0,0,0
SAR036,2211.0,3,4729.0,5335.5,0,0
SAR037,2436.9,3,4563.0,5335.5,0,0
SAR039,956.0,1,6013.0,6746.5,0,0
SAR040,2583.0,3,4461.0,5335.5,0,0
SAR041,989.0,1,5948.0,6746.5,0,0
SAR042,989.0,1,5948.0,6746.5,0,0
SAR046,667.0,1,6382.0,6746.5,0,0
SAR048,2882.62,5,4252.0,4401.5,0,0
SAR049,598.0,1,6558.5,6746.5,0,1
SAR051,1784.0,2,5078.0,5959.0,0,0
SAR053,1798.0,2,5064.5,5959.0,0,0
SAR056,790.0,1,6244.0,6746.5,0,0
SAR059,885.0,1,6115.0,6746.5,0,0
SAR060,605.0,1,6512.5,6746.5,0,1
SAR061,2669.0,3,4393.0,5335.5,0,0
SAR062,6193.19,6,2807.0,4040.0,0,0
SAR066,2053.0,3,4860.5,5335.5,0,0
SAR068,2683.0,3,4383.0,5335.5,0,0
SAR069,13124.57,15,1596.0,2166.0,0,0
SAR070,3554.0,4,3853.0,4820.5,0,0
SAR071,899.0,1,6086.0,6746.5,0,0
SAR076,920.0,1,6054.0,6746.5,0,0
SAR091,1126.0,2,5772.0,5959.0,0,0
SAR092,1731.0,3,5119.0,5335.5,0,0
SAR096,648.0,1,6414.5,6746.5,0,0
SAR097,648.0,1,6414.5,6746.5,0,0
SAR098,648.0,1,6414.5,6746.5,0,0
SAR100,1168.0,2,5726.5,5959.0,0,0
SAR101,616.0,1,6483.0,6746.5,0,0
SAR102,563.0,1,6617.5,6746.5,0,1
SAR107,563.0,1,6617.5,6746.5,0,1
SAR108,1168.0,2,5726.5,5959.0,0,0
SAR109,563.0,1,6617.5,6746.5,0,1
SAR110,1179.0,2,5714.0,5959.0,0,0
SAR112,1988.0,2,4912.0,5959.0,0,0
SAR113,948.0,1,6031.0,6746.5,0,0
SAR114,1240.0,2,5622.0,5959.0,0,0
SAR130,819.0,1,6216.5,6746.5,0,0
SAR132,648.0,1,6414.5,6746.5,0,0
SAR134,720.0,1,6316.5,6746.5,0,0
SAR135,3376.0,3,3966.0,5335.5,0,0
SAR136,1510.0,2,5344.0,5959.0,0,0
SAR137,3984.0,6,3638.0,4040.0,0,0
SAR138,1498.0,2,5356.5,5959.0,0,0
SAR140,749.0,1,6295.5,6746.5,0,0
SAR148,756.0,1,6286.5,6746.5,0,0
SAR149,756.0,1,6286.5,6746.5,0,0
SAR152,4104.0,6,3583.5,4040.0,0,0
SAR154,1361.0,2,5502.5,5959.0,0,0
SAR159,1049.0,1,5848.0,6746.5,0,0
SAR163,1483.0,2,5374.5,5959.0,0,0
SAR165,809.0,1,6225.5,6746.5,0,0
SAR166,770.48,1,6269.0,6746.5,0,0
SAR173,1498.0,2,5356.5,5959.0,0,0
SAR174,1364.0,2,5497.5,5959.0,0,0
SAR181,1747.0,2,5108.0,5959.0,0,0
SAR182,605.0,1,6512.5,6746.5,0,1
SET003-KR-NP-A-S,844.0,1,6176.0,6746.5,0,0
SET003-KR-NP-A-XXL,844.0,1,6176.0,6746.5,0,0
SET004-KR-SP-A-M,1358.0,2,5505.5,5959.0,0,0
SET004-KR-SP-A-S,3380.0,5,3965.0,4401.5,0,0
SET004-KR-SP-A-XL,2016.0,3,4889.0,5335.5,0,0
SET004-KR-SP-A-XS,1956.0,3,4938.0,5335.5,0,0
SET004-KR-SP-A-XXL,682.0,1,6363.0,6746.5,0,0
SET004-KR-SP-A-XXXL,6849.0,10,2625.0,2967.0,0,0
SET004-KR-SP-M,3491.0,5,3897.0,4401.5,0,0
SET004-KR-SP-S,682.0,1,6363.0,6746.5,0,0
SET004-KR-SP-XL,1364.0,2,5497.5,5959.0,0,0
SET004-KR-SP-XXL,1363.0,2,5500.5,5959.0,0,0
SET004-KR-SP-XXXL,1358.0,2,5505.5,5959.0,0,0
SET014-KR-PP-A-L,1636.0,2,5215.5,5959.0,0,0
SET014-KR-PP-A-M,3059.0,4,4137.0,4820.5,0,0
SET014-KR-PP-A-S,819.0,1,6216.5,6746.5,0,0
SET014-KR-PP-A-XL,2206.0,3,4732.5,5335.5,0,0
SET014-KR-PP-A-XS,783.0,1,6249.0,6746.5,0,0
SET014-KR-PP-A-XXL,818.0,1,6223.0,6746.5,0,0
SET014-KR-PP-A-XXXL,2456.0,3,4549.5,5335.5,0,0
SET014-KR-PP-L,4056.0,6,3606.0,4040.0,0,0
SET014-KR-PP-M,6952.0,9,2606.0,3188.5,0,0
SET014-KR-PP-S,4355.0,6,3482.5,4040.0,0,0
SET014-KR-PP-XL,18525.81,24,1155.0,1377.5,0,0
SET014-KR-PP-XS,4449.0,6,3443.0,4040.0,0,0
SET014-KR-PP-XXL,22981.0,30,931.0,1061.0,0,0
SET014-KR-PP-XXXL,4091.0,5,3592.0,4401.5,0,0
SET019-KR-PP-A-S,844.0,1,6176.0,6746.5,0,0
SET022-KR-SP-A-XXL,723.0,1,6313.5,6746.5,0,0
SET024-KR-SP-A-M,631.0,1,6457.0,6746.5,0,0
SET025-KR-SP-A-XS,604.0,1,6533.5,6746.5,0,1
SET026-KR-PP-A-XS,499.0,1,6732.0,6746.5,0,1
SET034-KR-NP-S,522.0,1,6669.5,6746.5,0,1
SET034-KR-NP-XL,545.0,1,6638.5,6746.5,0,1
SET034-KR-NP-XS,497.14,1,6746.0,6746.5,0,1
SET034-KR-NP-XXL,1067.0,2,5830.5,5959.0,0,0
SET034-KR-NP-XXXL,1633.0,3,5218.0,5335.5,0,0
SET036-KR-NP-XXXL,383.0,1,6912.0,6746.5,0,1
SET037-KR-NP-L,1134.0,2,5755.0,5959.0,0,0
SET037-KR-NP-M,567.0,1,6608.0,6746.5,0,1
SET037-KR-NP-S,2358.0,5,4628.0,4401.5,0,0
SET037-KR-NP-XL,4844.0,8,3300.0,3433.0,0,0
SET037-KR-NP-XXL,1829.0,3,5043.5,5335.5,0,0
SET037-KR-NP-XXXL,4896.0,9,3278.0,3188.5,0,0
SET038-KR-PP-L,5121.0,9,3188.0,3188.5,0,0
SET038-KR-PP-M,2837.0,5,4288.5,4401.5,0,0
SET038-KR-PP-S,3443.43,6,3925.0,4040.0,0,0
SET038-KR-PP-XL,1158.0,2,5737.0,5959.0,0,0
SET038-KR-PP-XS,2824.43,5,4295.0,4401.5,0,0
SET038-KR-PP-XXL,6877.43,12,2622.0,2615.5,0,0
SET038-KR-PP-XXXL,1763.0,3,5098.0,5335.5,0,0
SET043-KR-NP-L,18340.0,21,1171.0,1576.5,0,0
SET043-KR-NP-M,7276.0,9,2527.0,3188.5,0,0
SET043-KR-NP-S,6184.0,7,2813.0,3717.5,0,0
SET043-KR-NP-XL,5618.38,7,3006.0,3717.5,0,0
SET043-KR-NP-XS,2847.0,3,4278.0,5335.5,0,0
SET043-KR-NP-XXL,605.0,1,6512.5,6746.5,0,1
SET043-KR-NP-XXXL,4845.0,5,3299.0,4401.5,0,0
SET044-KR-NP-L,21491.86,36,986.0,849.5,0,0
SET044-KR-NP-M,19947.0,33,1060.0,945.5,0,0
SET044-KR-NP-S,18443.58,29,1161.0,1109.0,0,0
SET044-KR-NP-XL,32696.86,54,577.0,489.5,0,0
SET044-KR-NP-XS,10925.0,18,1872.0,1819.5,0,0
SET044-KR-NP-XXL,12852.0,21,1631.0,1576.5,0,0
SET044-KR-NP-XXXL,10979.86,18,1862.0,1819.5,0,0
SET045-KR-NP-M,639.0,1,6441.0,6746.5,0,0
SET048-KR-NP-L,10237.14,16,1977.0,2039.0,0,0
SET048-KR-NP-M,20995.0,33,1008.0,945.5,0,0
SET048-KR-NP-S,11472.0,18,1799.0,1819.5,0,0
SET048-KR-NP-XL,3814.14,6,3727.0,4040.0,0,0
SET048-KR-NP-XS,11563.0,18,1787.5,1819.5,0,0
SET048-KR-NP-XXL,2549.0,4,4486.0,4820.5,0,0
SET048-KR-NP-XXXL,5826.0,9,2935.0,3188.5,0,0
SET049-KR-NP-S,573.0,1,6600.0,6746.5,0,1
SET051-KR-NP-XXXL,941.0,2,6034.0,5959.0,0,0
SET053-KR-NP-L,3668.0,6,3790.0,4040.0,0,0
SET053-KR-NP-M,2401.48,4,4601.0,4820.5,0,0
SET053-KR-NP-S,1778.0,3,5082.0,5335.5,0,0
SET053-KR-NP-XL,5402.86,9,3084.0,3188.5,0,0
SET053-KR-NP-XS,2373.0,4,4615.5,4820.5,0,0
SET053-KR-NP-XXL,2399.86,5,4603.0,4401.5,0,0
SET053-KR-NP-XXXL,4863.86,8,3291.0,3433.0,0,0
SET055-KR-NP-L,4261.24,8,3525.0,3433.0,0,0
SET055-KR-NP-M,10975.52,18,1865.0,1819.5,0,0
SET055-KR-NP-S,2411.14,4,4594.0,4820.5,0,0
SET055-KR-NP-XL,4267.0,7,3523.0,3717.5,0,0
SET055-KR-NP-XS,2506.0,4,4511.0,4820.5,0,0
SET055-KR-NP-XXL,9176.0,15,2151.0,2166.0,0,0
SET055-KR-NP-XXXL,3017.0,5,4164.5,4401.5,0,0
SET058-KR-NP-L,57215.67,72,238.0,307.5,0,0
SET058-KR-NP-M,34006.67,42,545.0,698.0,0,0
SET058-KR-NP-S,20454.67,27,1036.0,1190.5,0,0
SET058-KR-NP-XL,63571.0,78,205.0,271.0,0,0
SET058-KR-NP-XS,2541.0,3,4492.0,5335.5,0,0
SET058-KR-NP-XXL,17689.0,21,1216.0,1576.5,0,0
SET058-KR-NP-XXXL,7113.66,10,2569.0,2967.0,0,0
SET060-KR-NP-XL,891.0,1,6101.5,6746.5,0,0
SET062-KR-SP-L,3228.0,5,4039.0,4401.5,0,0
SET062-KR-SP-M,5283.0,8,3128.0,3433.0,0,0
SET062-KR-SP-S,2052.0,3,4862.5,5335.5,0,0
SET062-KR-SP-XL,2737.0,4,4353.5,4820.5,0,0
SET062-KR-SP-XS,2662.0,4,4399.0,4820.5,0,0
SET062-KR-SP-XXL,3925.0,6,3675.0,4040.0,0,0
SET062-KR-SP-XXXL,4749.0,7,3332.0,3717.5,0,0
SET066-KR-PP-M,440.0,1,6834.0,6746.5,0,1
SET069-KR-NP-XS,612.0,1,6488.5,6746.5,0,0
SET070-KR-NP-XS,3257.0,4,4024.0,4820.5,0,0
SET072-KR-SHA-S,975.0,2,5971.0,5959.0,0,0
SET073-KR-SHA-L,13530.76,17,1548.0,1923.5,0,0
SET073-KR-SHA-M,21054.0,27,1002.0,1190.5,0,0
SET073-KR-SHA-S,15790.0,20,1357.0,1651.5,0,0
SET073-KR-SHA-XL,10460.0,14,1940.0,2308.0,0,0
SET073-KR-SHA-XS,13219.0,17,1582.0,1923.5,0,0
SET073-KR-SHA-XXL,3256.76,4,4025.0,4820.5,0,0
SET073-KR-SHA-XXXL,3296.0,4,4008.0,4820.5,0,0
SET075-KR-DH-L,5226.0,8,3149.0,3433.0,0,0
SET075-KR-DH-S,3197.0,5,4058.5,4401.5,0,0
SET075-KR-DH-XS,3197.0,4,4058.5,4820.5,0,0
SET075-KR-DH-XXL,1938.0,3,4959.0,5335.5,0,0
SET075-KR-DH-XXXL,2603.14,4,4434.0,4820.5,0,0
SET078-KR-NP-S,1377.0,3,5482.5,5335.5,0,0
SET078-KR-NP-XS,1982.0,4,4916.0,4820.5,0,0
SET083-KR-PP-L,605.0,1,6512.5,6746.5,0,1
SET083-KR-PP-XL,1943.0,3,4953.5,5335.5,0,0
SET083-KR-PP-XXL,1324.0,2,5540.5,5959.0,0,0
SET083-KR-PP-XXXL,1238.0,1,5626.0,6746.5,0,0
SET085-KR-PT-S,399.0,1,6888.0,6746.5,0,1
SET085-KR-PT-XS,1983.0,6,4915.0,4040.0,0,0
SET087-KR-PP-L,3568.0,4,3846.0,4820.5,0,0
SET087-KR-PP-M,6299.0,7,2781.0,3717.5,0,0
SET087-KR-PP-S,3612.0,4,3818.5,4820.5,0,0
SET087-KR-PP-XL,8942.0,10,2189.0,2967.0,0,0
SET087-KR-PP-XS,855.0,1,6157.0,6746.5,0,0
SET087-KR-PP-XXL,3498.0,4,3888.0,4820.5,0,0
SET087-KR-PP-XXXL,6067.0,8,2854.0,3433.0,0,0
SET091-KR-NP-S,994.0,2,5941.5,5959.0,0,0
SET091-KR-NP-XXL,499.0,1,6732.0,6746.5,0,1
SET091-KR-NP-XXXL,477.0,1,6782.5,6746.5,0,1
SET094-KR-NP-L,3989.9,5,3635.0,4401.5,0,0
SET094-KR-NP-M,1634.0,2,5217.0,5959.0,0,0
SET094-KR-NP-S,2879.0,4,4258.5,4820.5,0,0
SET094-KR-NP-XL,2274.0,3,4686.0,5335.5,0,0
SET094-KR-NP-XS,758.0,1,6283.0,6746.5,0,0
SET094-KR-NP-XXL,2510.0,3,4509.5,5335.5,0,0
SET094-KR-NP-XXXL,5896.0,7,2913.5,3717.5,0,0
SET097-KR-PP-L,2956.0,3,4200.5,5335.5,0,0
SET097-KR-PP-S,1082.0,1,5815.0,6746.5,0,0
SET097-KR-PP-XL,2168.0,4,4767.0,4820.5,0,0
SET097-KR-PP-XS,958.0,1,6012.0,6746.5,0,0
SET097-KR-PP-XXL,2645.0,3,4414.5,5335.5,0,0
SET097-KR-PP-XXXL,2292.0,3,4676.0,5335.5,0,0
SET098-KR-PP-L,28576.44,41,699.0,718.0,0,0
SET098-KR-PP-M,46888.0,66,339.0,354.5,0,0
SET098-KR-PP-S,59175.0,85,222.0,236.5,0,0
SET098-KR-PP-XL,11088.72,16,1846.0,2039.0,0,0
SET098-KR-PP-XXL,6338.0,9,2775.0,3188.5,0,0
SET098-KR-PP-XXXL,4859.0,7,3293.0,3717.5,0,0
SET100-KR-PP-L,878.0,1,6125.5,6746.5,0,0
SET100-KR-PP-M,1576.14,2,5281.0,5959.0,0,0
SET100-KR-PP-S,878.0,1,6125.5,6746.5,0,0
SET100-KR-PP-XL,4829.19,6,3303.0,4040.0,0,0
SET100-KR-PP-XS,1632.0,2,5220.5,5959.0,0,0
SET100-KR-PP-XXL,1591.0,2,5262.5,5959.0,0,0
SET100-KR-PP-XXXL,3858.95,5,3705.0,4401.5,0,0
SET103-KR-SP-S,611.0,1,6490.5,6746.5,0,1
SET110-KR-PP-L,56438.58,75,243.0,290.5,0,0
SET110-KR-PP-M,124574.61,164,51.0,75.0,0,0
SET110-KR-PP-S,98453.83,131,86.0,121.5,0,0
SET110-KR-PP-XL,39732.0,51,430.0,540.5,0,0
SET110-KR-PP-XS,70617.02,94,168.0,206.5,0,0
SET110-KR-PP-XXL,21053.0,27,1003.0,1190.5,0,0
SET110-KR-PP-XXXL,9450.29,12,2106.0,2615.5,0,0
SET111-KR-SP-XL,625.0,1,6469.0,6746.5,0,0
SET111-KR-SP-XXL,643.0,1,6433.5,6746.5,0,0
SET112-KR-SP-XS,772.0,1,6262.0,6746.5,0,0
SET114-KR-PP-XS,1791.0,3,5075.0,5335.5,0,0
SET116-KR-NP-L,9402.0,17,2117.0,1923.5,0,0
SET116-KR-NP-M,4072.86,7,3603.0,3717.5,0,0
SET116-KR-NP-S,2346.0,4,4632.0,4820.5,0,0
SET116-KR-NP-XL,2926.86,5,4224.0,4401.5,0,0
SET116-KR-NP-XS,6483.0,11,2730.0,2774.0,0,0
SET116-KR-NP-XXL,4724.0,8,3343.0,3433.0,0,0
SET116-KR-NP-XXXL,6424.0,11,2750.5,2774.0,0,0
SET121-KR-NP-L,1688.0,3,5171.5,5335.5,0,0
SET121-KR-NP-XS,1564.0,3,5291.5,5335.5,0,0
SET121-KR-NP-XXXL,990.0,2,5945.0,5959.0,0,0
SET128-KR-DH-L,17670.0,18,1219.0,1819.5,0,0
SET128-KR-DH-M,11550.61,12,1791.0,2615.5,0,0
SET128-KR-DH-S,8764.3,9,2221.0,3188.5,0,0
SET128-KR-DH-XL,8280.0,8,2318.0,3433.0,0,0
SET128-KR-DH-XS,6045.1,6,2857.0,4040.0,0,0
SET128-KR-DH-XXL,9678.0,10,2059.0,2967.0,0,0
SET128-KR-DH-XXXL,5648.0,6,2996.0,4040.0,0,0
SET129-KR-NP-XL,880.0,2,6124.0,5959.0,0,0
SET130-KR-NP-L,3477.0,6,3909.0,4040.0,0,0
SET130-KR-NP-M,5887.0,10,2920.0,2967.0,0,0
SET130-KR-NP-S,6393.0,11,2760.0,2774.0,0,0
SET130-KR-NP-XL,2851.0,5,4275.0,4401.5,0,0
SET130-KR-NP-XS,5128.0,9,3186.0,3188.5,0,0
SET130-KR-NP-XXL,8352.0,14,2295.0,2308.0,0,0
SET130-KR-NP-XXXL,9295.0,16,2135.0,2039.0,0,0
SET131-KR-NP-A-L,3100.28,5,4109.0,4401.5,0,0
SET131-KR-NP-A-M,3935.0,7,3669.0,3717.5,0,0
SET131-KR-NP-A-S,3737.0,6,3764.0,4040.0,0,0
SET131-KR-NP-A-XL,2565.0,4,4471.5,4820.5,0,0
SET131-KR-NP-A-XS,1332.0,2,5532.0,5959.0,0,0
SET131-KR-NP-A-XXL,8338.0,13,2298.0,2460.0,0,0
SET131-KR-NP-A-XXXL,5267.0,8,3131.0,3433.0,0,0
SET131-KR-NP-L,3897.0,6,3686.5,4040.0,0,0
SET131-KR-NP-M,9792.0,15,2039.0,2166.0,0,0
SET131-KR-NP-S,1332.0,2,5532.0,5959.0,0,0
SET131-KR-NP-XL,4502.0,7,3420.0,3717.5,0,0
SET131-KR-NP-XS,1800.0,3,5062.0,5335.5,0,0
SET131-KR-NP-XXL,4630.29,7,3373.0,3717.5,0,0
SET131-KR-NP-XXXL,3996.0,6,3628.0,4040.0,0,0
SET132-KR-NP-L,1636.0,3,5215.5,5335.5,0,0
SET132-KR-NP-M,2281.86,4,4681.0,4820.5,0,0
SET132-KR-NP-S,3029.0,5,4157.5,4401.5,0,0
SET132-KR-NP-XL,4007.95,7,3623.0,3717.5,0,0
SET132-KR-NP-XS,2313.0,4,4657.0,4820.5,0,0
SET132-KR-NP-XXL,4236.0,7,3532.0,3717.5,0,0
SET132-KR-NP-XXXL,3662.05,6,3796.0,4040.0,0,0
SET135-KR-PP-XL,646.0,1,6425.5,6746.5,0,0
SET135-KR-PP-XS,646.0,1,6425.5,6746.5,0,0
SET135-KR-PP-XXXL,1897.0,3,4995.0,5335.5,0,0
SET136-KR-PP-L,712.0,1,6323.0,6746.5,0,0
SET138-KR-PP-L,3801.0,5,3732.5,4401.5,0,0
SET138-KR-PP-M,8448.76,11,2285.0,2774.0,0,0
SET138-KR-PP-S,737.0,1,6304.0,6746.5,0,0
SET138-KR-PP-XL,2998.0,4,4177.5,4820.5,0,0
SET138-KR-PP-XS,4378.9,6,3472.0,4040.0,0,0
SET138-KR-PP-XXL,1474.0,2,5385.5,5959.0,0,0
SET138-KR-PP-XXXL,2195.0,3,4742.5,5335.5,0,0
SET139-KR-PP-S,919.0,2,6058.0,5959.0,0,0
SET139-KR-PP-XS,453.0,1,6816.0,6746.5,0,1
SET139-KR-PP-XXXL,1058.0,2,5838.0,5959.0,0,0
SET141-KR-NP-S,2153.0,3,4776.5,5335.5,0,0
SET142-KR-PP-L,838.0,1,6186.5,6746.5,0,0
SET143-KR-PP-M,534.0,1,6653.0,6746.5,0,1
SET143-KR-PP-S,517.0,1,6712.5,6746.5,0,1
SET143-KR-PP-XS,1139.0,2,5751.5,5959.0,0,0
SET143-KR-PP-XXL,517.0,2,6712.5,5959.0,0,0
SET144-KR-NP-L,31262.96,42,608.0,698.0,0,0
SET144-KR-NP-M,35920.58,47,494.0,601.0,0,0
SET144-KR-NP-S,17873.62,23,1202.0,1445.0,0,0
SET144-KR-NP-XL,14395.48,19,1472.0,1731.0,0,0
SET144-KR-NP-XS,23192.48,30,920.0,1061.0,0,0
SET144-KR-NP-XXL,15333.92,20,1390.0,1651.5,0,0
SET144-KR-NP-XXXL,20054.44,28,1053.0,1147.0,0,0
SET145-KR-NP-L,43603.34,60,382.0,411.5,0,0
SET145-KR-NP-M,45435.19,62,356.0,393.5,0,0
SET145-KR-NP-S,25915.85,37,802.0,816.5,0,0
SET145-KR-NP-XL,35418.48,47,513.0,601.0,0,0
SET145-KR-NP-XS,24686.62,33,846.0,945.5,0,0
SET145-KR-NP-XXL,38728.76,52,447.0,526.5,0,0
SET145-KR-NP-XXXL,17692.0,24,1215.0,1377.5,0,0
SET147-KR-NP-M,1354.0,2,5508.0,5959.0,0,0
SET147-KR-NP-S,2715.0,4,4364.0,4820.5,0,0
SET147-KR-NP-XL,6156.0,9,2819.0,3188.5,0,0
SET147-KR-NP-XS,2052.0,3,4862.5,5335.5,0,0
SET147-KR-NP-XXL,2045.0,3,4871.0,5335.5,0,0
SET147-KR-NP-XXXL,4050.43,6,3608.0,4040.0,0,0
SET152-KR-NP-S,1407.0,3,5464.5,5335.5,0,0
SET152-KR-NP-XS,2481.0,5,4532.0,4401.5,0,0
SET153-KR-NP-XS,1364.0,3,5497.5,5335.5,0,0
SET153-KR-NP-XXL,448.0,1,6824.5,6746.5,0,1
SET153-KR-NP-XXXL,461.0,1,6801.0,6746.5,0,1
SET154-KR-NP-L,8053.38,10,2358.0,2967.0,0,0
SET154-KR-NP-M,5597.0,7,3017.0,3717.5,0,0
SET154-KR-NP-S,5774.0,7,2951.5,3717.5,0,0
SET154-KR-NP-XL,10743.0,14,1902.0,2308.0,0,0
SET154-KR-NP-XS,1664.0,2,5186.0,5959.0,0,0
SET154-KR-NP-XXL,4792.0,6,3318.0,4040.0,0,0
SET154-KR-NP-XXXL,8347.0,11,2296.0,2774.0,0,0
SET155-KR-PP-S,892.0,2,6097.5,5959.0,0,0
SET155-KR-PP-XS,2548.0,5,4488.5,4401.5,0,0
SET156-KR-NP-L,7493.0,11,2478.5,2774.0,0,0
SET156-KR-NP-M,6117.0,9,2832.0,3188.5,0,0
SET156-KR-NP-S,3436.0,5,3929.0,4401.5,0,0
SET156-KR-NP-XL,2756.0,4,4338.5,4820.5,0,0
SET156-KR-NP-XS,2717.0,4,4362.0,4820.5,0,0
SET156-KR-NP-XXL,2717.0,4,4362.0,4820.5,0,0
SET156-KR-NP-XXXL,4041.0,6,3611.0,4040.0,0,0
SET158-KR-PP-L,8321.0,11,2304.0,2774.0,0,0
SET158-KR-PP-M,5513.0,7,3049.0,3717.5,0,0
SET158-KR-PP-S,1558.0,2,5298.0,5959.0,0,0
SET158-KR-PP-XL,2325.0,3,4646.0,5335.5,0,0
SET158-KR-PP-XS,3955.0,5,3652.5,4401.5,0,0
SET158-KR-PP-XXL,3156.0,4,4083.0,4820.5,0,0
SET158-KR-PP-XXXL,10988.33,14,1860.0,2308.0,0,0
SET159-KR-NP-XS,1856.0,4,5022.5,4820.5,0,0
SET159-KR-NP-XXL,464.0,1,6800.0,6746.5,0,1
SET162-KR-PP-XL,453.0,1,6816.0,6746.5,0,1
SET165-KR-PP-L,1701.0,3,5156.0,5335.5,0,0
SET165-KR-PP-M,2268.0,4,4689.0,4820.5,0,0
SET165-KR-PP-S,1674.0,3,5178.0,5335.5,0,0
SET165-KR-PP-XL,2268.0,4,4689.0,4820.5,0,0
SET165-KR-PP-XS,1134.0,2,5755.0,5959.0,0,0
SET165-KR-PP-XXL,2316.0,4,4652.0,4820.5,0,0
SET165-KR-PP-XXXL,2268.0,4,4689.0,4820.5,0,0
SET171-KR-NP-L,37769.39,50,466.0,554.5,0,0
SET171-KR-NP-M,11179.0,14,1827.0,2308.0,0,0
SET171-KR-NP-S,14839.29,20,1430.0,1651.5,0,0
SET171-KR-NP-XL,24694.0,33,845.0,945.5,0,0
SET171-KR-NP-XS,10578.0,13,1923.0,2460.0,0,0
SET171-KR-NP-XXL,5510.0,9,3052.0,3188.5,0,0
SET171-KR-NP-XXXL,29638.29,37,663.0,816.5,0,0
SET172-KR-PP-B-L,14848.0,14,1429.0,2308.0,0,0
SET172-KR-PP-B-M,21635.9,23,978.0,1445.0,0,0
SET172-KR-PP-B-S,4799.9,5,3313.0,4401.5,0,0
SET172-KR-PP-B-XL,16307.86,16,1321.0,2039.0,0,0
SET172-KR-PP-B-XS,968.0,1,6000.5,6746.5,0,0
SET172-KR-PP-B-XXL,3336.0,3,3990.0,5335.5,0,0
SET172-KR-PP-B-XXXL,3003.86,3,4174.0,5335.5,0,0
SET179-KR-PP-L,1488.0,3,5366.5,5335.5,0,0
SET179-KR-PP-S,1996.0,4,4902.5,4820.5,0,0
SET179-KR-PP-XL,496.0,1,6748.5,6746.5,0,1
SET179-KR-PP-XS,11185.86,22,1826.0,1507.5,0,0
SET179-KR-PP-XXL,1491.0,3,5362.0,5335.5,0,0
SET179-KR-PP-XXXL,8953.0,18,2187.0,1819.5,0,0
SET182-KR-DH-K-M,599.0,1,6553.0,6746.5,0,1
SET182-KR-DH-L,11337.71,17,1809.0,1923.5,0,0
SET182-KR-DH-M,27463.71,41,741.0,718.0,0,0
SET182-KR-DH-S,14764.13,22,1438.0,1507.5,0,0
SET182-KR-DH-XL,5292.71,8,3125.0,3433.0,0,0
SET182-KR-DH-XS,19917.42,30,1062.0,1061.0,0,0
SET182-KR-DH-XXL,3453.0,5,3919.0,4401.5,0,0
SET182-KR-DH-XXXL,5987.0,10,2875.0,2967.0,0,0
SET183-KR-DH-L,15727.0,21,1358.0,1576.5,0,0
SET183-KR-DH-M,254127.98,341,15.0,16.0,0,0
SET183-KR-DH-S,50468.86,79,298.0,266.0,0,0
SET183-KR-DH-XL,64118.0,88,202.0,222.0,0,0
SET183-KR-DH-XS,37305.0,53,475.0,508.0,0,0
SET183-KR-DH-XXL,10135.0,16,1993.0,2039.0,0,0
SET183-KR-DH-XXXL,91769.16,122,99.0,132.0,0,0
SET184-KR-PP-L,46366.15,81,347.0,257.0,0,0
SET184-KR-PP-M,42287.0,77,394.0,277.0,0,0
SET184-KR-PP-S,42556.38,75,391.0,290.5,0,0
SET184-KR-PP-XL,34987.91,63,522.0,384.0,0,0
SET184-KR-PP-XS,29108.0,50,676.0,554.5,0,0
SET184-KR-PP-XXL,29367.0,52,668.0,526.5,0,0
SET184-KR-PP-XXXL,24623.77,43,850.0,676.0,0,0
SET185-KR-NP-L,3781.0,7,3737.5,3717.5,0,0
SET185-KR-NP-M,9962.24,13,2015.5,2460.0,0,0
SET185-KR-NP-S,1648.0,2,5195.0,5959.0,0,0
SET185-KR-NP-XL,6082.0,8,2850.0,3433.0,0,0
SET185-KR-NP-XS,2433.0,3,4570.0,5335.5,0,0
SET185-KR-NP-XXL,1810.0,2,5051.0,5959.0,0,0
SET185-KR-NP-XXXL,911.0,1,6066.0,6746.5,0,0
SET186-KR-DH-K-M,12728.95,20,1639.0,1651.5,0,0
SET186-KR-DH-L,12622.95,21,1654.0,1576.5,0,0
SET186-KR-DH-M,9598.0,16,2073.0,2039.0,0,0
SET186-KR-DH-S,12140.0,19,1711.0,1731.0,0,0
SET186-KR-DH-XL,4812.0,8,3308.0,3433.0,0,0
SET186-KR-DH-XS,11486.95,19,1798.0,1731.0,0,0
SET186-KR-DH-XXL,3626.0,6,3812.0,4040.0,0,0
SET186-KR-DH-XXXL,3112.48,5,4101.0,4401.5,0,0
SET187-KR-DH-L,15402.0,24,1383.0,1377.5,0,0
SET187-KR-DH-M,51297.0,82,288.0,250.0,0,0
SET187-KR-DH-S,14376.48,23,1473.0,1445.0,0,0
SET187-KR-DH-XL,98435.84,156,87.0,83.0,0,0
SET187-KR-DH-XS,18813.48,30,1134.0,1061.0,0,0
SET187-KR-DH-XXL,18784.96,30,1136.0,1061.0,0,0
SET187-KR-DH-XXXL,5180.71,8,3162.0,3433.0,0,0
SET188-KR-NP-L,9950.0,15,2017.5,2166.0,0,0
SET188-KR-NP-M,5237.0,8,3144.5,3433.0,0,0
SET188-KR-NP-S,4750.0,7,3330.5,3717.5,0,0
SET188-KR-NP-XL,4570.33,7,3399.0,3717.5,0,0
SET188-KR-NP-XS,3321.0,5,3996.5,4401.5,0,0
SET188-KR-NP-XXL,5205.0,8,3154.0,3433.0,0,0
SET188-KR-NP-XXXL,11831.95,18,1754.0,1819.5,0,0
SET191-KR-PP-M,738.0,1,6301.5,6746.5,0,0
SET191-KR-PP-XL,738.0,1,6301.5,6746.5,0,0
SET192-KR-NP-L,10607.19,15,1919.0,2166.0,0,0
SET192-KR-NP-M,4632.0,7,3372.0,3717.5,0,0
SET192-KR-NP-S,5237.0,8,3144.5,3433.0,0,0
SET192-KR-NP-XL,648.0,1,6414.5,6746.5,0,0
SET192-KR-NP-XS,5212.05,8,3153.0,3433.0,0,0
SET192-KR-NP-XXL,5306.0,8,3121.0,3433.0,0,0
SET192-KR-NP-XXXL,9234.0,14,2143.0,2308.0,0,0
SET193-KR-NP-A-M,8011.0,11,2372.0,2774.0,0,0
SET193-KR-NP-A-S,4634.0,5,3370.0,4401.5,0,0
SET193-KR-NP-A-XL,5055.0,7,3213.0,3717.5,0,0
SET193-KR-NP-A-XS,2147.0,3,4778.0,5335.5,0,0
SET193-KR-NP-A-XXL,3855.0,5,3707.0,4401.5,0,0
SET193-KR-NP-A-XXXL,2908.0,4,4238.0,4820.5,0,0
SET194-KR-NP-L,2564.0,6,4473.5,4040.0,0,0
SET194-KR-NP-M,17208.0,27,1256.0,1190.5,0,0
SET194-KR-NP-S,1898.0,3,4994.0,5335.5,0,0
SET194-KR-NP-XL,5733.0,9,2965.5,3188.5,0,0
SET194-KR-NP-XS,641.0,1,6439.0,6746.5,0,0
SET194-KR-NP-XXL,8272.0,13,2319.0,2460.0,0,0
SET194-KR-NP-XXXL,2564.0,5,4473.5,4401.5,0,0
SET195-KR-NP-A-L,5037.7,7,3218.0,3717.5,0,0
SET195-KR-NP-A-S,2940.0,4,4215.0,4820.5,0,0
SET195-KR-NP-A-XL,7412.76,10,2499.0,2967.0,0,0
SET195-KR-NP-A-XS,737.0,1,6304.0,6746.5,0,0
SET195-KR-NP-A-XXL,1458.0,2,5419.0,5959.0,0,0
SET196-KR-NP-L,7959.0,11,2390.0,2774.0,0,0
SET196-KR-NP-M,6645.0,10,2683.0,2967.0,0,0
SET196-KR-NP-S,1598.0,2,5249.0,5959.0,0,0
SET196-KR-NP-XL,8326.0,13,2301.0,2460.0,0,0
SET196-KR-NP-XS,1941.0,3,4957.0,5335.5,0,0
SET196-KR-NP-XXL,7396.0,11,2503.0,2774.0,0,0
SET196-KR-NP-XXXL,4938.0,8,3264.0,3433.0,0,0
SET197-KR-NP-L,116533.96,158,61.0,81.0,0,0
SET197-KR-NP-M,35604.0,47,507.0,601.0,0,0
SET197-KR-NP-S,27592.0,37,734.0,816.5,0,0
SET197-KR-NP-XL,32044.72,43,587.0,676.0,0,0
SET197-KR-NP-XS,11961.0,16,1741.0,2039.0,0,0
SET197-KR-NP-XXL,69297.0,92,177.0,211.0,0,0
SET197-KR-NP-XXXL,12115.0,16,1715.0,2039.0,0,0
SET198-KR-NP-A-L,2751.1,5,4343.0,4401.5,0,0
SET198-KR-NP-A-M,4429.9,8,3447.0,3433.0,0,0
SET198-KR-NP-A-S,5550.1,10,3035.0,2967.0,0,0
SET198-KR-NP-A-XS,2665.0,5,4397.0,4401.5,0,0
SET198-KR-NP-A-XXL,2690.0,5,4375.5,4401.5,0,0
SET198-KR-NP-A-XXXL,1638.0,3,5211.5,5335.5,0,0
SET199-KR-NP-L,1283.0,3,5577.0,5335.5,0,0
SET199-KR-NP-M,1174.0,2,5719.0,5959.0,0,0
SET199-KR-NP-XL,1733.05,3,5116.0,5335.5,0,0
SET199-KR-NP-XS,559.05,1,6628.0,6746.5,0,1
SET199-KR-NP-XXL,3026.0,5,4160.0,4401.5,0,0
SET199-KR-NP-XXXL,1751.05,3,5104.0,5335.5,0,0
SET200-KR-NP-A-L,5604.0,10,3014.0,2967.0,0,0
SET200-KR-NP-A-M,1626.95,3,5227.0,5335.5,0,0
SET200-KR-NP-A-S,2284.0,4,4678.0,4820.5,0,0
SET200-KR-NP-A-XL,2309.0,4,4661.5,4820.5,0,0
SET200-KR-NP-A-XS,1111.0,2,5786.0,5959.0,0,0
SET200-KR-NP-A-XXL,4342.28,8,3489.0,3433.0,0,0
SET200-KR-NP-A-XXXL,9523.14,17,2088.0,1923.5,0,0
SET201-KR-NP-A-L,1228.0,2,5634.5,5959.0,0,0
SET201-KR-NP-A-M,633.0,1,6454.0,6746.5,0,0
SET201-KR-NP-A-S,4738.0,8,3337.0,3433.0,0,0
SET201-KR-NP-A-XL,1108.95,2,5787.0,5959.0,0,0
SET201-KR-NP-A-XS,3435.0,6,3930.0,4040.0,0,0
SET201-KR-NP-A-XXL,7265.0,12,2530.5,2615.5,0,0
SET201-KR-NP-A-XXXL,3547.67,6,3857.0,4040.0,0,0
SET202-KR-NP-M,766.0,2,6273.0,5959.0,0,0
SET202-KR-NP-XL,383.0,1,6912.0,6746.5,0,1
SET202-KR-NP-XXXL,383.0,1,6912.0,6746.5,0,1
SET203-KR-DPT-L,29900.71,68,657.0,337.0,0,0
SET203-KR-DPT-S,21475.0,48,987.0,584.5,0,0
SET203-KR-DPT-XL,18863.62,44,1130.0,657.0,0,0
SET203-KR-DPT-XS,7361.0,17,2509.0,1923.5,0,0
SET203-KR-DPT-XXL,9920.14,22,2023.0,1507.5,0,0
SET203-KR-DPT-XXXL,13292.57,30,1571.0,1061.0,0,0
SET204-KR-DPT-L,1543.0,3,5321.5,5335.5,0,0
SET204-KR-DPT-M,1271.0,2,5592.0,5959.0,0,0
SET204-KR-DPT-S,6829.48,11,2633.0,2774.0,0,0
SET204-KR-DPT-XL,1695.0,3,5161.0,5335.5,0,0
SET204-KR-DPT-XS,7044.0,12,2585.5,2615.5,0,0
SET204-KR-DPT-XXL,7871.0,13,2401.0,2460.0,0,0
SET204-KR-DPT-XXXL,9587.0,17,2074.0,1923.5,0,0
SET205-KR-DPT-A-M,2083.0,5,4828.5,4401.5,0,0
SET205-KR-DPT-A-S,2008.0,4,4892.5,4820.5,0,0
SET205-KR-DPT-A-XL,399.0,1,6888.0,6746.5,0,1
SET205-KR-DPT-A-XS,1596.0,4,5252.5,4820.5,0,0
SET205-KR-DPT-A-XXL,4284.0,9,3515.0,3188.5,0,0
SET205-KR-DPT-A-XXXL,4370.0,10,3478.0,2967.0,0,0
SET206-KR-PP-S,1048.0,2,5850.0,5959.0,0,0
SET209-KR-PP-L,13677.0,27,1538.0,1190.5,0,0
SET209-KR-PP-M,11234.9,21,1821.0,1576.5,0,0
SET209-KR-PP-S,4750.0,9,3330.5,3188.5,0,0
SET209-KR-PP-XL,5346.0,12,3103.0,2615.5,0,0
SET209-KR-PP-XS,2690.0,5,4375.5,4401.5,0,0
SET209-KR-PP-XXL,12139.86,22,1712.0,1507.5,0,0
SET209-KR-PP-XXXL,12348.0,23,1686.0,1445.0,0,0
SET210-KR-PP-L,9835.0,17,2035.0,1923.5,0,0
SET210-KR-PP-M,4008.0,8,3622.0,3433.0,1,0
SET210-KR-PP-S,3996.0,7,3628.0,3717.5,0,0
SET210-KR-PP-XL,5716.0,10,2972.0,2967.0,0,0
SET210-KR-PP-XS,2300.0,4,4667.0,4820.5,0,0
SET210-KR-PP-XXXL,3480.0,6,3906.0,4040.0,0,0
SET211-KR-DPT-XXL,604.0,1,6533.5,6746.5,0,1
SET214-KR-DPT-XL,604.0,1,6533.5,6746.5,0,1
SET214-KR-DPT-XXXL,604.0,1,6533.5,6746.5,0,1
SET216-KR-PP-XL,1067.0,2,5830.5,5959.0,0,0
SET217-KR-PP-L,25049.28,33,830.0,945.5,0,0
SET217-KR-PP-M,24587.81,31,851.0,1019.5,0,0
SET217-KR-PP-S,12058.0,15,1722.0,2166.0,0,0
SET217-KR-PP-XL,28327.85,38,705.0,786.5,0,0
SET217-KR-PP-XS,7870.57,10,2402.0,2967.0,0,0
SET217-KR-PP-XXL,26932.0,38,762.0,786.5,0,0
SET217-KR-PP-XXXL,15929.41,20,1350.0,1651.5,0,0
SET218-KR-NP-L,1907.24,3,4986.0,5335.5,0,0
SET218-KR-NP-M,1366.0,2,5492.5,5959.0,0,0
SET218-KR-NP-S,3972.0,6,3643.0,4040.0,0,0
SET218-KR-NP-XL,5350.0,8,3102.0,3433.0,0,0
SET218-KR-NP-XS,2668.0,4,4394.5,4820.5,0,0
SET218-KR-NP-XXL,2764.0,4,4330.0,4820.5,0,0
SET218-KR-NP-XXXL,5432.0,8,3079.0,3433.0,0,0
SET219-KR-PP-L,1929.0,3,4968.0,5335.5,0,0
SET219-KR-PP-M,5767.81,9,2955.0,3188.5,0,0
SET219-KR-PP-S,3938.0,7,3666.0,3717.5,0,0
SET219-KR-PP-XL,9097.81,14,2160.0,2308.0,0,0
SET219-KR-PP-XS,2602.48,4,4441.0,4820.5,0,0
SET219-KR-PP-XXL,5282.0,8,3129.0,3433.0,0,0
SET219-KR-PP-XXXL,11841.0,19,1752.0,1731.0,0,0
SET220-KR-PP-L,32242.0,30,584.0,1061.0,0,0
SET220-KR-PP-M,27199.54,24,751.0,1377.5,0,0
SET220-KR-PP-S,12325.0,11,1692.0,2774.0,0,0
SET220-KR-PP-XL,27189.0,24,752.0,1377.5,0,0
SET220-KR-PP-XS,4102.0,4,3586.0,4820.5,0,0
SET220-KR-PP-XXL,21421.0,20,991.0,1651.5,0,0
SET220-KR-PP-XXXL,17918.25,16,1199.0,2039.0,0,0
SET221-KR-NP-L,2142.0,3,4783.0,5335.5,0,0
SET221-KR-NP-M,2067.0,3,4848.0,5335.5,0,0
SET221-KR-NP-S,2747.0,4,4346.0,4820.5,0,0
SET221-KR-NP-XL,2781.0,4,4319.0,4820.5,0,0
SET221-KR-NP-XXL,2796.0,4,4308.5,4820.5,0,0
SET221-KR-NP-XXXL,2112.0,3,4805.5,5335.5,0,0
SET223-KR-NP-S,5788.0,9,2946.0,3188.5,0,0
SET223-KR-NP-XS,2592.0,4,4451.0,4820.5,0,0
SET223-KR-NP-XXL,4499.43,7,3422.0,3717.5,0,0
SET223-KR-NP-XXXL,7690.14,12,2442.0,2615.5,0,0
SET224-KR-NP-L,1132.0,1,5759.5,6746.5,0,0
SET224-KR-NP-S,14577.78,12,1460.0,2615.5,0,0
SET224-KR-NP-XL,23942.89,21,888.0,1576.5,0,0
SET224-KR-NP-XS,37139.11,34,479.0,912.5,0,0
SET224-KR-NP-XXL,38954.72,34,442.0,912.5,0,0
SET224-KR-NP-XXXL,27494.42,25,738.0,1307.0,0,0
SET225-KR-NP-M,1488.0,2,5366.5,5959.0,0,0
SET225-KR-NP-XXXL,1334.0,2,5528.0,5959.0,0,0
SET226-KR-PP-L,1210.0,2,5648.5,5959.0,0,0
SET226-KR-PP-M,799.0,1,6233.0,6746.5,0,0
SET226-KR-PP-S,799.0,1,6233.0,6746.5,0,0
SET226-KR-PP-XL,1598.0,2,5249.0,5959.0,0,0
SET226-KR-PP-XS,1466.24,2,5398.0,5959.0,0,0
SET226-KR-PP-XXL,799.0,1,6233.0,6746.5,0,0
SET226-KR-PP-XXXL,799.0,1,6233.0,6746.5,0,0
SET227-KR-PP-A-L,14637.0,26,1451.0,1247.0,0,0
SET227-KR-PP-A-M,12081.76,21,1718.0,1576.5,0,0
SET227-KR-PP-A-S,11100.0,19,1842.0,1731.0,0,0
SET227-KR-PP-A-XL,13488.19,23,1552.0,1445.0,0,0
SET227-KR-PP-A-XS,6965.52,12,2604.0,2615.5,0,0
SET227-KR-PP-A-XXL,2838.62,5,4284.0,4401.5,0,0
SET227-KR-PP-A-XXXL,1713.0,3,5143.0,5335.5,0,0
SET228-KR-PP-A-L,3493.0,6,3893.0,4040.0,0,0
SET228-KR-PP-A-M,5837.0,10,2933.0,2967.0,0,0
SET228-KR-PP-A-S,4839.0,7,3302.0,3717.5,0,0
SET228-KR-PP-A-XL,5558.0,9,3032.0,3188.5,0,0
SET228-KR-PP-A-XS,1306.0,2,5554.0,5959.0,0,0
SET228-KR-PP-A-XXL,3533.0,7,3867.0,3717.5,0,0
SET228-KR-PP-A-XXXL,12246.0,19,1700.0,1731.0,0,0
SET229-KR-PP-L,16136.0,19,1331.0,1731.0,0,0
SET229-KR-PP-M,12075.0,14,1719.0,2308.0,0,0
SET229-KR-PP-XL,9344.0,12,2127.0,2615.5,0,0
SET229-KR-PP-XS,6986.0,8,2599.0,3433.0,0,0
SET229-KR-PP-XXL,11608.0,16,1781.0,2039.0,0,0
SET229-KR-PP-XXXL,18370.0,22,1167.0,1507.5,0,0
SET230-KR-PP-L,4127.0,5,3574.5,4401.5,0,0
SET230-KR-PP-S,11281.0,15,1814.0,2166.0,0,0
SET230-KR-PP-XL,5791.0,7,2945.0,3717.5,0,0
SET230-KR-PP-XS,9544.38,12,2080.0,2615.5,0,0
SET230-KR-PP-XXL,832.0,1,6201.5,6746.5,0,0
SET230-KR-PP-XXXL,17571.38,22,1227.0,1507.5,0,0
SET232-KR-PP-L,4377.0,9,3474.0,3188.5,0,0
SET232-KR-PP-M,1459.0,3,5418.0,5335.5,0,0
SET232-KR-PP-S,2544.0,6,4490.5,4040.0,0,0
SET232-KR-PP-XL,2975.0,6,4194.5,4040.0,0,0
SET232-KR-PP-XS,998.0,2,5934.5,5959.0,0,0
SET232-KR-PP-XXL,979.0,3,5966.0,5335.5,0,0
SET233-KR-PP-L,26773.43,49,766.0,570.0,0,0
SET233-KR-PP-M,18981.05,36,1123.0,849.5,0,0
SET233-KR-PP-S,12370.05,23,1683.0,1445.0,0,0
SET233-KR-PP-XL,11400.15,24,1804.0,1377.5,0,0
SET233-KR-PP-XS,12889.1,24,1629.0,1377.5,0,0
SET233-KR-PP-XXL,25415.0,47,813.0,601.0,0,0
SET233-KR-PP-XXXL,18508.62,34,1157.0,912.5,0,0
SET234-KR-PP-M,425.0,1,6855.0,6746.5,0,1
SET235-KR-PP-S,498.1,1,6740.0,6746.5,0,1
SET236-KR-PP-L,2364.0,3,4624.0,5335.5,0,0
SET236-KR-PP-M,3712.0,5,3775.0,4401.5,0,0
SET236-KR-PP-S,2195.0,3,4742.5,5335.5,0,0
SET236-KR-PP-XL,2873.0,4,4261.5,4820.5,0,0
SET236-KR-PP-XS,2101.29,3,4814.0,5335.5,0,0
SET236-KR-PP-XXL,4411.48,6,3454.0,4040.0,0,0
SET236-KR-PP-XXXL,2157.48,3,4771.0,5335.5,0,0
SET238-KR-PP-M,1411.0,3,5462.5,5335.5,0,0
SET238-KR-PP-S,914.0,2,6064.0,5959.0,0,0
SET238-KR-PP-XL,2453.0,5,4552.0,4401.5,0,0
SET238-KR-PP-XXL,457.0,1,6812.0,6746.5,0,1
SET239-KR-NP-L,16944.86,27,1280.0,1190.5,0,0
SET239-KR-NP-M,3869.0,6,3700.0,4040.0,0,0
SET239-KR-NP-S,23988.0,36,885.0,849.5,0,0
SET239-KR-NP-XL,2655.0,4,4408.0,4820.5,0,0
SET239-KR-NP-XS,13431.0,20,1559.0,1651.5,0,0
SET239-KR-NP-XXL,15177.86,23,1403.0,1445.0,0,0
SET239-KR-NP-XXXL,9397.86,14,2118.0,2308.0,0,0
SET240-KR-PP-L,6042.0,10,2858.0,2967.0,0,0
SET240-KR-PP-M,6940.0,12,2610.0,2615.5,0,0
SET240-KR-PP-S,7278.43,12,2526.0,2615.5,0,0
SET240-KR-PP-XL,11818.01,18,1759.0,1819.5,0,0
SET240-KR-PP-XS,2416.0,4,4587.5,4820.5,0,0
SET240-KR-PP-XXL,5890.0,10,2917.5,2967.0,0,0
SET240-KR-PP-XXXL,5327.0,9,3114.5,3188.5,0,0
SET241-KR-PP-M,2033.0,5,4881.0,4401.5,0,0
SET241-KR-PP-S,1319.0,3,5545.0,5335.5,0,0
SET241-KR-PP-XS,1676.0,4,5176.5,4820.5,0,0
SET242-KR-PP-M,581.0,1,6593.5,6746.5,0,1
SET242-KR-PP-S,581.0,1,6593.5,6746.5,0,1
SET242-KR-PP-XS,1720.0,3,5135.5,5335.5,0,0
SET242-KR-PP-XXL,561.0,1,6622.0,6746.5,0,1
SET243-KR-PP-L,4878.0,9,3284.5,3188.5,0,0
SET243-KR-PP-M,4090.71,8,3593.0,3433.0,0,0
SET243-KR-PP-S,1033.0,2,5893.5,5959.0,0,0
SET243-KR-PP-XL,3134.0,6,4092.5,4040.0,0,0
SET243-KR-PP-XS,2565.0,5,4471.5,4401.5,0,0
SET243-KR-PP-XXL,2066.0,4,4851.0,4820.5,0,0
SET243-KR-PP-XXXL,4588.48,9,3392.0,3188.5,0,0
SET244-KR-NP-L,2371.0,3,4620.0,5335.5,0,0
SET244-KR-NP-M,7771.19,10,2420.0,2967.0,0,0
SET244-KR-NP-S,2345.0,3,4634.0,5335.5,0,0
SET244-KR-NP-XL,6815.0,9,2639.5,3188.5,0,0
SET244-KR-NP-XS,773.0,1,6260.0,6746.5,0,0
SET244-KR-NP-XXL,2345.0,3,4634.0,5335.5,0,0
SET244-KR-NP-XXXL,3917.0,5,3679.5,4401.5,0,0
SET245-KR-NP-L,849.0,1,6163.5,6746.5,0,0
SET245-KR-NP-M,2847.0,3,4278.0,5335.5,0,0
SET245-KR-NP-S,5544.0,6,3037.0,4040.0,0,0
SET245-KR-NP-XL,1998.0,2,4898.5,5959.0,0,0
SET245-KR-NP-XS,2303.0,3,4665.0,5335.5,0,0
SET245-KR-NP-XXL,849.0,1,6163.5,6746.5,0,0
SET245-KR-NP-XXXL,999.0,1,5926.0,6746.5,0,0
SET246-KR-PP-L,3955.0,8,3652.5,3433.0,1,0
SET246-KR-PP-M,4852.0,11,3295.0,2774.0,0,0
SET246-KR-PP-S,4819.87,11,3305.0,2774.0,0,0
SET246-KR-PP-XL,6279.29,15,2787.0,2166.0,0,0
SET246-KR-PP-XS,1760.0,4,5100.0,4820.5,0,0
SET246-KR-PP-XXL,6734.29,15,2659.0,2166.0,0,0
SET246-KR-PP-XXXL,4464.62,10,3437.0,2967.0,0,0
SET247-KR-SHA-L,6438.9,9,2746.0,3188.5,0,0
SET247-KR-SHA-M,20501.0,30,1034.0,1061.0,0,0
SET247-KR-SHA-S,10664.0,17,1915.0,1923.5,0,0
SET247-KR-SHA-XL,11170.1,16,1828.0,2039.0,0,0
SET247-KR-SHA-XS,15993.9,23,1345.0,1445.0,0,0
SET247-KR-SHA-XXL,680.0,1,6366.5,6746.5,0,0
SET247-KR-SHA-XXXL,647.62,1,6418.0,6746.5,0,0
SET248-KR-NP-L,3672.0,6,3786.5,4040.0,0,0
SET248-KR-NP-M,1836.0,3,5036.0,5335.5,0,0
SET248-KR-NP-XL,3589.72,6,3832.0,4040.0,0,0
SET248-KR-NP-XS,3029.0,5,4157.5,4401.5,0,0
SET248-KR-NP-XXL,1836.0,3,5036.0,5335.5,0,0
SET248-KR-NP-XXXL,6695.86,11,2674.0,2774.0,0,0
SET249-KR-NP-L,9332.34,13,2129.0,2460.0,0,0
SET249-KR-NP-M,8031.62,12,2365.0,2615.5,0,0
SET249-KR-NP-S,7888.0,12,2398.0,2615.5,0,0
SET249-KR-NP-XL,8038.86,10,2362.0,2967.0,0,0
SET249-KR-NP-XS,3952.0,6,3656.0,4040.0,0,0
SET249-KR-NP-XXL,5976.34,10,2879.0,2967.0,0,0
SET249-KR-NP-XXXL,6735.0,10,2658.0,2967.0,0,0
SET250-KR-SHA-L,6609.0,10,2697.0,2967.0,0,0
SET250-KR-SHA-M,9237.86,14,2142.0,2308.0,0,0
SET250-KR-SHA-S,12697.0,19,1646.0,1731.0,0,0
SET250-KR-SHA-XL,5306.24,8,3120.0,3433.0,0,0
SET250-KR-SHA-XS,5949.62,9,2890.0,3188.5,0,0
SET250-KR-SHA-XXL,2682.86,4,4384.0,4820.5,0,0
SET250-KR-SHA-XXXL,6598.62,10,2700.0,2967.0,0,0
SET251-KR-PP-L,689.0,1,6357.0,6746.5,0,0
SET251-KR-PP-M,44183.0,60,372.0,411.5,0,0
SET251-KR-PP-S,5089.0,7,3206.0,3717.5,0,0
SET251-KR-PP-XL,5113.0,7,3195.0,3717.5,0,0
SET251-KR-PP-XS,13805.0,19,1527.0,1731.0,0,0
SET251-KR-PP-XXL,759.0,1,6280.0,6746.5,0,0
SET251-KR-PP-XXXL,3013.0,4,4168.0,4820.5,0,0
SET252-KR-PP-L,10196.24,14,1985.0,2308.0,0,0
SET252-KR-PP-M,28622.86,38,695.0,786.5,0,0
SET252-KR-PP-S,14018.86,19,1504.0,1731.0,0,0
SET252-KR-PP-XL,6794.86,9,2646.0,3188.5,0,0
SET252-KR-PP-XS,13354.0,18,1565.0,1819.5,0,0
SET252-KR-PP-XXL,2882.0,4,4253.0,4820.5,0,0
SET252-KR-PP-XXXL,5247.86,7,3140.0,3717.5,0,0
SET253-KR-NP-L,6483.9,9,2729.0,3188.5,0,0
SET253-KR-NP-M,2186.0,3,4747.0,5335.5,0,0
SET253-KR-NP-S,5047.9,7,3215.0,3717.5,0,0
SET253-KR-NP-XL,4971.9,7,3249.0,3717.5,0,0
SET253-KR-NP-XS,1474.0,2,5385.5,5959.0,0,0
SET253-KR-NP-XXL,4967.0,8,3252.0,3433.0,0,0
SET253-KR-NP-XXXL,7028.0,10,2588.0,2967.0,0,0
SET254-KR-NP-L,3263.0,4,4021.0,4820.5,0,0
SET254-KR-NP-M,8765.07,10,2220.0,2967.0,0,0
SET254-KR-NP-S,7612.0,9,2465.5,3188.5,0,0
SET254-KR-NP-XL,886.0,1,6111.5,6746.5,0,0
SET254-KR-NP-XS,12951.0,16,1615.5,2039.0,0,0
SET254-KR-NP-XXL,12674.0,15,1647.0,2166.0,0,0
SET254-KR-NP-XXXL,3612.0,4,3818.5,4820.5,0,0
SET257-KR-PP-L,2217.9,4,4723.0,4820.5,0,0
SET257-KR-PP-M,7967.0,15,2387.5,2166.0,0,0
SET257-KR-PP-S,15906.95,28,1351.0,1147.0,0,0
SET257-KR-PP-XL,3844.71,7,3712.0,3717.5,0,0
SET257-KR-PP-XS,27846.71,51,718.0,540.5,0,0
SET257-KR-PP-XXL,2221.0,4,4721.0,4820.5,0,0
SET257-KR-PP-XXXL,3854.0,7,3708.5,3717.5,0,0
SET258-KR-PP-L,10333.0,13,1967.0,2460.0,0,0
SET258-KR-PP-M,7913.0,9,2395.0,3188.5,0,0
SET258-KR-PP-S,9295.05,11,2134.0,2774.0,0,0
SET258-KR-PP-XL,12274.0,14,1698.0,2308.0,0,0
SET258-KR-PP-XS,9613.0,11,2069.0,2774.0,0,0
SET258-KR-PP-XXL,11049.04,13,1851.0,2460.0,0,0
SET258-KR-PP-XXXL,2627.0,3,4425.0,5335.5,0,0
SET260-KR-PP-S,3374.0,6,3970.0,4040.0,0,0
SET261-KR-PP-S,8294.0,17,2312.0,1923.5,0,0
SET262-KR-NP-A-XS,534.0,1,6653.0,6746.5,0,1
SET262-KR-NP-L,1190.0,2,5690.5,5959.0,0,0
SET262-KR-NP-M,3538.0,6,3866.0,4040.0,0,0
SET262-KR-NP-XL,1190.0,2,5690.5,5959.0,0,0
SET262-KR-NP-XXL,1201.0,2,5663.0,5959.0,0,0
SET263-KR-NP-S,1228.0,1,5634.5,6746.5,0,0
SET263-KR-NP-XL,2578.0,4,4464.0,4820.5,0,0
SET263-KR-NP-XS,3189.0,5,4067.5,4401.5,0,0
SET264-KR-NP-L,41722.28,52,404.0,526.5,0,0
SET264-KR-NP-M,105928.76,139,75.0,106.5,0,0
SET264-KR-NP-S,12141.0,15,1710.0,2166.0,0,0
SET264-KR-NP-XL,107680.76,138,73.0,110.5,0,0
SET264-KR-NP-XS,9534.76,12,2083.0,2615.5,0,0
SET264-KR-NP-XXL,56496.0,72,242.0,307.5,0,0
SET264-KR-NP-XXXL,21424.0,27,988.0,1190.5,0,0
SET265-KR-NP-L,48908.0,58,314.0,435.5,0,0
SET265-KR-NP-M,45248.38,54,359.0,489.5,0,0
SET265-KR-NP-S,28975.0,36,681.0,849.5,0,0
SET265-KR-NP-XL,29190.42,34,672.0,912.5,0,0
SET265-KR-NP-XS,24859.37,28,836.0,1147.0,0,0
SET265-KR-NP-XXL,19198.0,22,1109.0,1507.5,0,0
SET265-KR-NP-XXXL,29001.71,34,678.0,912.5,0,0
SET266-KR-NP-L,4493.9,6,3426.0,4040.0,0,0
SET266-KR-NP-M,10832.9,14,1884.0,2308.0,0,0
SET266-KR-NP-S,852.0,1,6160.5,6746.5,0,0
SET266-KR-NP-XL,3915.0,6,3681.0,4040.0,0,0
SET266-KR-NP-XS,2194.0,3,4744.0,5335.5,0,0
SET266-KR-NP-XXL,1589.0,2,5265.5,5959.0,0,0
SET266-KR-NP-XXXL,5487.0,7,3062.0,3717.5,0,0
SET267-KR-NP-L,5669.05,7,2988.0,3717.5,0,0
SET267-KR-NP-M,4843.0,6,3301.0,4040.0,0,0
SET267-KR-NP-S,6575.0,8,2709.0,3433.0,0,0
SET267-KR-NP-XL,10824.0,13,1886.0,2460.0,0,0
SET267-KR-NP-XS,6816.0,8,2638.0,3433.0,0,0
SET267-KR-NP-XXL,16776.0,21,1291.0,1576.5,0,0
SET267-KR-NP-XXXL,5964.0,7,2885.5,3717.5,0,0
SET268-KR-NP-L,267093.0,361,14.0,15.0,0,0
SET268-KR-NP-M,126596.4,176,49.0,65.0,0,0
SET268-KR-NP-S,290020.48,387,10.0,12.0,0,0
SET268-KR-NP-XL,291830.96,385,9.0,14.0,0,0
SET268-KR-NP-XS,145568.48,192,39.0,53.0,0,0
SET268-KR-NP-XXL,149382.24,206,37.0,46.0,0,0
SET268-KR-NP-XXXL,108778.0,150,70.0,88.5,0,0
SET269-KR-NP-L,71039.95,89,163.0,219.0,0,0
SET269-KR-NP-M,66086.52,85,192.0,236.5,0,0
SET269-KR-NP-S,47221.0,61,335.0,402.5,0,0
SET269-KR-NP-XL,64443.23,79,200.0,266.0,0,0
SET269-KR-NP-XS,35369.76,45,515.0,637.0,0,0
SET269-KR-NP-XXL,32891.71,43,573.0,676.0,0,0
SET269-KR-NP-XXXL,32758.0,42,575.0,698.0,0,0
SET270-KR-PP-L,3946.0,7,3661.0,3717.5,0,0
SET270-KR-PP-M,568.0,1,6604.5,6746.5,0,1
SET270-KR-PP-S,5030.85,9,3224.0,3188.5,0,0
SET270-KR-PP-XL,2872.0,5,4264.0,4401.5,0,0
SET270-KR-PP-XXL,6221.0,11,2801.0,2774.0,0,0
SET271-KR-NP-M,885.0,1,6115.0,6746.5,0,0
SET271-KR-NP-S,8327.38,10,2300.0,2967.0,0,0
SET271-KR-NP-XL,919.05,1,6056.0,6746.5,0,0
SET271-KR-NP-XS,4455.0,5,3441.0,4401.5,0,0
SET271-KR-NP-XXL,16211.43,18,1324.0,1819.5,0,0
SET271-KR-NP-XXXL,885.0,1,6115.0,6746.5,0,0
SET272-KR-PP-A-S,852.0,1,6160.5,6746.5,0,0
SET272-KR-PP-L,4219.43,5,3539.0,4401.5,0,0
SET272-KR-PP-M,3408.0,6,3950.5,4040.0,0,0
SET272-KR-PP-S,12400.86,15,1680.0,2166.0,0,0
SET272-KR-PP-XL,11681.0,14,1772.0,2308.0,0,0
SET272-KR-PP-XXL,21042.0,25,1004.0,1307.0,0,0
SET273-KR-NP-L,3060.0,6,4135.5,4040.0,0,0
SET273-KR-NP-M,51277.58,85,289.0,236.5,0,0
SET273-KR-NP-S,80565.0,134,131.0,117.5,0,0
SET273-KR-NP-XL,6710.0,11,2667.0,2774.0,0,0
SET273-KR-NP-XS,32961.86,55,571.0,474.0,0,0
SET273-KR-NP-XXL,9727.86,16,2049.0,2039.0,0,0
SET273-KR-NP-XXXL,3665.0,6,3794.0,4040.0,0,0
SET274-KR-PP-L,676.0,1,6372.5,6746.5,0,0
SET274-KR-PP-M,1969.0,3,4928.0,5335.5,0,0
SET274-KR-PP-S,1422.0,2,5454.0,5959.0,0,0
SET274-KR-PP-XS,2620.0,4,4428.0,4820.5,0,0
SET274-KR-PP-XXXL,2011.14,3,4890.0,5335.5,0,0
SET275-KR-NP-L,1289.0,2,5572.0,5959.0,0,0
SET275-KR-NP-S,6963.0,11,2605.0,2774.0,0,0
SET275-KR-NP-XL,6445.0,10,2745.0,2967.0,0,0
SET275-KR-NP-XS,2471.0,4,4539.0,4820.5,0,0
SET275-KR-NP-XXL,2476.0,4,4534.5,4820.5,0,0
SET275-KR-NP-XXXL,5678.0,10,2982.0,2967.0,0,0
SET276-KR-PP-L,7885.0,7,2399.0,3717.5,0,0
SET276-KR-PP-M,7428.0,6,2496.0,4040.0,0,0
SET276-KR-PP-S,6190.0,5,2810.0,4401.5,0,0
SET276-KR-PP-XL,2476.0,2,4534.5,5959.0,0,0
SET276-KR-PP-XS,6116.0,5,2833.0,4401.5,0,0
SET276-KR-PP-XXL,8033.0,7,2364.0,3717.5,0,0
SET276-KR-PP-XXXL,4878.0,4,3284.5,4820.5,0,0
SET277-KR-NP-L,35421.0,27,512.0,1190.5,0,0
SET277-KR-NP-M,35356.0,27,516.0,1190.5,0,0
SET277-KR-NP-S,23332.0,19,911.0,1731.0,0,0
SET277-KR-NP-XL,20998.0,17,1007.0,1923.5,0,0
SET277-KR-NP-XS,10570.0,8,1925.0,3433.0,0,0
SET277-KR-NP-XXL,27756.46,24,724.0,1377.5,0,0
SET277-KR-NP-XXXL,27350.0,21,747.0,1576.5,0,0
SET278-KR-NP-L,109167.64,80,68.0,260.5,0,0
SET278-KR-NP-M,207871.14,150,22.0,88.5,0,0
SET278-KR-NP-S,126982.6,99,48.0,189.5,0,0
SET278-KR-NP-XL,104038.32,75,78.0,290.5,0,0
SET278-KR-NP-XS,81093.57,59,128.0,423.5,0,0
SET278-KR-NP-XXL,65821.64,48,195.0,584.5,0,0
SET278-KR-NP-XXXL,52646.57,36,275.0,849.5,0,0
SET279-LC-L,15152.66,18,1405.0,1819.5,0,0
SET279-LC-M,23233.76,27,917.0,1190.5,0,0
SET279-LC-S,28017.42,35,712.0,881.0,0,0
SET279-LC-XL,9485.0,11,2096.0,2774.0,0,0
SET279-LC-XS,19930.13,25,1061.0,1307.0,0,0
SET279-LC-XXL,10285.0,12,1969.0,2615.5,0,0
SET279-LC-XXXL,7655.71,9,2455.0,3188.5,0,0
SET280-KR-PP-L,3217.24,4,4046.0,4820.5,0,0
SET280-KR-PP-M,7975.0,10,2384.5,2967.0,0,0
SET280-KR-PP-S,37851.38,50,464.0,554.5,0,0
SET280-KR-PP-XL,1628.0,2,5224.5,5959.0,0,0
SET280-KR-PP-XS,17925.38,23,1198.0,1445.0,0,0
SET280-KR-PP-XXL,18117.0,23,1183.0,1445.0,0,0
SET280-KR-PP-XXXL,1628.0,2,5224.5,5959.0,0,0
SET281-KR-PP-A-S,499.0,1,6732.0,6746.5,0,1
SET281-KR-PP-A-XS,469.0,1,6797.0,6746.5,0,1
SET281-KR-PP-A-XXXL,469.0,1,6797.0,6746.5,0,1
SET281-KR-PP-L,11747.48,22,1767.0,1507.5,0,0
SET281-KR-PP-M,8863.2,18,2204.0,1819.5,0,0
SET281-KR-PP-S,3968.24,8,3647.0,3433.0,1,0
SET281-KR-PP-XL,9409.72,19,2115.0,1731.0,0,0
SET281-KR-PP-XXL,11583.0,24,1784.0,1377.5,0,0
SET282-KR-PP-L,38818.5,38,445.0,786.5,0,0
SET282-KR-PP-M,58534.0,56,226.0,460.0,0,0
SET282-KR-PP-S,24990.14,25,834.0,1307.0,0,0
SET282-KR-PP-XL,26018.32,26,796.0,1247.0,0,0
SET282-KR-PP-XS,17496.0,17,1237.0,1923.5,0,0
SET282-KR-PP-XXL,45388.5,45,357.0,637.0,0,0
SET282-KR-PP-XXXL,35454.0,35,511.0,881.0,0,0
SET285-KR-SHA-L,9544.24,19,2081.0,1731.0,0,0
SET285-KR-SHA-M,9171.0,20,2153.0,1651.5,0,0
SET285-KR-SHA-S,12158.72,24,1708.0,1377.5,0,0
SET285-KR-SHA-XL,2966.24,6,4197.0,4040.0,0,0
SET285-KR-SHA-XS,8378.0,17,2293.0,1923.5,0,0
SET285-KR-SHA-XXL,5444.0,11,3074.0,2774.0,0,0
SET285-KR-SHA-XXXL,5958.0,12,2888.0,2615.5,0,0
SET286-KR-NP-L,18209.38,30,1175.0,1061.0,0,0
SET286-KR-NP-M,18428.38,29,1163.0,1109.0,0,0
SET286-KR-NP-S,16680.0,26,1299.0,1247.0,0,0
SET286-KR-NP-XL,18549.29,29,1154.0,1109.0,0,0
SET286-KR-NP-XS,20249.0,32,1045.0,982.0,0,0
SET286-KR-NP-XXL,6918.0,12,2611.5,2615.5,0,0
SET286-KR-NP-XXXL,21504.0,34,985.0,912.5,0,0
SET287-KR-NP-L,15479.0,24,1376.0,1377.5,0,0
SET287-KR-NP-M,16654.58,27,1300.0,1190.5,0,0
SET287-KR-NP-S,8336.0,14,2299.0,2308.0,0,0
SET287-KR-NP-XL,5746.0,9,2958.0,3188.5,0,0
SET287-KR-NP-XS,6292.0,10,2783.5,2967.0,0,0
SET287-KR-NP-XXL,7607.0,12,2467.0,2615.5,0,0
SET287-KR-NP-XXXL,7082.0,11,2577.0,2774.0,0,0
SET288-KR-NP-L,17840.81,27,1205.0,1190.5,0,0
SET288-KR-NP-M,35487.43,52,510.0,526.5,0,0
SET288-KR-NP-S,12023.0,18,1730.0,1819.5,0,0
SET288-KR-NP-XL,28826.81,45,687.0,637.0,0,0
SET288-KR-NP-XS,15434.0,23,1381.0,1445.0,0,0
SET288-KR-NP-XXL,24532.86,38,857.0,786.5,0,0
SET288-KR-NP-XXXL,26986.65,42,760.0,698.0,0,0
SET289-KR-NP-L,2241.95,4,4710.0,4820.5,0,0
SET289-KR-NP-M,4227.0,7,3535.5,3717.5,0,0
SET289-KR-NP-S,1052.0,2,5842.5,5959.0,0,0
SET289-KR-NP-XL,5480.0,9,3064.0,3188.5,0,0
SET289-KR-NP-XS,2267.0,4,4691.5,4820.5,0,0
SET289-KR-NP-XXL,1578.0,3,5278.5,5335.5,0,0
SET289-KR-NP-XXXL,4893.0,8,3280.0,3433.0,0,0
SET290-KR-DPT-L,17413.29,24,1242.0,1377.5,0,0
SET290-KR-DPT-M,26344.29,34,779.0,912.5,0,0
SET290-KR-DPT-S,11566.87,15,1786.0,2166.0,0,0
SET290-KR-DPT-XL,19394.48,26,1094.0,1247.0,0,0
SET290-KR-DPT-XS,17113.0,23,1261.0,1445.0,0,0
SET290-KR-DPT-XXL,16949.52,23,1278.0,1445.0,0,0
SET290-KR-DPT-XXXL,17598.0,23,1224.0,1445.0,0,0
SET291-KR-PP-L,98148.37,173,88.0,67.0,0,0
SET291-KR-PP-M,118239.57,210,58.0,42.0,0,0
SET291-KR-PP-S,68577.19,121,181.0,134.5,0,0
SET291-KR-PP-XL,69322.24,119,176.0,139.5,0,0
SET291-KR-PP-XS,19142.44,32,1111.0,982.0,0,0
SET291-KR-PP-XXL,48008.99,85,327.0,236.5,0,0
SET291-KR-PP-XXXL,64485.12,115,199.0,150.5,0,0
SET293-KR-NP-L,52550.65,76,277.0,283.5,0,0
SET293-KR-NP-M,80738.57,122,129.0,132.0,0,0
SET293-KR-NP-S,58214.47,85,230.0,236.5,0,0
SET293-KR-NP-XL,51782.67,74,280.0,298.0,0,0
SET293-KR-NP-XS,60562.67,87,213.0,226.5,0,0
SET293-KR-NP-XXL,50424.24,74,299.0,298.0,0,0
SET293-KR-NP-XXXL,30573.15,43,626.0,676.0,0,0
SET295-KR-NP-L,4396.0,6,3459.5,4040.0,0,0
SET295-KR-NP-M,3012.24,4,4169.0,4820.5,0,0
SET295-KR-NP-S,10458.0,14,1941.0,2308.0,0,0
SET295-KR-NP-XL,5850.0,8,2926.0,3433.0,0,0
SET295-KR-NP-XS,28595.0,39,696.0,761.5,0,0
SET295-KR-NP-XXL,9058.0,12,2171.0,2615.5,0,0
SET295-KR-NP-XXXL,22675.76,31,941.0,1019.5,0,0
SET297-KR-NP-L,771.0,1,6266.0,6746.5,0,0
SET297-KR-NP-XXL,1542.0,2,5324.0,5959.0,0,0
SET297-KR-NP-XXXL,2313.0,3,4657.0,5335.5,0,0
SET299-KR-PP-L,2319.0,3,4649.0,5335.5,0,0
SET299-KR-PP-M,1650.0,2,5193.5,5959.0,0,0
SET299-KR-PP-S,4075.0,6,3600.5,4040.0,0,0
SET299-KR-PP-XL,1625.0,2,5229.0,5959.0,0,0
SET299-KR-PP-XS,825.0,1,6208.5,6746.5,0,0
SET299-KR-PP-XXL,3208.0,4,4051.5,4820.5,0,0
SET299-KR-PP-XXXL,5967.0,7,2882.5,3717.5,0,0
SET300-KR-NP-L,10408.42,11,1952.0,2774.0,0,0
SET300-KR-NP-M,15137.72,16,1408.0,2039.0,0,0
SET300-KR-NP-S,4537.0,5,3414.0,4401.5,0,0
SET300-KR-NP-XL,12325.95,14,1691.0,2308.0,0,0
SET300-KR-NP-XS,4809.0,5,3310.0,4401.5,0,0
SET300-KR-NP-XXL,5818.0,6,2938.0,4040.0,0,0
SET300-KR-NP-XXXL,7774.0,9,2418.0,3188.5,0,0
SET301-KR-PP-L,833.0,1,6198.0,6746.5,0,0
SET301-KR-PP-M,833.0,1,6198.0,6746.5,0,0
SET301-KR-PP-S,833.0,1,6198.0,6746.5,0,0
SET301-KR-PP-XL,0.0,1,7187.5,6746.5,0,1
SET301-KR-PP-XXL,833.0,1,6198.0,6746.5,0,0
SET302-KR-PP-L,11718.95,16,1771.0,2039.0,0,0
SET302-KR-PP-M,9851.1,12,2033.0,2615.5,0,0
SET302-KR-PP-S,8126.0,10,2345.0,2967.0,0,0
SET302-KR-PP-XL,5733.0,8,2965.5,3433.0,0,0
SET302-KR-PP-XS,7068.0,8,2578.5,3433.0,0,0
SET302-KR-PP-XXL,8246.0,10,2322.0,2967.0,0,0
SET302-KR-PP-XXXL,22823.39,29,938.0,1109.0,0,0
SET303-KR-NP-L,5034.0,6,3222.0,4040.0,0,0
SET303-KR-NP-M,6110.0,7,2836.5,3717.5,0,0
SET303-KR-NP-S,2611.0,3,4431.0,5335.5,0,0
SET303-KR-NP-XL,1776.0,2,5086.5,5959.0,0,0
SET303-KR-NP-XS,6216.0,7,2802.0,3717.5,0,0
SET303-KR-NP-XXL,5933.0,7,2897.0,3717.5,0,0
SET303-KR-NP-XXXL,1776.0,2,5086.5,5959.0,0,0
SET304-KR-DPT-L,91335.93,87,101.0,226.5,0,0
SET304-KR-DPT-M,70680.86,66,167.0,354.5,0,0
SET304-KR-DPT-S,71030.48,65,164.0,364.0,0,0
SET304-KR-DPT-XL,59983.92,55,219.0,474.0,0,0
SET304-KR-DPT-XS,114568.47,106,64.0,172.5,0,0
SET304-KR-DPT-XXL,44009.0,43,376.0,676.0,0,0
SET304-KR-DPT-XXXL,48886.54,43,315.0,676.0,0,0
SET305-KR-DPT-L,17535.0,19,1230.0,1731.0,0,0
SET305-KR-DPT-M,14853.95,16,1428.0,2039.0,0,0
SET305-KR-DPT-S,11090.0,12,1845.0,2615.5,0,0
SET305-KR-DPT-XL,6551.71,7,2714.0,3717.5,0,0
SET305-KR-DPT-XS,7262.0,8,2532.0,3433.0,0,0
SET305-KR-DPT-XXL,3742.0,4,3760.0,4820.5,0,0
SET305-KR-DPT-XXXL,8381.0,9,2292.0,3188.5,0,0
SET306-KR-PP-L,4667.72,6,3362.0,4040.0,0,0
SET306-KR-PP-M,4752.0,7,3328.0,3717.5,0,0
SET306-KR-PP-S,0.0,1,7187.5,6746.5,0,1
SET306-KR-PP-XL,5228.0,9,3147.0,3188.5,0,0
SET306-KR-PP-XS,2603.0,4,4437.5,4820.5,0,0
SET306-KR-PP-XXL,2676.0,4,4388.0,4820.5,0,0
SET306-KR-PP-XXXL,6106.0,9,2839.0,3188.5,0,0
SET307-KR-DPT-L,7316.0,10,2519.0,2967.0,0,0
SET307-KR-DPT-M,10268.95,15,1971.0,2166.0,0,0
SET307-KR-DPT-S,3671.0,5,3788.0,4401.5,0,0
SET307-KR-DPT-XL,5107.95,7,3197.0,3717.5,0,0
SET307-KR-DPT-XS,4014.0,6,3620.0,4040.0,0,0
SET307-KR-DPT-XXL,5064.0,7,3210.0,3717.5,0,0
SET307-KR-DPT-XXXL,8395.0,12,2289.0,2615.5,0,0
SET308-KR-PP-L,3438.0,5,3928.0,4401.5,0,0
SET308-KR-PP-M,4085.0,6,3594.5,4040.0,0,0
SET308-KR-PP-S,6869.0,10,2623.0,2967.0,0,0
SET308-KR-PP-XL,2141.0,4,4784.5,4820.5,0,0
SET308-KR-PP-XS,2088.0,3,4825.0,5335.5,0,0
SET308-KR-PP-XXL,2784.0,4,4317.0,4820.5,0,0
SET308-KR-PP-XXXL,6309.0,9,2778.0,3188.5,0,0
SET310-KR-NP-L,33669.29,33,555.0,945.5,0,0
SET310-KR-NP-M,25343.0,27,816.0,1190.5,0,0
SET310-KR-NP-S,16626.0,16,1304.0,2039.0,0,0
SET310-KR-NP-XL,20180.43,20,1049.0,1651.5,0,0
SET310-KR-NP-XS,16364.43,17,1317.0,1923.5,0,0
SET310-KR-NP-XXL,20348.0,21,1040.0,1576.5,0,0
SET310-KR-NP-XXXL,23534.29,25,905.0,1307.0,0,0
SET311-KR-NP-L,2922.0,3,4226.5,5335.5,0,0
SET311-KR-NP-S,974.0,1,5985.5,6746.5,0,0
SET311-KR-NP-XL,925.0,1,6047.0,6746.5,0,0
SET311-KR-NP-XS,925.0,1,6047.0,6746.5,0,0
SET313-KR-NP-L,5595.0,5,3019.0,4401.5,0,0
SET313-KR-NP-M,4496.0,4,3425.0,4820.5,0,0
SET313-KR-NP-S,1099.0,1,5795.5,6746.5,0,0
SET313-KR-NP-XL,1099.0,3,5795.5,5335.5,0,0
SET313-KR-NP-XS,3297.0,3,4006.0,5335.5,0,0
SET313-KR-NP-XXL,3145.0,4,4088.0,4820.5,0,0
SET313-KR-NP-XXXL,2046.0,2,4869.5,5959.0,0,0
SET315-KR-PP-L,852.0,1,6160.5,6746.5,0,0
SET315-KR-PP-M,1420.0,2,5455.5,5959.0,0,0
SET315-KR-PP-XL,1304.0,2,5556.0,5959.0,0,0
SET315-KR-PP-XXXL,2425.0,3,4575.0,5335.5,0,0
SET316-KR-DPT-L,14820.89,13,1433.0,2460.0,0,0
SET316-KR-DPT-M,11826.89,10,1757.0,2967.0,0,0
SET316-KR-DPT-S,11789.0,11,1761.0,2774.0,0,0
SET316-KR-DPT-XL,12244.36,11,1701.0,2774.0,0,0
SET316-KR-DPT-XS,10847.0,10,1883.0,2967.0,0,0
SET316-KR-DPT-XXL,8082.65,7,2354.0,3717.5,0,0
SET316-KR-DPT-XXXL,17065.0,14,1265.0,2308.0,0,0
SET317-KR-PP-L,31454.54,27,603.0,1190.5,0,0
SET317-KR-PP-M,24771.47,22,842.0,1507.5,0,0
SET317-KR-PP-S,22611.0,19,944.0,1731.0,0,0
SET317-KR-PP-XL,23131.0,21,925.0,1576.5,0,0
SET317-KR-PP-XS,11990.0,10,1736.0,2967.0,0,0
SET317-KR-PP-XXL,26231.86,25,785.0,1307.0,0,0
SET317-KR-PP-XXXL,15347.54,13,1389.0,2460.0,0,0
SET318-KR-SHA-L,8554.0,8,2265.0,3433.0,0,0
SET318-KR-SHA-M,12598.43,13,1656.0,2460.0,0,0
SET318-KR-SHA-S,6147.0,6,2823.0,4040.0,0,0
SET318-KR-SHA-XL,6239.0,7,2798.5,3717.5,0,0
SET318-KR-SHA-XS,5846.43,6,2927.0,4040.0,0,0
SET318-KR-SHA-XXL,2304.0,2,4664.0,5959.0,0,0
SET318-KR-SHA-XXXL,2603.0,3,4437.5,5335.5,0,0
SET319-KR-NP-L,34635.71,42,533.0,698.0,0,0
SET319-KR-NP-M,57152.66,69,240.0,328.5,0,0
SET319-KR-NP-S,42819.67,52,389.0,526.5,0,0
SET319-KR-NP-XL,50682.24,60,295.0,411.5,0,0
SET319-KR-NP-XS,30543.1,35,627.0,881.0,0,0
SET319-KR-NP-XXL,19320.0,24,1096.0,1377.5,0,0
SET319-KR-NP-XXXL,15372.0,18,1387.0,1819.5,0,0
SET320-KR-NP-L,5921.0,7,2902.0,3717.5,0,0
SET320-KR-NP-M,15707.0,20,1362.0,1651.5,0,0
SET320-KR-NP-S,24329.0,30,869.0,1061.0,0,0
SET320-KR-NP-XL,14005.76,17,1506.0,1923.5,0,0
SET320-KR-NP-XS,18177.67,22,1178.0,1507.5,0,0
SET320-KR-NP-XXL,18769.43,22,1138.0,1507.5,0,0
SET320-KR-NP-XXXL,36914.29,45,484.0,637.0,0,0
SET321-KR-DPT-L,3506.0,4,3884.0,4820.5,0,0
SET321-KR-DPT-M,10744.0,12,1900.0,2615.5,0,0
SET321-KR-DPT-S,4751.0,5,3329.0,4401.5,0,0
SET321-KR-DPT-XL,10123.0,11,1994.0,2774.0,0,0
SET321-KR-DPT-XS,4365.0,5,3480.0,4401.5,0,0
SET321-KR-DPT-XXL,2861.0,3,4268.5,5335.5,0,0
SET321-KR-DPT-XXXL,2873.0,3,4261.5,5335.5,0,0
SET322-KR-SHA-L,20836.0,20,1019.0,1651.5,0,0
SET322-KR-SHA-M,29252.0,28,670.0,1147.0,0,0
SET322-KR-SHA-S,25128.5,24,825.0,1377.5,0,0
SET322-KR-SHA-XL,23684.0,22,903.0,1507.5,0,0
SET322-KR-SHA-XS,18826.25,18,1132.0,1819.5,0,0
SET322-KR-SHA-XXL,26849.0,25,764.0,1307.0,0,0
SET322-KR-SHA-XXXL,23222.0,22,918.0,1507.5,0,0
SET323-KR-NP-L,21076.3,23,1001.0,1445.0,0,0
SET323-KR-NP-M,30234.57,31,638.0,1019.5,0,0
SET323-KR-NP-S,23236.14,24,916.0,1377.5,0,0
SET323-KR-NP-XL,13074.43,15,1604.0,2166.0,0,0
SET323-KR-NP-XS,15534.58,16,1374.0,2039.0,0,0
SET323-KR-NP-XXL,14171.0,15,1494.0,2166.0,0,0
SET323-KR-NP-XXXL,9750.0,11,2043.0,2774.0,0,0
SET324-KR-NP-L,144714.61,243,41.0,30.0,0,0
SET324-KR-NP-M,183725.92,305,26.0,19.0,0,0
SET324-KR-NP-S,103021.66,172,79.0,68.0,0,0
SET324-KR-NP-XL,86796.94,147,114.0,94.5,0,0
SET324-KR-NP-XS,91577.08,149,100.0,90.5,0,0
SET324-KR-NP-XXL,96204.85,163,93.0,76.5,0,0
SET324-KR-NP-XXXL,60011.76,103,218.0,179.0,0,0
SET325-KR-NP-L,8556.71,13,2264.0,2460.0,0,0
SET325-KR-NP-M,12511.58,19,1664.0,1731.0,0,0
SET325-KR-NP-S,10339.58,16,1965.0,2039.0,0,0
SET325-KR-NP-XL,6628.29,10,2687.0,2967.0,0,0
SET325-KR-NP-XS,8617.29,13,2252.0,2460.0,0,0
SET325-KR-NP-XXL,4601.0,7,3389.0,3717.5,0,0
SET325-KR-NP-XXXL,2664.0,4,4398.0,4820.5,0,0
SET326-KR-PP-L,3321.0,5,3996.5,4401.5,0,0
SET326-KR-PP-M,1957.29,3,4936.0,5335.5,0,0
SET326-KR-PP-S,2655.0,4,4408.0,4820.5,0,0
SET326-KR-PP-XL,1989.0,3,4909.0,5335.5,0,0
SET326-KR-PP-XS,1998.0,3,4898.5,5335.5,0,0
SET326-KR-PP-XXL,1323.0,2,5542.0,5959.0,0,0
SET326-KR-PP-XXXL,3312.0,5,4000.0,4401.5,0,0
SET327-KR-DPT-L,57543.72,63,235.0,384.0,0,0
SET327-KR-DPT-M,59104.43,62,223.0,393.5,0,0
SET327-KR-DPT-S,30361.29,33,635.0,945.5,0,0
SET327-KR-DPT-XL,42957.29,45,387.0,637.0,0,0
SET327-KR-DPT-XS,20121.86,22,1051.0,1507.5,0,0
SET327-KR-DPT-XXL,31031.0,32,614.0,982.0,0,0
SET327-KR-DPT-XXXL,26634.86,30,769.0,1061.0,0,0
SET328-KR-NP-L,35769.76,64,499.0,374.0,0,0
SET328-KR-NP-M,31621.05,56,595.0,460.0,0,0
SET328-KR-NP-S,16028.0,29,1340.0,1109.0,0,0
SET328-KR-NP-XL,30014.05,56,649.0,460.0,0,0
SET328-KR-NP-XS,13816.05,24,1525.0,1377.5,0,0
SET328-KR-NP-XXL,16896.1,31,1284.0,1019.5,0,0
SET328-KR-NP-XXXL,9018.0,17,2174.0,1923.5,0,0
SET329-KR-NP-L,23865.29,36,891.0,849.5,0,0
SET329-KR-NP-M,23842.58,37,892.0,816.5,0,0
SET329-KR-NP-S,21076.87,32,1000.0,982.0,0,0
SET329-KR-NP-XL,15225.29,23,1401.0,1445.0,0,0
SET329-KR-NP-XS,13259.0,20,1574.0,1651.5,0,0
SET329-KR-NP-XXL,12529.58,20,1661.0,1651.5,0,0
SET329-KR-NP-XXXL,11141.29,17,1833.0,1923.5,0,0
SET330-KR-PP-L,9853.29,17,2032.0,1923.5,0,0
SET330-KR-PP-M,12337.58,21,1688.0,1576.5,0,0
SET330-KR-PP-S,14543.0,25,1462.5,1307.0,0,0
SET330-KR-PP-XL,8132.0,14,2342.0,2308.0,0,0
SET330-KR-PP-XS,7487.0,13,2481.0,2460.0,0,0
SET330-KR-PP-XXL,5174.0,9,3164.0,3188.5,0,0
SET330-KR-PP-XXXL,14140.58,24,1496.0,1377.5,0,0
SET331-KR-NP-L,106108.52,175,74.0,66.0,0,0
SET331-KR-NP-M,118027.95,197,60.0,50.0,0,0
SET331-KR-NP-S,89106.67,148,106.0,92.5,0,0
SET331-KR-NP-XL,81555.0,143,127.0,99.5,0,0
SET331-KR-NP-XS,53932.71,87,264.0,226.5,0,0
SET331-KR-NP-XXL,51302.0,92,287.0,211.0,0,0
SET331-KR-NP-XXXL,75080.0,123,148.0,129.5,0,0
SET332-KR-PP-L,8661.86,16,2244.0,2039.0,0,0
SET332-KR-PP-M,5554.0,10,3033.0,2967.0,0,0
SET332-KR-PP-S,5891.86,12,2915.0,2615.5,0,0
SET332-KR-PP-XL,5967.0,11,2882.5,2774.0,0,0
SET332-KR-PP-XS,6015.0,11,2863.5,2774.0,0,0
SET332-KR-PP-XXL,3771.0,7,3747.0,3717.5,0,0
SET332-KR-PP-XXXL,9735.86,18,2048.0,1819.5,0,0
SET333-KR-DPT-L,31630.66,34,594.0,912.5,0,0
SET333-KR-DPT-M,26457.95,29,775.0,1109.0,0,0
SET333-KR-DPT-S,49134.61,53,311.0,508.0,0,0
SET333-KR-DPT-XL,34854.71,37,525.0,816.5,0,0
SET333-KR-DPT-XS,34113.85,35,542.0,881.0,0,0
SET333-KR-DPT-XXL,29865.0,32,659.0,982.0,0,0
SET333-KR-DPT-XXXL,30131.95,32,644.0,982.0,0,0
SET334-KR-NP-L,9284.0,15,2138.0,2166.0,0,0
SET334-KR-NP-M,7246.0,11,2538.0,2774.0,0,0
SET334-KR-NP-S,9134.0,14,2156.0,2308.0,0,0
SET334-KR-NP-XL,3956.0,8,3651.0,3433.0,1,0
SET334-KR-NP-XS,7068.0,11,2578.5,2774.0,0,0
SET334-KR-NP-XXL,6458.0,10,2740.0,2967.0,0,0
SET334-KR-NP-XXXL,1909.0,3,4983.0,5335.5,0,0
SET335-KR-NP-L,11272.48,15,1816.0,2166.0,0,0
SET335-KR-NP-M,18488.77,24,1159.0,1377.5,0,0
SET335-KR-NP-S,8957.29,12,2186.0,2615.5,0,0
SET335-KR-NP-XL,8177.0,13,2335.0,2460.0,0,0
SET335-KR-NP-XS,7572.0,10,2470.0,2967.0,0,0
SET335-KR-NP-XXL,6847.0,9,2626.0,3188.5,0,0
SET335-KR-NP-XXXL,11104.29,16,1840.0,2039.0,0,0
SET336-KR-NP-L,2563.0,3,4475.0,5335.5,0,0
SET336-KR-NP-M,865.0,1,6136.5,6746.5,0,0
SET336-KR-NP-S,3322.81,4,3995.0,4820.5,0,0
SET336-KR-NP-XS,874.0,1,6129.0,6746.5,0,0
SET336-KR-NP-XXL,833.0,1,6198.0,6746.5,0,0
SET337-KR-NP-L,6092.0,7,2844.0,3717.5,0,0
SET337-KR-NP-M,7798.38,9,2413.0,3188.5,0,0
SET337-KR-NP-S,4328.38,5,3494.0,4401.5,0,0
SET337-KR-NP-XL,874.0,1,6129.0,6746.5,0,0
SET337-KR-NP-XS,1748.0,2,5106.0,5959.0,0,0
SET337-KR-NP-XXL,874.0,1,6129.0,6746.5,0,0
SET338-KR-NP-L,2185.0,2,4749.0,5959.0,0,0
SET338-KR-NP-M,2185.0,2,4749.0,5959.0,0,0
SET338-KR-NP-S,3996.0,4,3628.0,4820.5,0,0
SET338-KR-NP-XL,4965.0,5,3254.0,4401.5,0,0
SET338-KR-NP-XS,2997.0,3,4181.0,5335.5,0,0
SET338-KR-NP-XXL,3936.0,4,3668.0,4820.5,0,0
SET339-KR-NP-L,29930.72,45,655.0,637.0,0,0
SET339-KR-NP-M,28297.0,43,707.0,676.0,0,0
SET339-KR-NP-S,18291.81,29,1172.0,1109.0,0,0
SET339-KR-NP-XL,25734.86,37,807.0,816.5,0,0
SET339-KR-NP-XS,16948.0,25,1279.0,1307.0,0,0
SET339-KR-NP-XXL,25985.86,40,797.0,740.0,0,0
SET339-KR-NP-XXXL,31293.96,45,607.0,637.0,0,0
SET340-KR-NP-L,11374.9,15,1806.0,2166.0,0,0
SET340-KR-NP-M,7798.0,10,2414.0,2967.0,0,0
SET340-KR-NP-S,21874.95,29,970.0,1109.0,0,0
SET340-KR-NP-XL,7792.0,10,2416.0,2967.0,0,0
SET340-KR-NP-XS,17811.24,24,1208.0,1377.5,0,0
SET340-KR-NP-XXL,10252.96,13,1973.0,2460.0,0,0
SET340-KR-NP-XXXL,10041.0,14,2005.0,2308.0,0,0
SET341-KR-NP-L,20700.0,23,1023.0,1445.0,0,0
SET341-KR-NP-M,19501.0,24,1084.0,1377.5,0,0
SET341-KR-NP-S,18131.19,22,1180.0,1507.5,0,0
SET341-KR-NP-XL,29071.19,33,677.0,945.5,0,0
SET341-KR-NP-XS,9233.0,11,2144.5,2774.0,0,0
SET341-KR-NP-XXL,12945.0,15,1618.0,2166.0,0,0
SET341-KR-NP-XXXL,13660.0,15,1540.0,2166.0,0,0
SET342-KR-NP-N-L,27997.52,34,713.0,912.5,0,0
SET342-KR-NP-N-M,32612.38,38,578.0,786.5,0,0
SET342-KR-NP-N-S,13839.0,16,1523.0,2039.0,0,0
SET342-KR-NP-N-XL,34616.0,40,534.0,740.0,0,0
SET342-KR-NP-N-XS,22307.0,26,953.0,1247.0,0,0
SET342-KR-NP-N-XXL,12515.0,18,1663.0,1819.5,0,0
SET342-KR-NP-N-XXXL,16276.0,19,1323.0,1731.0,0,0
SET343-KR-NP-L,30376.0,38,634.0,786.5,0,0
SET343-KR-NP-M,25938.38,34,799.0,912.5,0,0
SET343-KR-NP-S,11426.52,16,1801.0,2039.0,0,0
SET343-KR-NP-XL,25102.71,31,827.0,1019.5,0,0
SET343-KR-NP-XS,13684.0,16,1537.0,2039.0,0,0
SET343-KR-NP-XXL,20818.9,26,1020.0,1247.0,0,0
SET343-KR-NP-XXXL,18014.0,21,1187.0,1576.5,0,0
SET344-KR-NP-L,40707.8,46,415.0,616.0,0,0
SET344-KR-NP-M,38190.19,42,456.0,698.0,0,0
SET344-KR-NP-S,23145.0,27,923.0,1190.5,0,0
SET344-KR-NP-XL,33556.0,38,558.0,786.5,0,0
SET344-KR-NP-XS,19266.0,21,1100.0,1576.5,0,0
SET344-KR-NP-XXL,57092.28,65,241.0,364.0,0,0
SET344-KR-NP-XXXL,31515.8,35,601.0,881.0,0,0
SET345-KR-NP-L,136256.74,215,43.0,37.0,0,0
SET345-KR-NP-M,167930.95,272,30.0,27.0,0,0
SET345-KR-NP-S,119953.81,192,55.0,53.0,0,0
SET345-KR-NP-XL,114653.52,181,63.0,60.0,0,0
SET345-KR-NP-XS,83128.58,130,124.0,123.0,0,0
SET345-KR-NP-XXL,90709.0,147,102.0,94.5,0,0
SET345-KR-NP-XXXL,69403.19,112,174.0,159.5,0,0
SET346-KR-PP-L,3210.0,4,4050.0,4820.5,0,0
SET346-KR-PP-M,4621.0,6,3379.0,4040.0,0,0
SET346-KR-PP-S,2459.0,3,4548.0,5335.5,0,0
SET346-KR-PP-XL,11201.0,14,1823.0,2308.0,0,0
SET346-KR-PP-XS,3064.0,4,4133.0,4820.5,0,0
SET346-KR-PP-XXL,4758.0,7,3326.0,3717.5,0,0
SET346-KR-PP-XXXL,3870.0,5,3699.0,4401.5,0,0
SET347-KR-NP-L,26374.62,34,778.0,912.5,0,0
SET347-KR-NP-M,24255.43,30,873.0,1061.0,0,0
SET347-KR-NP-S,48768.86,59,316.0,423.5,0,0
SET347-KR-NP-XL,31354.78,39,605.0,761.5,0,0
SET347-KR-NP-XS,54375.15,67,261.0,345.0,0,0
SET347-KR-NP-XXL,19404.62,24,1092.0,1377.5,0,0
SET347-KR-NP-XXXL,11164.43,14,1830.0,2308.0,0,0
SET348-KR-NP-L,43862.57,50,378.0,554.5,0,0
SET348-KR-NP-M,44159.0,50,374.0,554.5,0,0
SET348-KR-NP-S,17334.0,20,1247.0,1651.5,0,0
SET348-KR-NP-XL,41354.67,45,408.0,637.0,0,0
SET348-KR-NP-XS,22597.0,26,945.0,1247.0,0,0
SET348-KR-NP-XXL,32589.09,39,579.0,761.5,0,0
SET348-KR-NP-XXXL,22886.0,25,932.0,1307.0,0,0
SET349-KR-NP-L,17410.29,20,1243.0,1651.5,0,0
SET349-KR-NP-M,18344.0,18,1170.0,1819.5,0,0
SET349-KR-NP-S,27155.9,29,754.0,1109.0,0,0
SET349-KR-NP-XL,30465.8,33,630.0,945.5,0,0
SET349-KR-NP-XS,23392.0,24,910.0,1377.5,0,0
SET349-KR-NP-XXL,37975.73,41,461.0,718.0,0,0
SET349-KR-NP-XXXL,38668.29,42,450.0,698.0,0,0
SET350-KR-NP-L,77583.19,70,138.0,321.5,0,0
SET350-KR-NP-M,55264.82,50,251.0,554.5,0,0
SET350-KR-NP-S,27969.0,25,714.0,1307.0,0,0
SET350-KR-NP-XL,69682.16,63,173.0,384.0,0,0
SET350-KR-NP-XS,28520.18,26,701.0,1247.0,0,0
SET350-KR-NP-XXL,28873.0,28,685.0,1147.0,0,0
SET350-KR-NP-XXXL,39149.0,34,439.0,912.5,0,0
SET351-KR-NP-L,14801.0,25,1434.0,1307.0,0,0
SET351-KR-NP-M,16168.48,29,1330.0,1109.0,0,0
SET351-KR-NP-S,9476.0,16,2098.0,2039.0,0,0
SET351-KR-NP-XL,13717.0,24,1533.0,1377.5,0,0
SET351-KR-NP-XS,5355.0,9,3098.5,3188.5,0,0
SET351-KR-NP-XXL,7715.0,13,2439.0,2460.0,0,0
SET351-KR-NP-XXXL,7764.48,13,2421.0,2460.0,0,0
SET352-KR-NP-L,1957.0,4,4937.0,4820.5,0,0
SET352-KR-NP-M,3474.72,7,3911.0,3717.5,0,0
SET352-KR-NP-S,1944.0,4,4952.0,4820.5,0,0
SET352-KR-NP-XL,3666.0,7,3792.0,3717.5,0,0
SET352-KR-NP-XXL,1471.0,3,5394.0,5335.5,0,0
SET352-KR-NP-XXXL,4387.0,9,3464.0,3188.5,0,0
SET353-KR-NP-L,7776.0,9,2417.0,3188.5,0,0
SET353-KR-NP-M,1776.0,2,5086.5,5959.0,0,0
SET353-KR-NP-S,6166.0,7,2816.0,3717.5,0,0
SET353-KR-NP-XL,1776.0,2,5086.5,5959.0,0,0
SET353-KR-NP-XS,2592.0,3,4451.0,5335.5,0,0
SET353-KR-NP-XXL,888.0,2,6108.5,5959.0,0,0
SET353-KR-NP-XXXL,6999.0,9,2593.5,3188.5,0,0
SET355-KR-PP-L,18458.11,14,1160.0,2308.0,0,0
SET355-KR-PP-M,21423.0,17,989.0,1923.5,0,0
SET355-KR-PP-S,43660.62,38,381.0,786.5,0,0
SET355-KR-PP-XL,26878.22,21,763.0,1576.5,0,0
SET355-KR-PP-XS,28655.96,24,694.0,1377.5,0,0
SET355-KR-PP-XXL,30395.22,24,632.0,1377.5,0,0
SET355-KR-PP-XXXL,22125.0,19,961.0,1731.0,0,0
SET356-KR-NP-L,30207.0,30,639.0,1061.0,0,0
SET356-KR-NP-M,30700.0,30,620.0,1061.0,0,0
SET356-KR-NP-S,27564.0,28,737.0,1147.0,0,0
SET356-KR-NP-XL,39887.4,40,427.0,740.0,0,0
SET356-KR-NP-XS,31189.86,32,610.0,982.0,0,0
SET356-KR-NP-XXL,29455.86,29,667.0,1109.0,0,0
SET356-KR-NP-XXXL,40009.86,40,426.0,740.0,0,0
SET357-KR-NP-L,50563.77,70,296.0,321.5,0,0
SET357-KR-NP-M,51682.67,69,281.0,328.5,0,0
SET357-KR-NP-S,42048.12,58,398.0,435.5,0,0
SET357-KR-NP-XL,39365.16,53,436.0,508.0,0,0
SET357-KR-NP-XS,28801.16,38,688.0,786.5,0,0
SET357-KR-NP-XXL,27707.0,40,730.0,740.0,0,0
SET357-KR-NP-XXXL,30195.29,41,640.0,718.0,0,0
SET358-KR-NP-L,3741.0,4,3761.0,4820.5,0,0
SET358-KR-NP-M,18669.25,18,1143.0,1819.5,0,0
SET358-KR-NP-S,15499.14,16,1375.0,2039.0,0,0
SET358-KR-NP-XL,1477.0,1,5381.0,6746.5,0,0
SET358-KR-NP-XS,14297.0,12,1483.0,2615.5,0,0
SET358-KR-NP-XXL,8701.0,8,2232.0,3433.0,0,0
SET358-KR-NP-XXXL,17959.29,15,1192.0,2166.0,0,0
SET359-KR-NP-L,23912.0,25,889.0,1307.0,0,0
SET359-KR-NP-M,16419.19,18,1313.0,1819.5,0,0
SET359-KR-NP-S,6399.0,7,2758.0,3717.5,0,0
SET359-KR-NP-XL,23160.38,25,922.0,1307.0,0,0
SET359-KR-NP-XS,3769.0,4,3749.0,4820.5,0,0
SET359-KR-NP-XXL,10999.0,13,1857.0,2460.0,0,0
SET359-KR-NP-XXXL,21205.19,23,997.0,1445.0,0,0
SET360-KR-NP-L,38096.65,34,458.0,912.5,0,0
SET360-KR-NP-M,15306.0,16,1396.0,2039.0,0,0
SET360-KR-NP-S,18131.0,16,1181.0,2039.0,0,0
SET360-KR-NP-XL,36925.36,33,483.0,945.5,0,0
SET360-KR-NP-XS,3983.0,4,3639.0,4820.5,0,0
SET360-KR-NP-XXL,33529.72,29,559.0,1109.0,0,0
SET360-KR-NP-XXXL,33984.64,30,546.0,1061.0,0,0
SET361-KR-NP-L,0.0,1,7187.5,6746.5,0,1
SET361-KR-NP-M,15545.0,13,1373.0,2460.0,0,0
SET361-KR-NP-S,27469.0,24,740.0,1377.5,0,0
SET361-KR-NP-XS,20843.0,17,1018.0,1923.5,0,0
SET363-KR-NP-L,54971.42,45,256.0,637.0,0,0
SET363-KR-NP-M,46377.92,39,346.0,761.5,0,0
SET363-KR-NP-S,42264.0,36,395.0,849.5,0,0
SET363-KR-NP-XL,65091.14,55,197.0,474.0,0,0
SET363-KR-NP-XS,37164.54,30,478.0,1061.0,0,0
SET363-KR-NP-XXL,73270.32,64,156.0,374.0,0,0
SET363-KR-NP-XXXL,56417.42,50,244.0,554.5,0,0
SET364-KR-NP-L,42628.08,40,390.0,740.0,0,0
SET364-KR-NP-M,46211.08,44,348.0,657.0,0,0
SET364-KR-NP-S,23195.36,23,919.0,1445.0,0,0
SET364-KR-NP-XL,34257.36,31,540.0,1019.5,0,0
SET364-KR-NP-XS,13427.0,12,1561.0,2615.5,0,0
SET364-KR-NP-XXL,51087.36,45,292.0,637.0,0,0
SET364-KR-NP-XXXL,2476.0,2,4534.5,5959.0,0,0
SET365-KR-NP-L,28916.25,30,684.0,1061.0,0,0
SET365-KR-NP-M,35544.0,32,508.0,982.0,0,0
SET365-KR-NP-S,15006.0,13,1417.0,2460.0,0,0
SET365-KR-NP-XL,4304.25,4,3502.0,4820.5,0,0
SET365-KR-NP-XS,8028.0,7,2368.0,3717.5,0,0
SET365-KR-NP-XXL,26096.64,24,791.0,1377.5,0,0
SET365-KR-NP-XXXL,10817.25,10,1888.0,2967.0,0,0
SET366-KR-NP-L,23010.93,20,929.0,1651.5,0,0
SET366-KR-NP-M,14975.86,14,1420.0,2308.0,0,0
SET366-KR-NP-S,23140.54,20,924.0,1651.5,0,0
SET366-KR-NP-XL,7839.0,6,2407.5,4040.0,0,0
SET366-KR-NP-XS,30641.93,25,621.0,1307.0,0,0
SET366-KR-NP-XXL,34829.4,33,526.0,945.5,0,0
SET366-KR-NP-XXXL,17949.93,17,1195.0,1923.5,0,0
SET369-KR-NP-L,17709.0,13,1213.0,2460.0,0,0
SET369-KR-NP-M,20005.43,15,1056.0,2166.0,0,0
SET369-KR-NP-S,25937.32,22,800.0,1507.5,0,0
SET369-KR-NP-XL,15155.11,11,1404.0,2774.0,0,0
SET369-KR-NP-XS,8593.0,7,2256.0,3717.5,0,0
SET369-KR-NP-XXL,53276.0,43,271.0,676.0,0,0
SET369-KR-NP-XXXL,19593.32,16,1080.0,2039.0,0,0
SET372-KR-PP-L,1272.0,2,5591.0,5959.0,0,0
SET372-KR-PP-M,667.0,1,6382.0,6746.5,0,0
SET372-KR-PP-S,647.0,1,6420.5,6746.5,0,0
SET372-KR-PP-XL,1334.0,2,5528.0,5959.0,0,0
SET372-KR-PP-XS,667.0,1,6382.0,6746.5,0,0
SET372-KR-PP-XXL,699.0,1,6333.5,6746.5,0,0
SET372-KR-PP-XXXL,2668.0,4,4394.5,4820.5,0,0
SET373-KR-PP-L,774.0,1,6257.0,6746.5,0,0
SET373-KR-PP-M,774.0,2,6257.0,5959.0,0,0
SET373-KR-PP-S,1673.0,2,5179.0,5959.0,0,0
SET373-KR-PP-XL,3073.0,4,4125.0,4820.5,0,0
SET373-KR-PP-XS,774.0,1,6257.0,6746.5,0,0
SET373-KR-PP-XXL,2322.0,3,4647.5,5335.5,0,0
SET373-KR-PP-XXXL,1548.0,2,5314.5,5959.0,0,0
SET374-KR-NP-L,82763.52,135,125.0,115.5,0,0
SET374-KR-NP-M,74367.97,117,152.0,146.0,0,0
SET374-KR-NP-S,63065.14,104,207.0,177.5,0,0
SET374-KR-NP-XL,73324.14,118,155.0,142.0,0,0
SET374-KR-NP-XS,61353.15,99,211.0,189.5,0,0
SET374-KR-NP-XXL,54262.57,90,262.0,216.0,0,0
SET374-KR-NP-XXXL,47763.71,77,332.0,277.0,0,0
SET375-KR-NP-L,20390.44,31,1038.0,1019.5,0,0
SET375-KR-NP-M,23775.3,35,899.0,881.0,0,0
SET375-KR-NP-S,17947.86,26,1196.0,1247.0,0,0
SET375-KR-NP-XL,19289.0,29,1098.0,1109.0,0,0
SET375-KR-NP-XS,10813.44,16,1889.0,2039.0,0,0
SET375-KR-NP-XXL,10862.86,16,1881.0,2039.0,0,0
SET375-KR-NP-XXXL,17904.0,26,1200.0,1247.0,0,0
SET376-KR-NP-L,7479.28,13,2482.0,2460.0,0,0
SET376-KR-NP-M,6845.0,12,2627.5,2615.5,0,0
SET376-KR-NP-S,6799.32,13,2645.0,2460.0,0,0
SET376-KR-NP-XL,3360.0,6,3976.0,4040.0,0,0
SET376-KR-NP-XS,8596.33,16,2255.0,2039.0,0,0
SET376-KR-NP-XXL,2329.0,4,4643.0,4820.5,0,0
SET376-KR-NP-XXXL,4586.0,8,3393.0,3433.0,0,0
SET377-KR-NP-L,16280.0,14,1322.0,2308.0,0,0
SET377-KR-NP-M,17757.08,16,1211.0,2039.0,0,0
SET377-KR-NP-S,44300.36,41,370.0,718.0,0,0
SET377-KR-NP-XL,26648.37,24,768.0,1377.5,0,0
SET377-KR-NP-XS,45457.17,43,355.0,676.0,0,0
SET377-KR-NP-XXL,40558.78,36,417.0,849.5,0,0
SET377-KR-NP-XXXL,32370.43,30,580.0,1061.0,0,0
SET378-KR-NP-L,22464.0,18,948.0,1819.5,0,0
SET378-KR-NP-M,17376.0,14,1246.0,2308.0,0,0
SET378-KR-NP-S,38865.79,34,444.0,912.5,0,0
SET378-KR-NP-XL,13731.0,11,1532.0,2774.0,0,0
SET378-KR-NP-XS,27282.82,24,749.0,1377.5,0,0
SET378-KR-NP-XXL,29902.0,23,656.0,1445.0,0,0
SET378-KR-NP-XXXL,14970.0,12,1421.0,2615.5,0,0
SET380-KR-NP-L,12449.0,14,1674.0,2308.0,0,0
SET380-KR-NP-M,31804.16,32,593.0,982.0,0,0
SET380-KR-NP-S,25912.0,25,803.0,1307.0,0,0
SET380-KR-NP-XL,12335.0,13,1689.5,2460.0,0,0
SET380-KR-NP-XS,14874.0,14,1426.0,2308.0,0,0
SET380-KR-NP-XXL,13294.0,12,1570.0,2615.5,0,0
SET380-KR-NP-XXXL,15991.0,16,1346.5,2039.0,0,0
SET383-KR-NP-L,33747.71,56,553.0,460.0,0,0
SET383-KR-NP-M,25220.85,41,822.0,718.0,0,0
SET383-KR-NP-S,7325.48,12,2516.0,2615.5,0,0
SET383-KR-NP-XL,12542.0,20,1660.0,1651.5,0,0
SET383-KR-NP-XS,3094.48,5,4112.0,4401.5,0,0
SET383-KR-NP-XXL,27350.95,46,746.0,616.0,0,0
SET383-KR-NP-XXXL,14720.0,24,1444.0,1377.5,0,0
SET384-KR-NP-L,5725.0,9,2970.0,3188.5,0,0
SET384-KR-NP-M,7511.95,12,2476.0,2615.5,0,0
SET384-KR-NP-S,5609.0,10,3011.5,2967.0,0,0
SET384-KR-NP-XL,8743.9,15,2224.0,2166.0,0,0
SET384-KR-NP-XS,1230.0,2,5633.0,5959.0,0,0
SET384-KR-NP-XXL,6656.48,11,2682.0,2774.0,0,0
SET384-KR-NP-XXXL,11105.48,18,1839.0,1819.5,0,0
SET385-KR-NP-L,15600.9,25,1370.0,1307.0,0,0
SET385-KR-NP-M,24556.48,39,854.0,761.5,0,0
SET385-KR-NP-S,4886.0,9,3283.0,3188.5,0,0
SET385-KR-NP-XL,18816.0,30,1133.0,1061.0,0,0
SET385-KR-NP-XS,3702.0,6,3778.0,4040.0,0,0
SET385-KR-NP-XXL,13002.57,21,1608.0,1576.5,0,0
SET385-KR-NP-XXXL,12561.85,21,1658.0,1576.5,0,0
SET386-KR-NP-L,20010.0,32,1055.0,982.0,0,0
SET386-KR-NP-M,17832.38,29,1206.0,1109.0,0,0
SET386-KR-NP-S,12188.86,21,1707.0,1576.5,0,0
SET386-KR-NP-XL,4935.95,8,3266.0,3433.0,0,0
SET386-KR-NP-XS,7516.0,12,2475.0,2615.5,0,0
SET386-KR-NP-XXL,16761.33,27,1292.0,1190.5,0,0
SET386-KR-NP-XXXL,10542.48,17,1928.0,1923.5,0,0
SET388-KR-NP-L,18992.0,17,1121.0,1923.5,0,0
SET388-KR-NP-M,2759.0,2,4335.0,5959.0,0,0
SET388-KR-NP-S,20165.0,17,1050.0,1923.5,0,0
SET388-KR-NP-XL,20440.0,15,1037.0,2166.0,0,0
SET388-KR-NP-XS,30462.82,24,631.0,1377.5,0,0
SET388-KR-NP-XXL,49029.82,40,312.0,740.0,0,0
SET388-KR-NP-XXXL,60426.39,48,214.0,584.5,0,0
SET389-KR-NP-L,30091.43,47,647.0,601.0,0,0
SET389-KR-NP-M,19698.04,30,1072.0,1061.0,0,0
SET389-KR-NP-S,22786.8,36,939.0,849.5,0,0
SET389-KR-NP-XL,36807.48,57,486.0,447.0,0,0
SET389-KR-NP-XS,9968.14,15,2013.0,2166.0,0,0
SET389-KR-NP-XXL,32919.62,50,572.0,554.5,0,0
SET389-KR-NP-XXXL,14788.28,22,1435.0,1507.5,0,0
SET390-KR-NP-L,13603.0,15,1544.0,2166.0,0,0
SET390-KR-NP-M,5500.0,6,3057.0,4040.0,0,0
SET390-KR-NP-S,882.0,1,6121.5,6746.5,0,0
SET390-KR-NP-XL,5643.0,7,2998.0,3717.5,0,0
SET390-KR-NP-XS,4224.0,5,3537.0,4401.5,0,0
SET390-KR-NP-XXL,3225.0,5,4041.5,4401.5,0,0
SET390-KR-NP-XXXL,8029.0,9,2367.0,3188.5,0,0
SET392-KR-NP-L,51443.95,69,284.0,328.5,0,0
SET392-KR-NP-M,109760.08,143,67.0,99.5,0,0
SET392-KR-NP-S,48457.85,64,319.0,374.0,0,0
SET392-KR-NP-XL,48923.9,64,313.0,374.0,0,0
SET392-KR-NP-XS,37493.96,48,472.0,584.5,0,0
SET392-KR-NP-XXL,32349.0,43,583.0,676.0,0,0
SET392-KR-NP-XXXL,19645.95,26,1076.0,1247.0,0,0
SET393-KR-NP-L,27838.0,31,719.0,1019.5,0,0
SET393-KR-NP-M,23980.43,24,886.0,1377.5,0,0
SET393-KR-NP-S,53343.65,58,270.0,435.5,0,0
SET393-KR-NP-XL,17033.86,18,1268.0,1819.5,0,0
SET393-KR-NP-XS,66422.72,67,191.0,345.0,0,0
SET393-KR-NP-XXL,49637.93,51,307.0,540.5,0,0
SET393-KR-NP-XXXL,58496.37,64,228.0,374.0,0,0
SET394-KR-NP-L,28982.57,26,680.0,1247.0,0,0
SET394-KR-NP-M,24326.14,24,870.0,1377.5,0,0
SET394-KR-NP-S,29726.57,26,662.0,1247.0,0,0
SET394-KR-NP-XL,19461.71,18,1087.0,1819.5,0,0
SET394-KR-NP-XS,39593.14,36,432.0,849.5,0,0
SET394-KR-NP-XXL,9426.0,10,2111.0,2967.0,0,0
SET394-KR-NP-XXXL,12305.0,11,1694.0,2774.0,0,0
SET395-KR-NP-L,16003.0,17,1344.0,1923.5,0,0
SET395-KR-NP-M,12462.0,14,1673.0,2308.0,0,0
SET395-KR-NP-S,2109.0,2,4807.0,5959.0,0,0
SET395-KR-NP-XL,8115.0,9,2348.0,3188.5,0,0
SET395-KR-NP-XS,7432.0,7,2494.0,3717.5,0,0
SET395-KR-NP-XXL,24509.0,26,859.0,1247.0,0,0
SET395-KR-NP-XXXL,15567.61,16,1371.0,2039.0,0,0
SET396-KR-PP-L,38696.71,40,448.0,740.0,0,0
SET396-KR-PP-M,48260.74,49,322.0,570.0,0,0
SET396-KR-PP-S,18126.85,19,1182.0,1731.0,0,0
SET396-KR-PP-XL,41748.8,44,403.0,657.0,0,0
SET396-KR-PP-XS,11556.95,13,1789.0,2460.0,0,0
SET396-KR-PP-XXL,27307.0,28,748.0,1147.0,0,0
SET396-KR-PP-XXXL,23800.0,26,895.0,1247.0,0,0
SET397-KR-NP  -M,175016.59,166,28.0,72.0,0,0
SET397-KR-NP-L,10719.0,9,1904.5,3188.5,0,0
SET397-KR-NP-S,118062.83,120,59.0,137.0,0,0
SET397-KR-NP-XL,76294.83,76,143.0,283.5,0,0
SET397-KR-NP-XS,84108.08,88,119.0,222.0,0,0
SET397-KR-NP-XXL,79543.72,74,134.0,298.0,0,0
SET397-KR-NP-XXXL,70255.93,75,171.0,290.5,0,0
SET398-KR-PP-L,68149.16,62,186.0,393.5,0,0
SET398-KR-PP-M,77224.48,69,140.0,328.5,0,0
SET398-KR-PP-S,71574.2,64,161.0,374.0,0,0
SET398-KR-PP-XL,68656.42,64,180.0,374.0,0,0
SET398-KR-PP-XS,37555.86,32,470.0,982.0,0,0
SET398-KR-PP-XXL,97223.93,86,91.0,230.5,0,0
SET398-KR-PP-XXXL,68155.54,61,185.0,402.5,0,0
SET400-KR-NP-L,41212.57,38,411.0,786.5,0,0
SET400-KR-NP-M,19065.71,18,1113.0,1819.5,0,0
SET400-KR-NP-S,12475.0,12,1671.0,2615.5,0,0
SET400-KR-NP-XL,26275.57,26,782.0,1247.0,0,0
SET400-KR-NP-XS,5712.0,5,2974.0,4401.5,0,0
SET400-KR-NP-XXL,18954.57,18,1124.0,1819.5,0,0
SET400-KR-NP-XXXL,18140.0,16,1179.0,2039.0,0,0
SET401-KR-NP-L,35952.29,37,493.0,816.5,0,0
SET401-KR-NP-M,26425.0,26,776.0,1247.0,0,0
SET401-KR-NP-S,11968.0,13,1738.0,2460.0,0,0
SET401-KR-NP-XL,20905.43,23,1016.0,1445.0,0,0
SET401-KR-NP-XS,6809.29,7,2641.0,3717.5,0,0
SET401-KR-NP-XXL,20059.43,21,1052.0,1576.5,0,0
SET401-KR-NP-XXXL,24031.86,25,883.0,1307.0,0,0
SET402-KR-NP-L,45597.23,46,352.0,616.0,0,0
SET402-KR-NP-M,45143.33,48,361.0,584.5,0,0
SET402-KR-NP-S,20344.0,20,1041.0,1651.5,0,0
SET402-KR-NP-XL,35403.75,35,514.0,881.0,0,0
SET402-KR-NP-XS,6041.95,6,2859.0,4040.0,0,0
SET402-KR-NP-XXL,31166.89,34,612.0,912.5,0,0
SET402-KR-NP-XXXL,43810.9,45,379.0,637.0,0,0
SET403-KR-NP-L,5964.0,6,2885.5,4040.0,0,0
SET403-KR-NP-M,2997.0,3,4181.0,5335.5,0,0
SET403-KR-NP-S,3831.0,4,3721.0,4820.5,0,0
SET403-KR-NP-XL,15383.0,15,1385.0,2166.0,0,0
SET403-KR-NP-XXL,3996.0,5,3628.0,4401.5,0,0
SET403-KR-NP-XXXL,2997.0,3,4181.0,5335.5,0,0
SET404-KR-NP-L,7724.0,6,2435.0,4040.0,0,0
SET404-KR-NP-M,5326.0,4,3117.0,4820.5,0,0
SET404-KR-NP-S,7050.0,6,2583.0,4040.0,0,0
SET404-KR-NP-XL,8249.0,7,2321.0,3717.5,0,0
SET404-KR-NP-XS,4657.0,3,3365.0,5335.5,0,0
SET404-KR-NP-XXL,8393.0,7,2290.0,3717.5,0,0
SET404-KR-NP-XXXL,7061.0,7,2582.0,3717.5,0,0
SET405-KR-NP-L,36140.0,50,490.0,554.5,0,0
SET405-KR-NP-M,40339.0,55,420.0,474.0,0,0
SET405-KR-NP-S,17523.96,24,1233.0,1377.5,0,0
SET405-KR-NP-XL,33899.48,47,547.0,601.0,0,0
SET405-KR-NP-XS,12921.0,17,1624.0,1923.5,0,0
SET405-KR-NP-XXL,14337.0,19,1476.0,1731.0,0,0
SET405-KR-NP-XXXL,14660.0,20,1449.0,1651.5,0,0
SET408-KR-NP-L,7147.0,14,2563.0,2308.0,0,0
SET408-KR-NP-M,11962.0,23,1740.0,1445.0,0,0
SET408-KR-NP-S,7474.0,15,2483.0,2166.0,0,0
SET408-KR-NP-XL,12772.0,26,1636.0,1247.0,0,0
SET408-KR-NP-XS,3805.0,7,3730.0,3717.5,0,0
SET408-KR-NP-XXL,5845.48,11,2928.0,2774.0,0,0
SET408-KR-NP-XXXL,19316.19,38,1097.0,786.5,0,0
SET409-KR-NP-L,2824.0,4,4296.5,4820.5,0,0
SET409-KR-NP-M,7757.0,11,2424.0,2774.0,0,0
SET409-KR-NP-S,1923.0,4,4973.0,4820.5,0,0
SET409-KR-NP-XL,1923.0,3,4973.0,5335.5,0,0
SET409-KR-NP-XS,1904.0,3,4987.5,5335.5,0,0
SET409-KR-NP-XXL,1246.0,2,5612.5,5959.0,0,0
SET409-KR-NP-XXXL,1282.0,2,5579.5,5959.0,0,0
SET410-KR-NP-L,5137.0,9,3181.0,3188.5,0,0
SET410-KR-NP-M,599.0,1,6553.0,6746.5,0,1
SET410-KR-NP-S,534.0,1,6653.0,6746.5,0,1
SET410-KR-NP-XL,1173.0,2,5721.0,5959.0,0,0
SET410-KR-NP-XS,1670.0,3,5182.0,5335.5,0,0
SET410-KR-NP-XXL,1068.0,2,5828.0,5959.0,0,0
SET410-KR-NP-XXXL,3374.0,6,3970.0,4040.0,0,0
SET413-KR-NP-L,12516.0,17,1662.0,1923.5,0,0
SET413-KR-NP-M,14336.0,19,1477.0,1731.0,0,0
SET413-KR-NP-S,9711.0,13,2053.0,2460.0,0,0
SET413-KR-NP-XL,9431.0,13,2109.0,2460.0,0,0
SET413-KR-NP-XS,9366.0,13,2123.0,2460.0,0,0
SET413-KR-NP-XXL,5986.0,8,2876.0,3433.0,0,0
SET413-KR-NP-XXXL,7838.67,11,2409.0,2774.0,0,0
SET414-KR-NP-L,6264.0,6,2793.0,4040.0,0,0
SET414-KR-NP-M,2603.0,3,4437.5,5335.5,0,0
SET414-KR-NP-S,1998.0,2,4898.5,5959.0,0,0
SET414-KR-NP-XL,9930.0,10,2021.0,2967.0,0,0
SET414-KR-NP-XS,3876.0,4,3697.5,4820.5,0,0
SET414-KR-NP-XXL,5934.0,6,2894.0,4040.0,0,0
SET414-KR-NP-XXXL,4995.0,5,3236.0,4401.5,0,0
SET415-KR-NP-L,8931.0,10,2192.5,2967.0,0,0
SET415-KR-NP-M,7992.0,8,2377.5,3433.0,0,0
SET415-KR-NP-S,999.0,1,5926.0,6746.5,0,0
SET415-KR-NP-XL,12413.0,15,1679.0,2166.0,0,0
SET415-KR-NP-XS,4995.0,5,3236.0,4401.5,0,0
SET415-KR-NP-XXL,2603.0,5,4437.5,4401.5,0,0
SET415-KR-NP-XXXL,8537.0,9,2271.0,3188.5,0,0
SET431-KR-NP-L,1798.0,2,5064.5,5959.0,0,0
SET431-KR-NP-M,4093.0,5,3591.0,4401.5,0,0
SET431-KR-NP-S,3140.0,4,4089.0,4820.5,0,0
SET431-KR-NP-XL,845.0,1,6173.5,6746.5,0,0
SET431-KR-NP-XS,1504.0,2,5347.5,5959.0,0,0
SET431-KR-NP-XXL,899.0,1,6086.0,6746.5,0,0
SET431-KR-NP-XXXL,1690.0,2,5168.0,5959.0,0,0
SET432-KR-PP-L,939.0,1,6036.5,6746.5,0,0
SET432-KR-PP-M,999.0,1,5926.0,6746.5,0,0
SET432-KR-PP-S,999.0,1,5926.0,6746.5,0,0
SET432-KR-PP-XL,939.0,1,6036.5,6746.5,0,0
SET432-KR-PP-XXL,999.0,1,5926.0,6746.5,0,0
SET433-KR-NP-L,8320.0,14,2305.0,2308.0,0,0
SET433-KR-NP-M,10706.0,19,1906.0,1731.0,0,0
SET433-KR-NP-S,5901.0,10,2912.0,2967.0,0,0
SET433-KR-NP-XL,9664.0,17,2063.0,1923.5,0,0
SET433-KR-NP-XS,7233.0,12,2539.0,2615.5,0,0
SET433-KR-NP-XXL,9531.0,17,2086.0,1923.5,0,0
SET433-KR-NP-XXXL,6803.0,12,2644.0,2615.5,0,0
SET435-KR-NP-L,25310.11,19,819.0,1731.0,0,0
SET435-KR-NP-M,24476.11,18,860.0,1819.5,0,0
SET435-KR-NP-S,11108.0,8,1838.0,3433.0,0,0
SET435-KR-NP-XL,19586.0,14,1081.0,2308.0,0,0
SET435-KR-NP-XS,6995.0,5,2596.5,4401.5,0,0
SET435-KR-NP-XXL,8142.0,6,2340.0,4040.0,0,0
SET435-KR-NP-XXXL,12962.11,10,1614.0,2967.0,0,0
SET436-KR-NP-L,14666.22,12,1447.0,2615.5,0,0
SET436-KR-NP-M,26227.33,19,786.0,1731.0,0,0
SET436-KR-NP-S,6911.0,5,2616.0,4401.5,0,0
SET436-KR-NP-XL,17057.0,13,1266.0,2460.0,0,0
SET436-KR-NP-XS,12507.0,9,1666.5,3188.5,0,0
SET436-KR-NP-XXL,15553.0,13,1372.0,2460.0,0,0
SET436-KR-NP-XXXL,36845.11,26,485.0,1247.0,0,0
SET437-KR-PP-L,1204.0,1,5657.0,6746.5,0,0
SET437-KR-PP-M,1204.0,1,5657.0,6746.5,0,0
SET437-KR-PP-S,1204.0,1,5657.0,6746.5,0,0
SET437-KR-PP-XXL,2485.0,2,4527.0,5959.0,0,0
SET437-KR-PP-XXXL,1281.0,1,5581.5,6746.5,0,0
SET438-KR-NP-M,2476.0,2,4534.5,5959.0,0,0
SET438-KR-NP-XL,2328.0,2,4644.5,5959.0,0,0
SET438-KR-NP-XXL,1238.0,1,5626.0,6746.5,0,0
SET442-KR-NP-L,771.0,1,6266.0,6746.5,0,0
SET442-KR-NP-M,771.0,1,6266.0,6746.5,0,0
SET442-KR-NP-XXXL,2313.0,2,4657.0,5959.0,0,0
SET444-KR-SH-L,8679.76,10,2240.0,2967.0,0,0
SET444-KR-SH-M,13833.76,16,1524.0,2039.0,0,0
SET444-KR-SH-S,8731.19,10,2227.0,2967.0,0,0
SET444-KR-SH-XL,10896.76,13,1877.0,2460.0,0,0
SET444-KR-SH-XS,5340.0,6,3105.5,4040.0,0,0
SET444-KR-SH-XXL,7888.76,9,2397.0,3188.5,0,0
SET444-KR-SH-XXXL,12878.19,15,1630.0,2166.0,0,0
SET445-KR-NP-S,1399.0,1,5468.5,6746.5,0,0
SET446-KR-NP-XS,1449.0,1,5427.5,6746.5,0,0
SET449-KR-NP-M,1449.0,1,5427.5,6746.5,0,0
SET449-KR-NP-S,1449.0,1,5427.5,6746.5,0,0
SET461-KR-NP-XL,1039.0,1,5862.0,6746.5,0,0
SET461-KR-NP-XS,769.0,1,6271.0,6746.5,0,0
SET461-KR-NP-XXL,1374.0,2,5486.0,5959.0,0,0
SET462-KR-NP-S,999.0,1,5926.0,6746.5,0,0
